solid 
 facet normal -1.435743e-17 -1.000000e+00 -3.400522e-32
   outer loop
     vertex  1.908070e+02 -4.127700e-01  0.000000e+00
     vertex  5.221140e+00 -4.127700e-01  4.000000e+00
     vertex  5.221140e+00 -4.127700e-01  0.000000e+00
   endloop
 endfacet
 facet normal -1.435743e-17 -1.000000e+00  0.000000e+00
   outer loop
     vertex  1.908070e+02 -4.127700e-01  0.000000e+00
     vertex  1.908070e+02 -4.127700e-01  4.000000e+00
     vertex  5.221140e+00 -4.127700e-01  4.000000e+00
   endloop
 endfacet
 facet normal  0.000000e+00  0.000000e+00 -1.000000e+00
   outer loop
     vertex  7.721140e+00  7.836890e+00  0.000000e+00
     vertex  2.304167e+00  5.262856e-01  0.000000e+00
     vertex  2.195269e+00  6.067647e-01  0.000000e+00
   endloop
 endfacet
 facet normal  0.000000e+00  0.000000e+00 -1.000000e+00
   outer loop
     vertex  7.721140e+00  7.836890e+00  0.000000e+00
     vertex  2.195269e+00  6.067647e-01  0.000000e+00
     vertex  2.088590e+00  6.901631e-01  0.000000e+00
   endloop
 endfacet
 facet normal  0.000000e+00  0.000000e+00 -1.000000e+00
   outer loop
     vertex  7.721140e+00  7.836890e+00  0.000000e+00
     vertex  2.088590e+00  6.901631e-01  0.000000e+00
     vertex  1.984209e+00  7.764197e-01  0.000000e+00
   endloop
 endfacet
 facet normal  0.000000e+00  0.000000e+00 -1.000000e+00
   outer loop
     vertex  7.721140e+00  7.836890e+00  0.000000e+00
     vertex  1.984209e+00  7.764197e-01  0.000000e+00
     vertex  1.882201e+00  8.654713e-01  0.000000e+00
   endloop
 endfacet
 facet normal  0.000000e+00  0.000000e+00 -1.000000e+00
   outer loop
     vertex  7.721140e+00  7.836890e+00  0.000000e+00
     vertex  1.882201e+00  8.654713e-01  0.000000e+00
     vertex  1.782643e+00  9.572525e-01  0.000000e+00
   endloop
 endfacet
 facet normal  0.000000e+00  0.000000e+00 -1.000000e+00
   outer loop
     vertex  7.721140e+00  7.836890e+00  0.000000e+00
     vertex  1.782643e+00  9.572525e-01  0.000000e+00
     vertex  1.685606e+00  1.051696e+00  0.000000e+00
   endloop
 endfacet
 facet normal  0.000000e+00  0.000000e+00 -1.000000e+00
   outer loop
     vertex  7.721140e+00  7.836890e+00  0.000000e+00
     vertex  1.685606e+00  1.051696e+00  0.000000e+00
     vertex  1.591163e+00  1.148733e+00  0.000000e+00
   endloop
 endfacet
 facet normal  0.000000e+00  0.000000e+00 -1.000000e+00
   outer loop
     vertex  7.721140e+00  7.836890e+00  0.000000e+00
     vertex  1.591163e+00  1.148733e+00  0.000000e+00
     vertex  1.499381e+00  1.248291e+00  0.000000e+00
   endloop
 endfacet
 facet normal  0.000000e+00  0.000000e+00 -1.000000e+00
   outer loop
     vertex  7.721140e+00  7.836890e+00  0.000000e+00
     vertex  1.499381e+00  1.248291e+00  0.000000e+00
     vertex  1.410330e+00  1.350299e+00  0.000000e+00
   endloop
 endfacet
 facet normal  0.000000e+00  0.000000e+00 -1.000000e+00
   outer loop
     vertex  7.721140e+00  7.836890e+00  0.000000e+00
     vertex  1.410330e+00  1.350299e+00  0.000000e+00
     vertex  1.324073e+00  1.454680e+00  0.000000e+00
   endloop
 endfacet
 facet normal  0.000000e+00  0.000000e+00 -1.000000e+00
   outer loop
     vertex  7.721140e+00  7.836890e+00  0.000000e+00
     vertex  1.324073e+00  1.454680e+00  0.000000e+00
     vertex  1.240675e+00  1.561359e+00  0.000000e+00
   endloop
 endfacet
 facet normal  0.000000e+00  0.000000e+00 -1.000000e+00
   outer loop
     vertex  7.721140e+00  7.836890e+00  0.000000e+00
     vertex  1.240675e+00  1.561359e+00  0.000000e+00
     vertex  1.160196e+00  1.670257e+00  0.000000e+00
   endloop
 endfacet
 facet normal  0.000000e+00  0.000000e+00 -1.000000e+00
   outer loop
     vertex  7.721140e+00  7.836890e+00  0.000000e+00
     vertex  1.160196e+00  1.670257e+00  0.000000e+00
     vertex  1.082695e+00  1.781295e+00  0.000000e+00
   endloop
 endfacet
 facet normal  0.000000e+00  0.000000e+00 -1.000000e+00
   outer loop
     vertex  7.721140e+00  7.836890e+00  0.000000e+00
     vertex  1.082695e+00  1.781295e+00  0.000000e+00
     vertex  1.008230e+00  1.894390e+00  0.000000e+00
   endloop
 endfacet
 facet normal  0.000000e+00  0.000000e+00 -1.000000e+00
   outer loop
     vertex  7.721140e+00  7.836890e+00  0.000000e+00
     vertex  1.008230e+00  1.894390e+00  0.000000e+00
     vertex  9.368541e-01  2.009461e+00  0.000000e+00
   endloop
 endfacet
 facet normal  0.000000e+00  0.000000e+00 -1.000000e+00
   outer loop
     vertex  7.721140e+00  7.836890e+00  0.000000e+00
     vertex  9.368541e-01  2.009461e+00  0.000000e+00
     vertex  8.686208e-01  2.126422e+00  0.000000e+00
   endloop
 endfacet
 facet normal  0.000000e+00  0.000000e+00 -1.000000e+00
   outer loop
     vertex  7.721140e+00  7.836890e+00  0.000000e+00
     vertex  8.686208e-01  2.126422e+00  0.000000e+00
     vertex  8.035798e-01  2.245188e+00  0.000000e+00
   endloop
 endfacet
 facet normal  0.000000e+00  0.000000e+00 -1.000000e+00
   outer loop
     vertex  7.721140e+00  7.836890e+00  0.000000e+00
     vertex  8.035798e-01  2.245188e+00  0.000000e+00
     vertex  7.417787e-01  2.365671e+00  0.000000e+00
   endloop
 endfacet
 facet normal  0.000000e+00  0.000000e+00 -1.000000e+00
   outer loop
     vertex  7.721140e+00  7.836890e+00  0.000000e+00
     vertex  7.417787e-01  2.365671e+00  0.000000e+00
     vertex  6.832629e-01  2.487784e+00  0.000000e+00
   endloop
 endfacet
 facet normal  0.000000e+00  0.000000e+00 -1.000000e+00
   outer loop
     vertex  7.721140e+00  7.836890e+00  0.000000e+00
     vertex  6.832629e-01  2.487784e+00  0.000000e+00
     vertex  6.280753e-01  2.611437e+00  0.000000e+00
   endloop
 endfacet
 facet normal  0.000000e+00  0.000000e+00 -1.000000e+00
   outer loop
     vertex  7.721140e+00  7.836890e+00  0.000000e+00
     vertex  6.280753e-01  2.611437e+00  0.000000e+00
     vertex  5.762564e-01  2.736539e+00  0.000000e+00
   endloop
 endfacet
 facet normal  0.000000e+00  0.000000e+00 -1.000000e+00
   outer loop
     vertex  7.721140e+00  7.836890e+00  0.000000e+00
     vertex  5.762564e-01  2.736539e+00  0.000000e+00
     vertex  5.278442e-01  2.862998e+00  0.000000e+00
   endloop
 endfacet
 facet normal  0.000000e+00  0.000000e+00 -1.000000e+00
   outer loop
     vertex  7.721140e+00  7.836890e+00  0.000000e+00
     vertex  5.278442e-01  2.862998e+00  0.000000e+00
     vertex  4.828741e-01  2.990722e+00  0.000000e+00
   endloop
 endfacet
 facet normal  0.000000e+00  0.000000e+00 -1.000000e+00
   outer loop
     vertex  7.721140e+00  7.836890e+00  0.000000e+00
     vertex  4.828741e-01  2.990722e+00  0.000000e+00
     vertex  4.413793e-01  3.119617e+00  0.000000e+00
   endloop
 endfacet
 facet normal  0.000000e+00  0.000000e+00 -1.000000e+00
   outer loop
     vertex  7.721140e+00  7.836890e+00  0.000000e+00
     vertex  4.413793e-01  3.119617e+00  0.000000e+00
     vertex  4.033900e-01  3.249588e+00  0.000000e+00
   endloop
 endfacet
 facet normal  0.000000e+00  0.000000e+00 -1.000000e+00
   outer loop
     vertex  7.721140e+00  7.836890e+00  0.000000e+00
     vertex  4.033900e-01  3.249588e+00  0.000000e+00
     vertex  3.689343e-01  3.380541e+00  0.000000e+00
   endloop
 endfacet
 facet normal  0.000000e+00  0.000000e+00 -1.000000e+00
   outer loop
     vertex  7.721140e+00  7.836890e+00  0.000000e+00
     vertex  3.689343e-01  3.380541e+00  0.000000e+00
     vertex  3.380372e-01  3.512378e+00  0.000000e+00
   endloop
 endfacet
 facet normal  0.000000e+00  0.000000e+00 -1.000000e+00
   outer loop
     vertex  7.721140e+00  7.836890e+00  0.000000e+00
     vertex  3.380372e-01  3.512378e+00  0.000000e+00
     vertex  3.107216e-01  3.645003e+00  0.000000e+00
   endloop
 endfacet
 facet normal  0.000000e+00  0.000000e+00 -1.000000e+00
   outer loop
     vertex  7.721140e+00  7.836890e+00  0.000000e+00
     vertex  3.107216e-01  3.645003e+00  0.000000e+00
     vertex  2.870074e-01  3.778320e+00  0.000000e+00
   endloop
 endfacet
 facet normal  0.000000e+00  0.000000e+00 -1.000000e+00
   outer loop
     vertex  7.721140e+00  7.836890e+00  0.000000e+00
     vertex  2.870074e-01  3.778320e+00  0.000000e+00
     vertex  2.669120e-01  3.912230e+00  0.000000e+00
   endloop
 endfacet
 facet normal  0.000000e+00  0.000000e+00 -1.000000e+00
   outer loop
     vertex  7.721140e+00  7.836890e+00  0.000000e+00
     vertex  2.669120e-01  3.912230e+00  0.000000e+00
     vertex  2.504502e-01  4.046635e+00  0.000000e+00
   endloop
 endfacet
 facet normal  0.000000e+00  0.000000e+00 -1.000000e+00
   outer loop
     vertex  7.721140e+00  7.836890e+00  0.000000e+00
     vertex  2.504502e-01  4.046635e+00  0.000000e+00
     vertex  2.376341e-01  4.181436e+00  0.000000e+00
   endloop
 endfacet
 facet normal  0.000000e+00  0.000000e+00 -1.000000e+00
   outer loop
     vertex  7.721140e+00  7.836890e+00  0.000000e+00
     vertex  2.376341e-01  4.181436e+00  0.000000e+00
     vertex  2.284729e-01  4.316535e+00  0.000000e+00
   endloop
 endfacet
 facet normal  0.000000e+00  0.000000e+00 -1.000000e+00
   outer loop
     vertex  7.721140e+00  7.836890e+00  0.000000e+00
     vertex  2.284729e-01  4.316535e+00  0.000000e+00
     vertex  2.229736e-01  4.451833e+00  0.000000e+00
   endloop
 endfacet
 facet normal  0.000000e+00  0.000000e+00 -1.000000e+00
   outer loop
     vertex  7.721140e+00  7.836890e+00  0.000000e+00
     vertex  2.229736e-01  4.451833e+00  0.000000e+00
     vertex  2.211400e-01  4.587230e+00  0.000000e+00
   endloop
 endfacet
 facet normal  0.000000e+00  0.000000e+00 -1.000000e+00
   outer loop
     vertex  7.721140e+00  7.836890e+00  0.000000e+00
     vertex  5.221140e+00 -4.127700e-01  0.000000e+00
     vertex  5.085743e+00 -4.109364e-01  0.000000e+00
   endloop
 endfacet
 facet normal  0.000000e+00  0.000000e+00 -1.000000e+00
   outer loop
     vertex  7.721140e+00  7.836890e+00  0.000000e+00
     vertex  5.085743e+00 -4.109364e-01  0.000000e+00
     vertex  4.950445e+00 -4.054371e-01  0.000000e+00
   endloop
 endfacet
 facet normal  0.000000e+00  0.000000e+00 -1.000000e+00
   outer loop
     vertex  7.721140e+00  7.836890e+00  0.000000e+00
     vertex  4.950445e+00 -4.054371e-01  0.000000e+00
     vertex  4.815346e+00 -3.962759e-01  0.000000e+00
   endloop
 endfacet
 facet normal  0.000000e+00  0.000000e+00 -1.000000e+00
   outer loop
     vertex  7.721140e+00  7.836890e+00  0.000000e+00
     vertex  4.815346e+00 -3.962759e-01  0.000000e+00
     vertex  4.680545e+00 -3.834598e-01  0.000000e+00
   endloop
 endfacet
 facet normal  0.000000e+00  0.000000e+00 -1.000000e+00
   outer loop
     vertex  7.721140e+00  7.836890e+00  0.000000e+00
     vertex  4.680545e+00 -3.834598e-01  0.000000e+00
     vertex  4.546140e+00 -3.669980e-01  0.000000e+00
   endloop
 endfacet
 facet normal  0.000000e+00  0.000000e+00 -1.000000e+00
   outer loop
     vertex  7.721140e+00  7.836890e+00  0.000000e+00
     vertex  4.546140e+00 -3.669980e-01  0.000000e+00
     vertex  4.412230e+00 -3.469026e-01  0.000000e+00
   endloop
 endfacet
 facet normal  0.000000e+00  0.000000e+00 -1.000000e+00
   outer loop
     vertex  7.721140e+00  7.836890e+00  0.000000e+00
     vertex  4.412230e+00 -3.469026e-01  0.000000e+00
     vertex  4.278913e+00 -3.231884e-01  0.000000e+00
   endloop
 endfacet
 facet normal  0.000000e+00  0.000000e+00 -1.000000e+00
   outer loop
     vertex  7.721140e+00  7.836890e+00  0.000000e+00
     vertex  4.278913e+00 -3.231884e-01  0.000000e+00
     vertex  4.146288e+00 -2.958728e-01  0.000000e+00
   endloop
 endfacet
 facet normal  0.000000e+00  0.000000e+00 -1.000000e+00
   outer loop
     vertex  7.721140e+00  7.836890e+00  0.000000e+00
     vertex  4.146288e+00 -2.958728e-01  0.000000e+00
     vertex  4.014451e+00 -2.649757e-01  0.000000e+00
   endloop
 endfacet
 facet normal  0.000000e+00  0.000000e+00 -1.000000e+00
   outer loop
     vertex  7.721140e+00  7.836890e+00  0.000000e+00
     vertex  4.014451e+00 -2.649757e-01  0.000000e+00
     vertex  3.883498e+00 -2.305200e-01  0.000000e+00
   endloop
 endfacet
 facet normal  0.000000e+00  0.000000e+00 -1.000000e+00
   outer loop
     vertex  7.721140e+00  7.836890e+00  0.000000e+00
     vertex  3.883498e+00 -2.305200e-01  0.000000e+00
     vertex  3.753527e+00 -1.925307e-01  0.000000e+00
   endloop
 endfacet
 facet normal  0.000000e+00  0.000000e+00 -1.000000e+00
   outer loop
     vertex  7.721140e+00  7.836890e+00  0.000000e+00
     vertex  3.753527e+00 -1.925307e-01  0.000000e+00
     vertex  3.624632e+00 -1.510359e-01  0.000000e+00
   endloop
 endfacet
 facet normal  0.000000e+00  0.000000e+00 -1.000000e+00
   outer loop
     vertex  7.721140e+00  7.836890e+00  0.000000e+00
     vertex  3.624632e+00 -1.510359e-01  0.000000e+00
     vertex  3.496908e+00 -1.060658e-01  0.000000e+00
   endloop
 endfacet
 facet normal  0.000000e+00  0.000000e+00 -1.000000e+00
   outer loop
     vertex  7.721140e+00  7.836890e+00  0.000000e+00
     vertex  3.496908e+00 -1.060658e-01  0.000000e+00
     vertex  3.370449e+00 -5.765360e-02  0.000000e+00
   endloop
 endfacet
 facet normal  0.000000e+00  0.000000e+00 -1.000000e+00
   outer loop
     vertex  7.721140e+00  7.836890e+00  0.000000e+00
     vertex  3.370449e+00 -5.765360e-02  0.000000e+00
     vertex  3.245347e+00 -5.834689e-03  0.000000e+00
   endloop
 endfacet
 facet normal  0.000000e+00  0.000000e+00 -1.000000e+00
   outer loop
     vertex  7.721140e+00  7.836890e+00  0.000000e+00
     vertex  3.245347e+00 -5.834689e-03  0.000000e+00
     vertex  3.121694e+00  4.935290e-02  0.000000e+00
   endloop
 endfacet
 facet normal  0.000000e+00  0.000000e+00 -1.000000e+00
   outer loop
     vertex  7.721140e+00  7.836890e+00  0.000000e+00
     vertex  3.121694e+00  4.935290e-02  0.000000e+00
     vertex  2.999581e+00  1.078687e-01  0.000000e+00
   endloop
 endfacet
 facet normal  0.000000e+00  0.000000e+00 -1.000000e+00
   outer loop
     vertex  7.721140e+00  7.836890e+00  0.000000e+00
     vertex  2.999581e+00  1.078687e-01  0.000000e+00
     vertex  2.879098e+00  1.696698e-01  0.000000e+00
   endloop
 endfacet
 facet normal  0.000000e+00  0.000000e+00 -1.000000e+00
   outer loop
     vertex  7.721140e+00  7.836890e+00  0.000000e+00
     vertex  2.879098e+00  1.696698e-01  0.000000e+00
     vertex  2.760332e+00  2.347108e-01  0.000000e+00
   endloop
 endfacet
 facet normal  0.000000e+00  0.000000e+00 -1.000000e+00
   outer loop
     vertex  7.721140e+00  7.836890e+00  0.000000e+00
     vertex  2.760332e+00  2.347108e-01  0.000000e+00
     vertex  2.643371e+00  3.029441e-01  0.000000e+00
   endloop
 endfacet
 facet normal  0.000000e+00  0.000000e+00 -1.000000e+00
   outer loop
     vertex  7.721140e+00  7.836890e+00  0.000000e+00
     vertex  2.643371e+00  3.029441e-01  0.000000e+00
     vertex  2.528300e+00  3.743196e-01  0.000000e+00
   endloop
 endfacet
 facet normal  0.000000e+00  0.000000e+00 -1.000000e+00
   outer loop
     vertex  7.721140e+00  7.836890e+00  0.000000e+00
     vertex  2.528300e+00  3.743196e-01  0.000000e+00
     vertex  2.415205e+00  4.487850e-01  0.000000e+00
   endloop
 endfacet
 facet normal  0.000000e+00  0.000000e+00 -1.000000e+00
   outer loop
     vertex  7.721140e+00  7.836890e+00  0.000000e+00
     vertex  2.415205e+00  4.487850e-01  0.000000e+00
     vertex  2.304167e+00  5.262856e-01  0.000000e+00
   endloop
 endfacet
 facet normal -0.000000e+00  0.000000e+00 -1.000000e+00
   outer loop
     vertex  2.162010e+01  7.836890e+00  0.000000e+00
     vertex  5.221140e+00 -4.127700e-01  0.000000e+00
     vertex  7.721140e+00  7.836890e+00  0.000000e+00
   endloop
 endfacet
 facet normal  0.000000e+00 -0.000000e+00 -1.000000e+00
   outer loop
     vertex  7.721140e+00  2.173720e+01  0.000000e+00
     vertex  7.721140e+00  7.836890e+00  0.000000e+00
     vertex  2.211400e-01  4.587230e+00  0.000000e+00
   endloop
 endfacet
 facet normal  0.000000e+00 -0.000000e+00 -1.000000e+00
   outer loop
     vertex  7.721140e+00  2.688690e+01  0.000000e+00
     vertex  7.721140e+00  2.173720e+01  0.000000e+00
     vertex  2.211400e-01  4.587230e+00  0.000000e+00
   endloop
 endfacet
 facet normal  0.000000e+00  0.000000e+00 -1.000000e+00
   outer loop
     vertex  2.162010e+01  2.173720e+01  0.000000e+00
     vertex  7.721140e+00  2.173720e+01  0.000000e+00
     vertex  7.721140e+00  2.688690e+01  0.000000e+00
   endloop
 endfacet
 facet normal -0.000000e+00  0.000000e+00 -1.000000e+00
   outer loop
     vertex  3.688860e+01  7.087230e+00  0.000000e+00
     vertex  5.221140e+00 -4.127700e-01  0.000000e+00
     vertex  2.162010e+01  7.836890e+00  0.000000e+00
   endloop
 endfacet
 facet normal  0.000000e+00  0.000000e+00 -1.000000e+00
   outer loop
     vertex  3.688860e+01  7.087230e+00  0.000000e+00
     vertex  2.162010e+01  7.836890e+00  0.000000e+00
     vertex  3.516340e+01  8.067040e+00  0.000000e+00
   endloop
 endfacet
 facet normal -0.000000e+00 -0.000000e+00 -1.000000e+00
   outer loop
     vertex  3.688860e+01  8.067040e+00  0.000000e+00
     vertex  3.688860e+01  7.087230e+00  0.000000e+00
     vertex  3.516340e+01  8.067040e+00  0.000000e+00
   endloop
 endfacet
 facet normal -0.000000e+00  0.000000e+00 -1.000000e+00
   outer loop
     vertex  4.008860e+01  7.087230e+00  0.000000e+00
     vertex  5.221140e+00 -4.127700e-01  0.000000e+00
     vertex  3.688860e+01  7.087230e+00  0.000000e+00
   endloop
 endfacet
 facet normal -0.000000e+00 -0.000000e+00 -1.000000e+00
   outer loop
     vertex  2.162010e+01  2.688690e+01  0.000000e+00
     vertex  2.162010e+01  2.173720e+01  0.000000e+00
     vertex  7.721140e+00  2.688690e+01  0.000000e+00
   endloop
 endfacet
 facet normal  0.000000e+00 -0.000000e+00 -1.000000e+00
   outer loop
     vertex  7.721140e+00  4.078710e+01  0.000000e+00
     vertex  7.721140e+00  2.688690e+01  0.000000e+00
     vertex  2.211400e-01  4.587230e+00  0.000000e+00
   endloop
 endfacet
 facet normal -0.000000e+00  0.000000e+00 -1.000000e+00
   outer loop
     vertex  3.433790e+01  1.433710e+01  0.000000e+00
     vertex  2.162010e+01  7.836890e+00  0.000000e+00
     vertex  2.162010e+01  2.173720e+01  0.000000e+00
   endloop
 endfacet
 facet normal  0.000000e+00 -0.000000e+00 -1.000000e+00
   outer loop
     vertex  3.433790e+01  1.433710e+01  0.000000e+00
     vertex  3.516340e+01  8.067040e+00  0.000000e+00
     vertex  2.162010e+01  7.836890e+00  0.000000e+00
   endloop
 endfacet
 facet normal -0.000000e+00 -0.000000e+00 -1.000000e+00
   outer loop
     vertex  3.516340e+01  1.433710e+01  0.000000e+00
     vertex  3.516340e+01  8.067040e+00  0.000000e+00
     vertex  3.433790e+01  1.433710e+01  0.000000e+00
   endloop
 endfacet
 facet normal -0.000000e+00  0.000000e+00 -1.000000e+00
   outer loop
     vertex  4.181370e+01  8.067040e+00  0.000000e+00
     vertex  4.008860e+01  7.087230e+00  0.000000e+00
     vertex  4.008860e+01  8.067040e+00  0.000000e+00
   endloop
 endfacet
 facet normal -0.000000e+00  0.000000e+00 -1.000000e+00
   outer loop
     vertex  4.343860e+01  7.836890e+00  0.000000e+00
     vertex  4.008860e+01  7.087230e+00  0.000000e+00
     vertex  4.181370e+01  8.067040e+00  0.000000e+00
   endloop
 endfacet
 facet normal -0.000000e+00 -0.000000e+00 -1.000000e+00
   outer loop
     vertex  3.433790e+01  1.703670e+01  0.000000e+00
     vertex  3.433790e+01  1.433710e+01  0.000000e+00
     vertex  2.162010e+01  2.173720e+01  0.000000e+00
   endloop
 endfacet
 facet normal  0.000000e+00 -0.000000e+00 -1.000000e+00
   outer loop
     vertex  2.677110e+01  2.688690e+01  0.000000e+00
     vertex  3.433790e+01  1.703670e+01  0.000000e+00
     vertex  2.162010e+01  2.173720e+01  0.000000e+00
   endloop
 endfacet
 facet normal -0.000000e+00  0.000000e+00 -1.000000e+00
   outer loop
     vertex  2.677110e+01  2.688690e+01  0.000000e+00
     vertex  2.162010e+01  2.173720e+01  0.000000e+00
     vertex  2.162010e+01  2.688690e+01  0.000000e+00
   endloop
 endfacet
 facet normal -0.000000e+00  0.000000e+00 -1.000000e+00
   outer loop
     vertex  3.516340e+01  2.026680e+01  0.000000e+00
     vertex  3.433790e+01  1.703670e+01  0.000000e+00
     vertex  2.677110e+01  2.688690e+01  0.000000e+00
   endloop
 endfacet
 facet normal  0.000000e+00 -0.000000e+00 -1.000000e+00
   outer loop
     vertex  3.516340e+01  2.026680e+01  0.000000e+00
     vertex  3.516340e+01  1.703670e+01  0.000000e+00
     vertex  3.433790e+01  1.703670e+01  0.000000e+00
   endloop
 endfacet
 facet normal  0.000000e+00 -0.000000e+00 -1.000000e+00
   outer loop
     vertex  4.343860e+01  1.253740e+01  0.000000e+00
     vertex  4.343860e+01  7.836890e+00  0.000000e+00
     vertex  4.181370e+01  8.067040e+00  0.000000e+00
   endloop
 endfacet
 facet normal -0.000000e+00  0.000000e+00 -1.000000e+00
   outer loop
     vertex  4.343860e+01  1.253740e+01  0.000000e+00
     vertex  4.181370e+01  8.067040e+00  0.000000e+00
     vertex  4.181370e+01  1.253740e+01  0.000000e+00
   endloop
 endfacet
 facet normal  0.000000e+00 -0.000000e+00 -1.000000e+00
   outer loop
     vertex  3.688860e+01  2.118730e+01  0.000000e+00
     vertex  3.688860e+01  2.026680e+01  0.000000e+00
     vertex  3.516340e+01  2.026680e+01  0.000000e+00
   endloop
 endfacet
 facet normal -0.000000e+00  0.000000e+00 -1.000000e+00
   outer loop
     vertex  3.688860e+01  2.118730e+01  0.000000e+00
     vertex  3.516340e+01  2.026680e+01  0.000000e+00
     vertex  2.677110e+01  2.688690e+01  0.000000e+00
   endloop
 endfacet
 facet normal  0.000000e+00  0.000000e+00 -1.000000e+00
   outer loop
     vertex  4.181370e+01  2.026680e+01  0.000000e+00
     vertex  4.343860e+01  1.703670e+01  0.000000e+00
     vertex  4.181370e+01  1.703670e+01  0.000000e+00
   endloop
 endfacet
 facet normal  0.000000e+00  0.000000e+00 -1.000000e+00
   outer loop
     vertex  4.181370e+01  2.026680e+01  0.000000e+00
     vertex  4.008860e+01  2.026680e+01  0.000000e+00
     vertex  4.008860e+01  2.118730e+01  0.000000e+00
   endloop
 endfacet
 facet normal  0.000000e+00 -0.000000e+00 -1.000000e+00
   outer loop
     vertex  1.724610e+01  4.593700e+01  0.000000e+00
     vertex  2.162010e+01  4.078710e+01  0.000000e+00
     vertex  7.721140e+00  4.078710e+01  0.000000e+00
   endloop
 endfacet
 facet normal  0.000000e+00  0.000000e+00 -1.000000e+00
   outer loop
     vertex  4.343860e+01  2.173720e+01  0.000000e+00
     vertex  4.181370e+01  2.026680e+01  0.000000e+00
     vertex  4.008860e+01  2.118730e+01  0.000000e+00
   endloop
 endfacet
 facet normal  0.000000e+00 -0.000000e+00 -1.000000e+00
   outer loop
     vertex  4.343860e+01  2.173720e+01  0.000000e+00
     vertex  4.343860e+01  1.703670e+01  0.000000e+00
     vertex  4.181370e+01  2.026680e+01  0.000000e+00
   endloop
 endfacet
 facet normal -0.000000e+00  0.000000e+00 -1.000000e+00
   outer loop
     vertex  4.067000e+01  2.688690e+01  0.000000e+00
     vertex  3.688860e+01  2.118730e+01  0.000000e+00
     vertex  2.677110e+01  2.688690e+01  0.000000e+00
   endloop
 endfacet
 facet normal  0.000000e+00 -0.000000e+00 -1.000000e+00
   outer loop
     vertex  4.067000e+01  2.688690e+01  0.000000e+00
     vertex  4.343860e+01  2.173720e+01  0.000000e+00
     vertex  4.008860e+01  2.118730e+01  0.000000e+00
   endloop
 endfacet
 facet normal  0.000000e+00  0.000000e+00 -1.000000e+00
   outer loop
     vertex  4.067000e+01  2.688690e+01  0.000000e+00
     vertex  4.008860e+01  2.118730e+01  0.000000e+00
     vertex  3.688860e+01  2.118730e+01  0.000000e+00
   endloop
 endfacet
 facet normal  0.000000e+00 -0.000000e+00 -1.000000e+00
   outer loop
     vertex  2.677110e+01  4.078710e+01  0.000000e+00
     vertex  2.677110e+01  2.688690e+01  0.000000e+00
     vertex  2.162010e+01  2.688690e+01  0.000000e+00
   endloop
 endfacet
 facet normal  0.000000e+00  0.000000e+00 -1.000000e+00
   outer loop
     vertex  2.677110e+01  4.078710e+01  0.000000e+00
     vertex  2.162010e+01  4.078710e+01  0.000000e+00
     vertex  1.724610e+01  4.593700e+01  0.000000e+00
   endloop
 endfacet
 facet normal -0.000000e+00  0.000000e+00 -1.000000e+00
   outer loop
     vertex  2.677110e+01  4.078710e+01  0.000000e+00
     vertex  2.162010e+01  2.688690e+01  0.000000e+00
     vertex  2.162010e+01  4.078710e+01  0.000000e+00
   endloop
 endfacet
 facet normal  0.000000e+00  0.000000e+00 -1.000000e+00
   outer loop
     vertex  6.068870e+01  7.087230e+00  0.000000e+00
     vertex  4.008860e+01  7.087230e+00  0.000000e+00
     vertex  4.343860e+01  7.836890e+00  0.000000e+00
   endloop
 endfacet
 facet normal  0.000000e+00  0.000000e+00 -1.000000e+00
   outer loop
     vertex  6.068870e+01  7.087230e+00  0.000000e+00
     vertex  5.733870e+01  7.836890e+00  0.000000e+00
     vertex  5.896360e+01  8.067040e+00  0.000000e+00
   endloop
 endfacet
 facet normal  0.000000e+00  0.000000e+00 -1.000000e+00
   outer loop
     vertex  6.068870e+01  7.087230e+00  0.000000e+00
     vertex  4.343860e+01  7.836890e+00  0.000000e+00
     vertex  5.733870e+01  7.836890e+00  0.000000e+00
   endloop
 endfacet
 facet normal -0.000000e+00  0.000000e+00 -1.000000e+00
   outer loop
     vertex  6.068870e+01  7.087230e+00  0.000000e+00
     vertex  5.221140e+00 -4.127700e-01  0.000000e+00
     vertex  4.008860e+01  7.087230e+00  0.000000e+00
   endloop
 endfacet
 facet normal -0.000000e+00 -0.000000e+00 -1.000000e+00
   outer loop
     vertex  6.068870e+01  8.067040e+00  0.000000e+00
     vertex  6.068870e+01  7.087230e+00  0.000000e+00
     vertex  5.896360e+01  8.067040e+00  0.000000e+00
   endloop
 endfacet
 facet normal  0.000000e+00  0.000000e+00 -1.000000e+00
   outer loop
     vertex  5.733870e+01  1.253740e+01  0.000000e+00
     vertex  5.896360e+01  8.067040e+00  0.000000e+00
     vertex  5.733870e+01  7.836890e+00  0.000000e+00
   endloop
 endfacet
 facet normal -0.000000e+00  0.000000e+00 -1.000000e+00
   outer loop
     vertex  6.388880e+01  7.087230e+00  0.000000e+00
     vertex  5.221140e+00 -4.127700e-01  0.000000e+00
     vertex  6.068870e+01  7.087230e+00  0.000000e+00
   endloop
 endfacet
 facet normal -0.000000e+00 -0.000000e+00 -1.000000e+00
   outer loop
     vertex  5.896360e+01  1.253740e+01  0.000000e+00
     vertex  5.896360e+01  8.067040e+00  0.000000e+00
     vertex  5.733870e+01  1.253740e+01  0.000000e+00
   endloop
 endfacet
 facet normal -0.000000e+00  0.000000e+00 -1.000000e+00
   outer loop
     vertex  4.581980e+01  2.688690e+01  0.000000e+00
     vertex  4.343860e+01  2.173720e+01  0.000000e+00
     vertex  4.067000e+01  2.688690e+01  0.000000e+00
   endloop
 endfacet
 facet normal -0.000000e+00  0.000000e+00 -1.000000e+00
   outer loop
     vertex  6.561380e+01  8.067040e+00  0.000000e+00
     vertex  6.388880e+01  7.087230e+00  0.000000e+00
     vertex  6.388880e+01  8.067040e+00  0.000000e+00
   endloop
 endfacet
 facet normal -0.000000e+00  0.000000e+00 -1.000000e+00
   outer loop
     vertex  3.114510e+01  4.593700e+01  0.000000e+00
     vertex  2.677110e+01  4.078710e+01  0.000000e+00
     vertex  1.724610e+01  4.593700e+01  0.000000e+00
   endloop
 endfacet
 facet normal  0.000000e+00 -0.000000e+00 -1.000000e+00
   outer loop
     vertex  1.724610e+01  5.983710e+01  0.000000e+00
     vertex  1.724610e+01  4.593700e+01  0.000000e+00
     vertex  7.721140e+00  4.078710e+01  0.000000e+00
   endloop
 endfacet
 facet normal  0.000000e+00 -0.000000e+00 -1.000000e+00
   outer loop
     vertex  1.248230e+01  6.498700e+01  0.000000e+00
     vertex  1.724610e+01  5.983710e+01  0.000000e+00
     vertex  7.721140e+00  4.078710e+01  0.000000e+00
   endloop
 endfacet
 facet normal  0.000000e+00  0.000000e+00 -1.000000e+00
   outer loop
     vertex  5.733870e+01  2.173720e+01  0.000000e+00
     vertex  4.343860e+01  2.173720e+01  0.000000e+00
     vertex  4.581980e+01  2.688690e+01  0.000000e+00
   endloop
 endfacet
 facet normal -0.000000e+00  0.000000e+00 -1.000000e+00
   outer loop
     vertex  5.896360e+01  2.026680e+01  0.000000e+00
     vertex  5.733870e+01  1.703670e+01  0.000000e+00
     vertex  5.733870e+01  2.173720e+01  0.000000e+00
   endloop
 endfacet
 facet normal  0.000000e+00 -0.000000e+00 -1.000000e+00
   outer loop
     vertex  5.896360e+01  2.026680e+01  0.000000e+00
     vertex  5.896360e+01  1.703670e+01  0.000000e+00
     vertex  5.733870e+01  1.703670e+01  0.000000e+00
   endloop
 endfacet
 facet normal -0.000000e+00  0.000000e+00 -1.000000e+00
   outer loop
     vertex  6.643790e+01  1.433710e+01  0.000000e+00
     vertex  6.561380e+01  8.067040e+00  0.000000e+00
     vertex  6.561380e+01  1.433710e+01  0.000000e+00
   endloop
 endfacet
 facet normal  0.000000e+00  0.000000e+00 -1.000000e+00
   outer loop
     vertex  4.067000e+01  4.078710e+01  0.000000e+00
     vertex  4.581980e+01  2.688690e+01  0.000000e+00
     vertex  4.067000e+01  2.688690e+01  0.000000e+00
   endloop
 endfacet
 facet normal  0.000000e+00  0.000000e+00 -1.000000e+00
   outer loop
     vertex  4.067000e+01  4.078710e+01  0.000000e+00
     vertex  2.677110e+01  4.078710e+01  0.000000e+00
     vertex  3.114510e+01  4.593700e+01  0.000000e+00
   endloop
 endfacet
 facet normal  0.000000e+00 -0.000000e+00 -1.000000e+00
   outer loop
     vertex  6.068870e+01  2.118730e+01  0.000000e+00
     vertex  6.068870e+01  2.026680e+01  0.000000e+00
     vertex  5.896360e+01  2.026680e+01  0.000000e+00
   endloop
 endfacet
 facet normal -0.000000e+00  0.000000e+00 -1.000000e+00
   outer loop
     vertex  6.068870e+01  2.118730e+01  0.000000e+00
     vertex  5.896360e+01  2.026680e+01  0.000000e+00
     vertex  5.733870e+01  2.173720e+01  0.000000e+00
   endloop
 endfacet
 facet normal -0.000000e+00 -0.000000e+00 -1.000000e+00
   outer loop
     vertex  3.629620e+01  4.593700e+01  0.000000e+00
     vertex  4.067000e+01  4.078710e+01  0.000000e+00
     vertex  3.114510e+01  4.593700e+01  0.000000e+00
   endloop
 endfacet
 facet normal  0.000000e+00  0.000000e+00 -1.000000e+00
   outer loop
     vertex  6.561380e+01  2.026680e+01  0.000000e+00
     vertex  6.388880e+01  2.026680e+01  0.000000e+00
     vertex  6.388880e+01  2.118730e+01  0.000000e+00
   endloop
 endfacet
 facet normal  0.000000e+00  0.000000e+00 -1.000000e+00
   outer loop
     vertex  6.561380e+01  2.026680e+01  0.000000e+00
     vertex  6.643790e+01  1.703670e+01  0.000000e+00
     vertex  6.561380e+01  1.703670e+01  0.000000e+00
   endloop
 endfacet
 facet normal -0.000000e+00 -0.000000e+00 -1.000000e+00
   outer loop
     vertex  4.581980e+01  4.078710e+01  0.000000e+00
     vertex  4.581980e+01  2.688690e+01  0.000000e+00
     vertex  4.067000e+01  4.078710e+01  0.000000e+00
   endloop
 endfacet
 facet normal  0.000000e+00  0.000000e+00 -1.000000e+00
   outer loop
     vertex  4.581980e+01  4.078710e+01  0.000000e+00
     vertex  4.067000e+01  4.078710e+01  0.000000e+00
     vertex  3.629620e+01  4.593700e+01  0.000000e+00
   endloop
 endfacet
 facet normal -0.000000e+00  0.000000e+00 -1.000000e+00
   outer loop
     vertex  5.972000e+01  2.688690e+01  0.000000e+00
     vertex  5.733870e+01  2.173720e+01  0.000000e+00
     vertex  4.581980e+01  2.688690e+01  0.000000e+00
   endloop
 endfacet
 facet normal  0.000000e+00  0.000000e+00 -1.000000e+00
   outer loop
     vertex  5.972000e+01  2.688690e+01  0.000000e+00
     vertex  6.388880e+01  2.118730e+01  0.000000e+00
     vertex  6.068870e+01  2.118730e+01  0.000000e+00
   endloop
 endfacet
 facet normal  0.000000e+00 -0.000000e+00 -1.000000e+00
   outer loop
     vertex  5.972000e+01  2.688690e+01  0.000000e+00
     vertex  6.068870e+01  2.118730e+01  0.000000e+00
     vertex  5.733870e+01  2.173720e+01  0.000000e+00
   endloop
 endfacet
 facet normal -0.000000e+00  0.000000e+00 -1.000000e+00
   outer loop
     vertex  7.915730e+01  7.836890e+00  0.000000e+00
     vertex  6.388880e+01  7.087230e+00  0.000000e+00
     vertex  6.561380e+01  8.067040e+00  0.000000e+00
   endloop
 endfacet
 facet normal  0.000000e+00  0.000000e+00 -1.000000e+00
   outer loop
     vertex  7.915730e+01  7.836890e+00  0.000000e+00
     vertex  6.561380e+01  8.067040e+00  0.000000e+00
     vertex  6.643790e+01  1.433710e+01  0.000000e+00
   endloop
 endfacet
 facet normal  0.000000e+00 -0.000000e+00 -1.000000e+00
   outer loop
     vertex  1.248230e+01  7.888710e+01  0.000000e+00
     vertex  1.248230e+01  6.498700e+01  0.000000e+00
     vertex  7.721140e+00  4.078710e+01  0.000000e+00
   endloop
 endfacet
 facet normal  0.000000e+00 -0.000000e+00 -1.000000e+00
   outer loop
     vertex  2.638260e+01  6.498700e+01  0.000000e+00
     vertex  3.114510e+01  5.983710e+01  0.000000e+00
     vertex  1.724610e+01  5.983710e+01  0.000000e+00
   endloop
 endfacet
 facet normal -0.000000e+00  0.000000e+00 -1.000000e+00
   outer loop
     vertex  2.638260e+01  6.498700e+01  0.000000e+00
     vertex  1.724610e+01  5.983710e+01  0.000000e+00
     vertex  1.248230e+01  6.498700e+01  0.000000e+00
   endloop
 endfacet
 facet normal  0.000000e+00 -0.000000e+00 -1.000000e+00
   outer loop
     vertex  6.486980e+01  2.688690e+01  0.000000e+00
     vertex  6.561380e+01  2.026680e+01  0.000000e+00
     vertex  6.388880e+01  2.118730e+01  0.000000e+00
   endloop
 endfacet
 facet normal -0.000000e+00  0.000000e+00 -1.000000e+00
   outer loop
     vertex  6.486980e+01  2.688690e+01  0.000000e+00
     vertex  6.388880e+01  2.118730e+01  0.000000e+00
     vertex  5.972000e+01  2.688690e+01  0.000000e+00
   endloop
 endfacet
 facet normal -0.000000e+00  0.000000e+00 -1.000000e+00
   outer loop
     vertex  5.019500e+01  4.593700e+01  0.000000e+00
     vertex  4.581980e+01  4.078710e+01  0.000000e+00
     vertex  3.629620e+01  4.593700e+01  0.000000e+00
   endloop
 endfacet
 facet normal -0.000000e+00  0.000000e+00 -1.000000e+00
   outer loop
     vertex  3.629620e+01  5.983710e+01  0.000000e+00
     vertex  3.114510e+01  4.593700e+01  0.000000e+00
     vertex  3.114510e+01  5.983710e+01  0.000000e+00
   endloop
 endfacet
 facet normal  0.000000e+00 -0.000000e+00 -1.000000e+00
   outer loop
     vertex  3.629620e+01  5.983710e+01  0.000000e+00
     vertex  3.629620e+01  4.593700e+01  0.000000e+00
     vertex  3.114510e+01  4.593700e+01  0.000000e+00
   endloop
 endfacet
 facet normal -0.000000e+00  0.000000e+00 -1.000000e+00
   outer loop
     vertex  3.153230e+01  6.498700e+01  0.000000e+00
     vertex  3.114510e+01  5.983710e+01  0.000000e+00
     vertex  2.638260e+01  6.498700e+01  0.000000e+00
   endloop
 endfacet
 facet normal  0.000000e+00 -0.000000e+00 -1.000000e+00
   outer loop
     vertex  3.153230e+01  6.498700e+01  0.000000e+00
     vertex  3.629620e+01  5.983710e+01  0.000000e+00
     vertex  3.114510e+01  5.983710e+01  0.000000e+00
   endloop
 endfacet
 facet normal  0.000000e+00  0.000000e+00 -1.000000e+00
   outer loop
     vertex  5.972000e+01  4.078710e+01  0.000000e+00
     vertex  4.581980e+01  4.078710e+01  0.000000e+00
     vertex  5.019500e+01  4.593700e+01  0.000000e+00
   endloop
 endfacet
 facet normal  0.000000e+00  0.000000e+00 -1.000000e+00
   outer loop
     vertex  9.305750e+01  7.836890e+00  0.000000e+00
     vertex  5.221140e+00 -4.127700e-01  0.000000e+00
     vertex  6.388880e+01  7.087230e+00  0.000000e+00
   endloop
 endfacet
 facet normal -0.000000e+00  0.000000e+00 -1.000000e+00
   outer loop
     vertex  9.305750e+01  7.836890e+00  0.000000e+00
     vertex  6.388880e+01  7.087230e+00  0.000000e+00
     vertex  7.915730e+01  7.836890e+00  0.000000e+00
   endloop
 endfacet
 facet normal  0.000000e+00  0.000000e+00 -1.000000e+00
   outer loop
     vertex  7.915730e+01  2.173720e+01  0.000000e+00
     vertex  6.643790e+01  1.433710e+01  0.000000e+00
     vertex  6.643790e+01  1.703670e+01  0.000000e+00
   endloop
 endfacet
 facet normal  0.000000e+00  0.000000e+00 -1.000000e+00
   outer loop
     vertex  7.915730e+01  2.173720e+01  0.000000e+00
     vertex  6.643790e+01  1.703670e+01  0.000000e+00
     vertex  6.561380e+01  2.026680e+01  0.000000e+00
   endloop
 endfacet
 facet normal  0.000000e+00 -0.000000e+00 -1.000000e+00
   outer loop
     vertex  7.915730e+01  2.173720e+01  0.000000e+00
     vertex  7.915730e+01  7.836890e+00  0.000000e+00
     vertex  6.643790e+01  1.433710e+01  0.000000e+00
   endloop
 endfacet
 facet normal -0.000000e+00 -0.000000e+00 -1.000000e+00
   outer loop
     vertex  5.534620e+01  4.593700e+01  0.000000e+00
     vertex  5.972000e+01  4.078710e+01  0.000000e+00
     vertex  5.019500e+01  4.593700e+01  0.000000e+00
   endloop
 endfacet
 facet normal  0.000000e+00 -0.000000e+00 -1.000000e+00
   outer loop
     vertex  7.877000e+01  2.688690e+01  0.000000e+00
     vertex  7.915730e+01  2.173720e+01  0.000000e+00
     vertex  6.561380e+01  2.026680e+01  0.000000e+00
   endloop
 endfacet
 facet normal -0.000000e+00  0.000000e+00 -1.000000e+00
   outer loop
     vertex  7.877000e+01  2.688690e+01  0.000000e+00
     vertex  6.561380e+01  2.026680e+01  0.000000e+00
     vertex  6.486980e+01  2.688690e+01  0.000000e+00
   endloop
 endfacet
 facet normal  0.000000e+00  0.000000e+00 -1.000000e+00
   outer loop
     vertex  6.486980e+01  4.078710e+01  0.000000e+00
     vertex  5.972000e+01  4.078710e+01  0.000000e+00
     vertex  5.534620e+01  4.593700e+01  0.000000e+00
   endloop
 endfacet
 facet normal -0.000000e+00  0.000000e+00 -1.000000e+00
   outer loop
     vertex  6.486980e+01  4.078710e+01  0.000000e+00
     vertex  5.972000e+01  2.688690e+01  0.000000e+00
     vertex  5.972000e+01  4.078710e+01  0.000000e+00
   endloop
 endfacet
 facet normal  0.000000e+00 -0.000000e+00 -1.000000e+00
   outer loop
     vertex  6.486980e+01  4.078710e+01  0.000000e+00
     vertex  6.486980e+01  2.688690e+01  0.000000e+00
     vertex  5.972000e+01  2.688690e+01  0.000000e+00
   endloop
 endfacet
 facet normal -0.000000e+00  0.000000e+00 -1.000000e+00
   outer loop
     vertex  9.820730e+01  7.836890e+00  0.000000e+00
     vertex  5.221140e+00 -4.127700e-01  0.000000e+00
     vertex  9.305750e+01  7.836890e+00  0.000000e+00
   endloop
 endfacet
 facet normal  0.000000e+00 -0.000000e+00 -1.000000e+00
   outer loop
     vertex  2.200730e+01  8.403700e+01  0.000000e+00
     vertex  2.638260e+01  7.888710e+01  0.000000e+00
     vertex  1.248230e+01  7.888710e+01  0.000000e+00
   endloop
 endfacet
 facet normal -0.000000e+00  0.000000e+00 -1.000000e+00
   outer loop
     vertex  3.153230e+01  7.888710e+01  0.000000e+00
     vertex  2.638260e+01  6.498700e+01  0.000000e+00
     vertex  2.638260e+01  7.888710e+01  0.000000e+00
   endloop
 endfacet
 facet normal  0.000000e+00 -0.000000e+00 -1.000000e+00
   outer loop
     vertex  3.153230e+01  7.888710e+01  0.000000e+00
     vertex  3.153230e+01  6.498700e+01  0.000000e+00
     vertex  2.638260e+01  6.498700e+01  0.000000e+00
   endloop
 endfacet
 facet normal  0.000000e+00 -0.000000e+00 -1.000000e+00
   outer loop
     vertex  4.543250e+01  6.498700e+01  0.000000e+00
     vertex  5.019500e+01  5.983710e+01  0.000000e+00
     vertex  3.629620e+01  5.983710e+01  0.000000e+00
   endloop
 endfacet
 facet normal -0.000000e+00  0.000000e+00 -1.000000e+00
   outer loop
     vertex  4.543250e+01  6.498700e+01  0.000000e+00
     vertex  3.629620e+01  5.983710e+01  0.000000e+00
     vertex  3.153230e+01  6.498700e+01  0.000000e+00
   endloop
 endfacet
 facet normal -0.000000e+00  0.000000e+00 -1.000000e+00
   outer loop
     vertex  8.391980e+01  2.688690e+01  0.000000e+00
     vertex  7.915730e+01  2.173720e+01  0.000000e+00
     vertex  7.877000e+01  2.688690e+01  0.000000e+00
   endloop
 endfacet
 facet normal  0.000000e+00  0.000000e+00 -1.000000e+00
   outer loop
     vertex  9.305750e+01  2.173720e+01  0.000000e+00
     vertex  9.820730e+01  7.836890e+00  0.000000e+00
     vertex  9.305750e+01  7.836890e+00  0.000000e+00
   endloop
 endfacet
 facet normal  0.000000e+00  0.000000e+00 -1.000000e+00
   outer loop
     vertex  9.305750e+01  2.173720e+01  0.000000e+00
     vertex  7.915730e+01  2.173720e+01  0.000000e+00
     vertex  8.391980e+01  2.688690e+01  0.000000e+00
   endloop
 endfacet
 facet normal -0.000000e+00  0.000000e+00 -1.000000e+00
   outer loop
     vertex  6.924500e+01  4.593700e+01  0.000000e+00
     vertex  6.486980e+01  4.078710e+01  0.000000e+00
     vertex  5.534620e+01  4.593700e+01  0.000000e+00
   endloop
 endfacet
 facet normal -0.000000e+00  0.000000e+00 -1.000000e+00
   outer loop
     vertex  5.534620e+01  5.983710e+01  0.000000e+00
     vertex  5.019500e+01  4.593700e+01  0.000000e+00
     vertex  5.019500e+01  5.983710e+01  0.000000e+00
   endloop
 endfacet
 facet normal  0.000000e+00 -0.000000e+00 -1.000000e+00
   outer loop
     vertex  5.534620e+01  5.983710e+01  0.000000e+00
     vertex  5.534620e+01  4.593700e+01  0.000000e+00
     vertex  5.019500e+01  4.593700e+01  0.000000e+00
   endloop
 endfacet
 facet normal -0.000000e+00  0.000000e+00 -1.000000e+00
   outer loop
     vertex  5.058230e+01  6.498700e+01  0.000000e+00
     vertex  5.019500e+01  5.983710e+01  0.000000e+00
     vertex  4.543250e+01  6.498700e+01  0.000000e+00
   endloop
 endfacet
 facet normal  0.000000e+00 -0.000000e+00 -1.000000e+00
   outer loop
     vertex  5.058230e+01  6.498700e+01  0.000000e+00
     vertex  5.534620e+01  5.983710e+01  0.000000e+00
     vertex  5.019500e+01  5.983710e+01  0.000000e+00
   endloop
 endfacet
 facet normal  0.000000e+00  0.000000e+00 -1.000000e+00
   outer loop
     vertex  7.877000e+01  4.078710e+01  0.000000e+00
     vertex  8.391980e+01  2.688690e+01  0.000000e+00
     vertex  7.877000e+01  2.688690e+01  0.000000e+00
   endloop
 endfacet
 facet normal  0.000000e+00  0.000000e+00 -1.000000e+00
   outer loop
     vertex  7.877000e+01  4.078710e+01  0.000000e+00
     vertex  6.486980e+01  4.078710e+01  0.000000e+00
     vertex  6.924500e+01  4.593700e+01  0.000000e+00
   endloop
 endfacet
 facet normal  0.000000e+00 -0.000000e+00 -1.000000e+00
   outer loop
     vertex  2.200730e+01  9.793710e+01  0.000000e+00
     vertex  2.200730e+01  8.403700e+01  0.000000e+00
     vertex  1.248230e+01  7.888710e+01  0.000000e+00
   endloop
 endfacet
 facet normal -0.000000e+00 -0.000000e+00 -1.000000e+00
   outer loop
     vertex  9.820730e+01  2.173720e+01  0.000000e+00
     vertex  9.820730e+01  7.836890e+00  0.000000e+00
     vertex  9.305750e+01  2.173720e+01  0.000000e+00
   endloop
 endfacet
 facet normal  0.000000e+00  0.000000e+00 -1.000000e+00
   outer loop
     vertex  3.590750e+01  8.403700e+01  0.000000e+00
     vertex  3.153230e+01  7.888710e+01  0.000000e+00
     vertex  2.638260e+01  7.888710e+01  0.000000e+00
   endloop
 endfacet
 facet normal -0.000000e+00  0.000000e+00 -1.000000e+00
   outer loop
     vertex  3.590750e+01  8.403700e+01  0.000000e+00
     vertex  2.638260e+01  7.888710e+01  0.000000e+00
     vertex  2.200730e+01  8.403700e+01  0.000000e+00
   endloop
 endfacet
 facet normal -0.000000e+00 -0.000000e+00 -1.000000e+00
   outer loop
     vertex  7.439620e+01  4.593700e+01  0.000000e+00
     vertex  7.877000e+01  4.078710e+01  0.000000e+00
     vertex  6.924500e+01  4.593700e+01  0.000000e+00
   endloop
 endfacet
 facet normal  0.000000e+00  0.000000e+00 -1.000000e+00
   outer loop
     vertex  2.211400e-01  1.242480e+02  0.000000e+00
     vertex  7.721140e+00  4.078710e+01  0.000000e+00
     vertex  2.211400e-01  4.587230e+00  0.000000e+00
   endloop
 endfacet
 facet normal  0.000000e+00  0.000000e+00 -1.000000e+00
   outer loop
     vertex  2.211400e-01  1.242480e+02  0.000000e+00
     vertex  1.248230e+01  7.888710e+01  0.000000e+00
     vertex  7.721140e+00  4.078710e+01  0.000000e+00
   endloop
 endfacet
 facet normal -0.000000e+00  0.000000e+00 -1.000000e+00
   outer loop
     vertex  9.782000e+01  2.688690e+01  0.000000e+00
     vertex  9.305750e+01  2.173720e+01  0.000000e+00
     vertex  8.391980e+01  2.688690e+01  0.000000e+00
   endloop
 endfacet
 facet normal  0.000000e+00 -0.000000e+00 -1.000000e+00
   outer loop
     vertex  9.782000e+01  2.688690e+01  0.000000e+00
     vertex  9.820730e+01  2.173720e+01  0.000000e+00
     vertex  9.305750e+01  2.173720e+01  0.000000e+00
   endloop
 endfacet
 facet normal  0.000000e+00  0.000000e+00 -1.000000e+00
   outer loop
     vertex  8.391980e+01  4.078710e+01  0.000000e+00
     vertex  7.877000e+01  4.078710e+01  0.000000e+00
     vertex  7.439620e+01  4.593700e+01  0.000000e+00
   endloop
 endfacet
 facet normal -0.000000e+00 -0.000000e+00 -1.000000e+00
   outer loop
     vertex  8.391980e+01  4.078710e+01  0.000000e+00
     vertex  8.391980e+01  2.688690e+01  0.000000e+00
     vertex  7.877000e+01  4.078710e+01  0.000000e+00
   endloop
 endfacet
 facet normal  0.000000e+00  0.000000e+00 -1.000000e+00
   outer loop
     vertex  2.284729e-01  1.245187e+02  0.000000e+00
     vertex  2.211400e-01  1.242480e+02  0.000000e+00
     vertex  2.229736e-01  1.243834e+02  0.000000e+00
   endloop
 endfacet
 facet normal  0.000000e+00  0.000000e+00 -1.000000e+00
   outer loop
     vertex  2.376341e-01  1.246538e+02  0.000000e+00
     vertex  2.211400e-01  1.242480e+02  0.000000e+00
     vertex  2.284729e-01  1.245187e+02  0.000000e+00
   endloop
 endfacet
 facet normal  0.000000e+00 -0.000000e+00 -1.000000e+00
   outer loop
     vertex  4.105730e+01  8.403700e+01  0.000000e+00
     vertex  4.543250e+01  7.888710e+01  0.000000e+00
     vertex  3.153230e+01  7.888710e+01  0.000000e+00
   endloop
 endfacet
 facet normal -0.000000e+00  0.000000e+00 -1.000000e+00
   outer loop
     vertex  4.105730e+01  8.403700e+01  0.000000e+00
     vertex  3.153230e+01  7.888710e+01  0.000000e+00
     vertex  3.590750e+01  8.403700e+01  0.000000e+00
   endloop
 endfacet
 facet normal -0.000000e+00  0.000000e+00 -1.000000e+00
   outer loop
     vertex  1.724610e+01  1.078490e+02  0.000000e+00
     vertex  1.248230e+01  7.888710e+01  0.000000e+00
     vertex  2.211400e-01  1.242480e+02  0.000000e+00
   endloop
 endfacet
 facet normal  0.000000e+00 -0.000000e+00 -1.000000e+00
   outer loop
     vertex  1.724610e+01  1.078490e+02  0.000000e+00
     vertex  2.200730e+01  9.793710e+01  0.000000e+00
     vertex  1.248230e+01  7.888710e+01  0.000000e+00
   endloop
 endfacet
 facet normal  0.000000e+00  0.000000e+00 -1.000000e+00
   outer loop
     vertex  2.870074e-01  1.250569e+02  0.000000e+00
     vertex  2.504502e-01  1.247886e+02  0.000000e+00
     vertex  2.669120e-01  1.249230e+02  0.000000e+00
   endloop
 endfacet
 facet normal  0.000000e+00  0.000000e+00 -1.000000e+00
   outer loop
     vertex  2.870074e-01  1.250569e+02  0.000000e+00
     vertex  2.376341e-01  1.246538e+02  0.000000e+00
     vertex  2.504502e-01  1.247886e+02  0.000000e+00
   endloop
 endfacet
 facet normal  0.000000e+00  0.000000e+00 -1.000000e+00
   outer loop
     vertex  2.870074e-01  1.250569e+02  0.000000e+00
     vertex  2.211400e-01  1.242480e+02  0.000000e+00
     vertex  2.376341e-01  1.246538e+02  0.000000e+00
   endloop
 endfacet
 facet normal  0.000000e+00  0.000000e+00 -1.000000e+00
   outer loop
     vertex  3.107216e-01  1.251902e+02  0.000000e+00
     vertex  2.211400e-01  1.242480e+02  0.000000e+00
     vertex  2.870074e-01  1.250569e+02  0.000000e+00
   endloop
 endfacet
 facet normal  0.000000e+00  0.000000e+00 -1.000000e+00
   outer loop
     vertex  3.689343e-01  1.254547e+02  0.000000e+00
     vertex  3.107216e-01  1.251902e+02  0.000000e+00
     vertex  3.380372e-01  1.253229e+02  0.000000e+00
   endloop
 endfacet
 facet normal  0.000000e+00  0.000000e+00 -1.000000e+00
   outer loop
     vertex  3.689343e-01  1.254547e+02  0.000000e+00
     vertex  2.211400e-01  1.242480e+02  0.000000e+00
     vertex  3.107216e-01  1.251902e+02  0.000000e+00
   endloop
 endfacet
 facet normal  0.000000e+00  0.000000e+00 -1.000000e+00
   outer loop
     vertex  4.413793e-01  1.257156e+02  0.000000e+00
     vertex  2.211400e-01  1.242480e+02  0.000000e+00
     vertex  3.689343e-01  1.254547e+02  0.000000e+00
   endloop
 endfacet
 facet normal  0.000000e+00  0.000000e+00 -1.000000e+00
   outer loop
     vertex  4.413793e-01  1.257156e+02  0.000000e+00
     vertex  3.689343e-01  1.254547e+02  0.000000e+00
     vertex  4.033900e-01  1.255856e+02  0.000000e+00
   endloop
 endfacet
 facet normal  0.000000e+00  0.000000e+00 -1.000000e+00
   outer loop
     vertex  5.278442e-01  1.259722e+02  0.000000e+00
     vertex  4.413793e-01  1.257156e+02  0.000000e+00
     vertex  4.828741e-01  1.258445e+02  0.000000e+00
   endloop
 endfacet
 facet normal  0.000000e+00  0.000000e+00 -1.000000e+00
   outer loop
     vertex  5.762564e-01  1.260987e+02  0.000000e+00
     vertex  4.413793e-01  1.257156e+02  0.000000e+00
     vertex  5.278442e-01  1.259722e+02  0.000000e+00
   endloop
 endfacet
 facet normal  0.000000e+00  0.000000e+00 -1.000000e+00
   outer loop
     vertex  6.280753e-01  1.262238e+02  0.000000e+00
     vertex  4.413793e-01  1.257156e+02  0.000000e+00
     vertex  5.762564e-01  1.260987e+02  0.000000e+00
   endloop
 endfacet
 facet normal  0.000000e+00  0.000000e+00 -1.000000e+00
   outer loop
     vertex  6.832629e-01  1.263474e+02  0.000000e+00
     vertex  2.211400e-01  1.242480e+02  0.000000e+00
     vertex  4.413793e-01  1.257156e+02  0.000000e+00
   endloop
 endfacet
 facet normal  0.000000e+00  0.000000e+00 -1.000000e+00
   outer loop
     vertex  6.832629e-01  1.263474e+02  0.000000e+00
     vertex  4.413793e-01  1.257156e+02  0.000000e+00
     vertex  6.280753e-01  1.262238e+02  0.000000e+00
   endloop
 endfacet
 facet normal  0.000000e+00  0.000000e+00 -1.000000e+00
   outer loop
     vertex  7.417787e-01  1.264696e+02  0.000000e+00
     vertex  2.211400e-01  1.242480e+02  0.000000e+00
     vertex  6.832629e-01  1.263474e+02  0.000000e+00
   endloop
 endfacet
 facet normal  0.000000e+00  0.000000e+00 -1.000000e+00
   outer loop
     vertex  8.686208e-01  1.267088e+02  0.000000e+00
     vertex  7.417787e-01  1.264696e+02  0.000000e+00
     vertex  8.035798e-01  1.265900e+02  0.000000e+00
   endloop
 endfacet
 facet normal  0.000000e+00  0.000000e+00 -1.000000e+00
   outer loop
     vertex  9.368541e-01  1.268258e+02  0.000000e+00
     vertex  7.417787e-01  1.264696e+02  0.000000e+00
     vertex  8.686208e-01  1.267088e+02  0.000000e+00
   endloop
 endfacet
 facet normal  0.000000e+00  0.000000e+00 -1.000000e+00
   outer loop
     vertex  1.082695e+00  1.270539e+02  0.000000e+00
     vertex  9.368541e-01  1.268258e+02  0.000000e+00
     vertex  1.008230e+00  1.269408e+02  0.000000e+00
   endloop
 endfacet
 facet normal  0.000000e+00  0.000000e+00 -1.000000e+00
   outer loop
     vertex  1.240675e+00  1.272739e+02  0.000000e+00
     vertex  9.368541e-01  1.268258e+02  0.000000e+00
     vertex  1.082695e+00  1.270539e+02  0.000000e+00
   endloop
 endfacet
 facet normal  0.000000e+00  0.000000e+00 -1.000000e+00
   outer loop
     vertex  1.240675e+00  1.272739e+02  0.000000e+00
     vertex  1.082695e+00  1.270539e+02  0.000000e+00
     vertex  1.160196e+00  1.271650e+02  0.000000e+00
   endloop
 endfacet
 facet normal  0.000000e+00  0.000000e+00 -1.000000e+00
   outer loop
     vertex  1.324073e+00  1.273805e+02  0.000000e+00
     vertex  2.211400e-01  1.242480e+02  0.000000e+00
     vertex  7.417787e-01  1.264696e+02  0.000000e+00
   endloop
 endfacet
 facet normal  0.000000e+00  0.000000e+00 -1.000000e+00
   outer loop
     vertex  1.324073e+00  1.273805e+02  0.000000e+00
     vertex  7.417787e-01  1.264696e+02  0.000000e+00
     vertex  9.368541e-01  1.268258e+02  0.000000e+00
   endloop
 endfacet
 facet normal  0.000000e+00  0.000000e+00 -1.000000e+00
   outer loop
     vertex  1.324073e+00  1.273805e+02  0.000000e+00
     vertex  9.368541e-01  1.268258e+02  0.000000e+00
     vertex  1.240675e+00  1.272739e+02  0.000000e+00
   endloop
 endfacet
 facet normal  0.000000e+00  0.000000e+00 -1.000000e+00
   outer loop
     vertex  6.924500e+01  5.983710e+01  0.000000e+00
     vertex  7.439620e+01  4.593700e+01  0.000000e+00
     vertex  6.924500e+01  4.593700e+01  0.000000e+00
   endloop
 endfacet
 facet normal -0.000000e+00  0.000000e+00 -1.000000e+00
   outer loop
     vertex  5.058230e+01  7.888710e+01  0.000000e+00
     vertex  4.543250e+01  6.498700e+01  0.000000e+00
     vertex  4.543250e+01  7.888710e+01  0.000000e+00
   endloop
 endfacet
 facet normal  0.000000e+00 -0.000000e+00 -1.000000e+00
   outer loop
     vertex  5.058230e+01  7.888710e+01  0.000000e+00
     vertex  5.058230e+01  6.498700e+01  0.000000e+00
     vertex  4.543250e+01  6.498700e+01  0.000000e+00
   endloop
 endfacet
 facet normal  0.000000e+00 -0.000000e+00 -1.000000e+00
   outer loop
     vertex  6.448250e+01  6.498700e+01  0.000000e+00
     vertex  6.924500e+01  5.983710e+01  0.000000e+00
     vertex  5.534620e+01  5.983710e+01  0.000000e+00
   endloop
 endfacet
 facet normal -0.000000e+00  0.000000e+00 -1.000000e+00
   outer loop
     vertex  6.448250e+01  6.498700e+01  0.000000e+00
     vertex  5.534620e+01  5.983710e+01  0.000000e+00
     vertex  5.058230e+01  6.498700e+01  0.000000e+00
   endloop
 endfacet
 facet normal  0.000000e+00  0.000000e+00 -1.000000e+00
   outer loop
     vertex  1.782643e+00  1.278780e+02  0.000000e+00
     vertex  1.591163e+00  1.276865e+02  0.000000e+00
     vertex  1.685606e+00  1.277835e+02  0.000000e+00
   endloop
 endfacet
 facet normal  0.000000e+00  0.000000e+00 -1.000000e+00
   outer loop
     vertex  1.782643e+00  1.278780e+02  0.000000e+00
     vertex  1.499381e+00  1.275869e+02  0.000000e+00
     vertex  1.591163e+00  1.276865e+02  0.000000e+00
   endloop
 endfacet
 facet normal  0.000000e+00  0.000000e+00 -1.000000e+00
   outer loop
     vertex  1.782643e+00  1.278780e+02  0.000000e+00
     vertex  1.410330e+00  1.274849e+02  0.000000e+00
     vertex  1.499381e+00  1.275869e+02  0.000000e+00
   endloop
 endfacet
 facet normal -0.000000e+00  0.000000e+00 -1.000000e+00
   outer loop
     vertex  1.029700e+02  2.688690e+01  0.000000e+00
     vertex  9.820730e+01  2.173720e+01  0.000000e+00
     vertex  9.782000e+01  2.688690e+01  0.000000e+00
   endloop
 endfacet
 facet normal  0.000000e+00  0.000000e+00 -1.000000e+00
   outer loop
     vertex  2.088590e+00  1.281451e+02  0.000000e+00
     vertex  1.882201e+00  1.279698e+02  0.000000e+00
     vertex  1.984209e+00  1.280588e+02  0.000000e+00
   endloop
 endfacet
 facet normal  0.000000e+00  0.000000e+00 -1.000000e+00
   outer loop
     vertex  2.088590e+00  1.281451e+02  0.000000e+00
     vertex  1.782643e+00  1.278780e+02  0.000000e+00
     vertex  1.882201e+00  1.279698e+02  0.000000e+00
   endloop
 endfacet
 facet normal  0.000000e+00  0.000000e+00 -1.000000e+00
   outer loop
     vertex  2.088590e+00  1.281451e+02  0.000000e+00
     vertex  1.410330e+00  1.274849e+02  0.000000e+00
     vertex  1.782643e+00  1.278780e+02  0.000000e+00
   endloop
 endfacet
 facet normal  0.000000e+00  0.000000e+00 -1.000000e+00
   outer loop
     vertex  2.195269e+00  1.282285e+02  0.000000e+00
     vertex  1.324073e+00  1.273805e+02  0.000000e+00
     vertex  1.410330e+00  1.274849e+02  0.000000e+00
   endloop
 endfacet
 facet normal  0.000000e+00  0.000000e+00 -1.000000e+00
   outer loop
     vertex  2.195269e+00  1.282285e+02  0.000000e+00
     vertex  1.410330e+00  1.274849e+02  0.000000e+00
     vertex  2.088590e+00  1.281451e+02  0.000000e+00
   endloop
 endfacet
 facet normal  0.000000e+00  0.000000e+00 -1.000000e+00
   outer loop
     vertex  2.415205e+00  1.283864e+02  0.000000e+00
     vertex  2.195269e+00  1.282285e+02  0.000000e+00
     vertex  2.304167e+00  1.283089e+02  0.000000e+00
   endloop
 endfacet
 facet normal  0.000000e+00  0.000000e+00 -1.000000e+00
   outer loop
     vertex  2.415205e+00  1.283864e+02  0.000000e+00
     vertex  1.324073e+00  1.273805e+02  0.000000e+00
     vertex  2.195269e+00  1.282285e+02  0.000000e+00
   endloop
 endfacet
 facet normal  0.000000e+00  0.000000e+00 -1.000000e+00
   outer loop
     vertex  2.643371e+00  1.285323e+02  0.000000e+00
     vertex  2.415205e+00  1.283864e+02  0.000000e+00
     vertex  2.528300e+00  1.284609e+02  0.000000e+00
   endloop
 endfacet
 facet normal  0.000000e+00  0.000000e+00 -1.000000e+00
   outer loop
     vertex  2.760332e+00  1.286005e+02  0.000000e+00
     vertex  1.324073e+00  1.273805e+02  0.000000e+00
     vertex  2.415205e+00  1.283864e+02  0.000000e+00
   endloop
 endfacet
 facet normal  0.000000e+00  0.000000e+00 -1.000000e+00
   outer loop
     vertex  2.760332e+00  1.286005e+02  0.000000e+00
     vertex  2.415205e+00  1.283864e+02  0.000000e+00
     vertex  2.643371e+00  1.285323e+02  0.000000e+00
   endloop
 endfacet
 facet normal  0.000000e+00  0.000000e+00 -1.000000e+00
   outer loop
     vertex  2.999581e+00  1.287274e+02  0.000000e+00
     vertex  2.760332e+00  1.286005e+02  0.000000e+00
     vertex  2.879098e+00  1.286656e+02  0.000000e+00
   endloop
 endfacet
 facet normal  0.000000e+00  0.000000e+00 -1.000000e+00
   outer loop
     vertex  3.121694e+00  1.287859e+02  0.000000e+00
     vertex  2.760332e+00  1.286005e+02  0.000000e+00
     vertex  2.999581e+00  1.287274e+02  0.000000e+00
   endloop
 endfacet
 facet normal  0.000000e+00  0.000000e+00 -1.000000e+00
   outer loop
     vertex  3.245347e+00  1.288411e+02  0.000000e+00
     vertex  2.211400e-01  1.242480e+02  0.000000e+00
     vertex  1.324073e+00  1.273805e+02  0.000000e+00
   endloop
 endfacet
 facet normal  0.000000e+00  0.000000e+00 -1.000000e+00
   outer loop
     vertex  3.245347e+00  1.288411e+02  0.000000e+00
     vertex  1.324073e+00  1.273805e+02  0.000000e+00
     vertex  2.760332e+00  1.286005e+02  0.000000e+00
   endloop
 endfacet
 facet normal  0.000000e+00  0.000000e+00 -1.000000e+00
   outer loop
     vertex  3.245347e+00  1.288411e+02  0.000000e+00
     vertex  2.760332e+00  1.286005e+02  0.000000e+00
     vertex  3.121694e+00  1.287859e+02  0.000000e+00
   endloop
 endfacet
 facet normal  0.000000e+00  0.000000e+00 -1.000000e+00
   outer loop
     vertex  3.624632e+00  1.289863e+02  0.000000e+00
     vertex  3.370449e+00  1.288929e+02  0.000000e+00
     vertex  3.496908e+00  1.289413e+02  0.000000e+00
   endloop
 endfacet
 facet normal  0.000000e+00  0.000000e+00 -1.000000e+00
   outer loop
     vertex  3.753527e+00  1.290278e+02  0.000000e+00
     vertex  3.370449e+00  1.288929e+02  0.000000e+00
     vertex  3.624632e+00  1.289863e+02  0.000000e+00
   endloop
 endfacet
 facet normal  0.000000e+00  0.000000e+00 -1.000000e+00
   outer loop
     vertex  3.883498e+00  1.290657e+02  0.000000e+00
     vertex  3.245347e+00  1.288411e+02  0.000000e+00
     vertex  3.370449e+00  1.288929e+02  0.000000e+00
   endloop
 endfacet
 facet normal  0.000000e+00  0.000000e+00 -1.000000e+00
   outer loop
     vertex  3.883498e+00  1.290657e+02  0.000000e+00
     vertex  3.370449e+00  1.288929e+02  0.000000e+00
     vertex  3.753527e+00  1.290278e+02  0.000000e+00
   endloop
 endfacet
 facet normal  0.000000e+00  0.000000e+00 -1.000000e+00
   outer loop
     vertex  4.146288e+00  1.291311e+02  0.000000e+00
     vertex  3.883498e+00  1.290657e+02  0.000000e+00
     vertex  4.014451e+00  1.291002e+02  0.000000e+00
   endloop
 endfacet
 facet normal  0.000000e+00  0.000000e+00 -1.000000e+00
   outer loop
     vertex  4.146288e+00  1.291311e+02  0.000000e+00
     vertex  3.245347e+00  1.288411e+02  0.000000e+00
     vertex  3.883498e+00  1.290657e+02  0.000000e+00
   endloop
 endfacet
 facet normal  0.000000e+00  0.000000e+00 -1.000000e+00
   outer loop
     vertex  4.546140e+00  1.292022e+02  0.000000e+00
     vertex  4.278913e+00  1.291584e+02  0.000000e+00
     vertex  4.412230e+00  1.291821e+02  0.000000e+00
   endloop
 endfacet
 facet normal  0.000000e+00  0.000000e+00 -1.000000e+00
   outer loop
     vertex  4.546140e+00  1.292022e+02  0.000000e+00
     vertex  4.146288e+00  1.291311e+02  0.000000e+00
     vertex  4.278913e+00  1.291584e+02  0.000000e+00
   endloop
 endfacet
 facet normal  0.000000e+00  0.000000e+00 -1.000000e+00
   outer loop
     vertex  4.546140e+00  1.292022e+02  0.000000e+00
     vertex  3.245347e+00  1.288411e+02  0.000000e+00
     vertex  4.146288e+00  1.291311e+02  0.000000e+00
   endloop
 endfacet
 facet normal  0.000000e+00  0.000000e+00 -1.000000e+00
   outer loop
     vertex  1.121070e+02  2.173720e+01  0.000000e+00
     vertex  9.820730e+01  2.173720e+01  0.000000e+00
     vertex  1.029700e+02  2.688690e+01  0.000000e+00
   endloop
 endfacet
 facet normal  0.000000e+00  0.000000e+00 -1.000000e+00
   outer loop
     vertex  1.121070e+02  2.173720e+01  0.000000e+00
     vertex  1.172570e+02  7.836890e+00  0.000000e+00
     vertex  1.121070e+02  7.836890e+00  0.000000e+00
   endloop
 endfacet
 facet normal  0.000000e+00  0.000000e+00 -1.000000e+00
   outer loop
     vertex  3.590750e+01  9.793710e+01  0.000000e+00
     vertex  4.105730e+01  8.403700e+01  0.000000e+00
     vertex  3.590750e+01  8.403700e+01  0.000000e+00
   endloop
 endfacet
 facet normal -0.000000e+00  0.000000e+00 -1.000000e+00
   outer loop
     vertex  8.829500e+01  4.593700e+01  0.000000e+00
     vertex  8.391980e+01  4.078710e+01  0.000000e+00
     vertex  7.439620e+01  4.593700e+01  0.000000e+00
   endloop
 endfacet
 facet normal -0.000000e+00 -0.000000e+00 -1.000000e+00
   outer loop
     vertex  7.439620e+01  5.983710e+01  0.000000e+00
     vertex  7.439620e+01  4.593700e+01  0.000000e+00
     vertex  6.924500e+01  5.983710e+01  0.000000e+00
   endloop
 endfacet
 facet normal  0.000000e+00  0.000000e+00 -1.000000e+00
   outer loop
     vertex  5.221140e+00  1.292480e+02  0.000000e+00
     vertex  4.950445e+00  1.292407e+02  0.000000e+00
     vertex  5.085743e+00  1.292462e+02  0.000000e+00
   endloop
 endfacet
 facet normal  0.000000e+00  0.000000e+00 -1.000000e+00
   outer loop
     vertex  5.221140e+00  1.292480e+02  0.000000e+00
     vertex  4.815346e+00  1.292315e+02  0.000000e+00
     vertex  4.950445e+00  1.292407e+02  0.000000e+00
   endloop
 endfacet
 facet normal  0.000000e+00  0.000000e+00 -1.000000e+00
   outer loop
     vertex  5.221140e+00  1.292480e+02  0.000000e+00
     vertex  4.680545e+00  1.292187e+02  0.000000e+00
     vertex  4.815346e+00  1.292315e+02  0.000000e+00
   endloop
 endfacet
 facet normal  0.000000e+00  0.000000e+00 -1.000000e+00
   outer loop
     vertex  5.221140e+00  1.292480e+02  0.000000e+00
     vertex  4.546140e+00  1.292022e+02  0.000000e+00
     vertex  4.680545e+00  1.292187e+02  0.000000e+00
   endloop
 endfacet
 facet normal  0.000000e+00  0.000000e+00 -1.000000e+00
   outer loop
     vertex  5.221140e+00  1.292480e+02  0.000000e+00
     vertex  2.211400e-01  1.242480e+02  0.000000e+00
     vertex  3.245347e+00  1.288411e+02  0.000000e+00
   endloop
 endfacet
 facet normal  0.000000e+00  0.000000e+00 -1.000000e+00
   outer loop
     vertex  5.221140e+00  1.292480e+02  0.000000e+00
     vertex  3.245347e+00  1.288411e+02  0.000000e+00
     vertex  4.546140e+00  1.292022e+02  0.000000e+00
   endloop
 endfacet
 facet normal -0.000000e+00  0.000000e+00 -1.000000e+00
   outer loop
     vertex  6.963230e+01  6.498700e+01  0.000000e+00
     vertex  6.924500e+01  5.983710e+01  0.000000e+00
     vertex  6.448250e+01  6.498700e+01  0.000000e+00
   endloop
 endfacet
 facet normal  0.000000e+00 -0.000000e+00 -1.000000e+00
   outer loop
     vertex  6.963230e+01  6.498700e+01  0.000000e+00
     vertex  7.439620e+01  5.983710e+01  0.000000e+00
     vertex  6.924500e+01  5.983710e+01  0.000000e+00
   endloop
 endfacet
 facet normal  0.000000e+00  0.000000e+00 -1.000000e+00
   outer loop
     vertex  9.782000e+01  4.078710e+01  0.000000e+00
     vertex  8.391980e+01  4.078710e+01  0.000000e+00
     vertex  8.829500e+01  4.593700e+01  0.000000e+00
   endloop
 endfacet
 facet normal  0.000000e+00 -0.000000e+00 -1.000000e+00
   outer loop
     vertex  3.114510e+01  1.078490e+02  0.000000e+00
     vertex  3.590750e+01  9.793710e+01  0.000000e+00
     vertex  2.200730e+01  9.793710e+01  0.000000e+00
   endloop
 endfacet
 facet normal -0.000000e+00  0.000000e+00 -1.000000e+00
   outer loop
     vertex  3.114510e+01  1.078490e+02  0.000000e+00
     vertex  2.200730e+01  9.793710e+01  0.000000e+00
     vertex  1.724610e+01  1.078490e+02  0.000000e+00
   endloop
 endfacet
 facet normal  0.000000e+00  0.000000e+00 -1.000000e+00
   outer loop
     vertex  1.724610e+01  1.217480e+02  0.000000e+00
     vertex  2.211400e-01  1.242480e+02  0.000000e+00
     vertex  5.221140e+00  1.292480e+02  0.000000e+00
   endloop
 endfacet
 facet normal -0.000000e+00 -0.000000e+00 -1.000000e+00
   outer loop
     vertex  1.724610e+01  1.217480e+02  0.000000e+00
     vertex  1.724610e+01  1.078490e+02  0.000000e+00
     vertex  2.211400e-01  1.242480e+02  0.000000e+00
   endloop
 endfacet
 facet normal -0.000000e+00 -0.000000e+00 -1.000000e+00
   outer loop
     vertex  1.172570e+02  2.173720e+01  0.000000e+00
     vertex  1.172570e+02  7.836890e+00  0.000000e+00
     vertex  1.121070e+02  2.173720e+01  0.000000e+00
   endloop
 endfacet
 facet normal -0.000000e+00 -0.000000e+00 -1.000000e+00
   outer loop
     vertex  4.105730e+01  9.793710e+01  0.000000e+00
     vertex  4.105730e+01  8.403700e+01  0.000000e+00
     vertex  3.590750e+01  9.793710e+01  0.000000e+00
   endloop
 endfacet
 facet normal -0.000000e+00  0.000000e+00 -1.000000e+00
   outer loop
     vertex  5.495750e+01  8.403700e+01  0.000000e+00
     vertex  4.543250e+01  7.888710e+01  0.000000e+00
     vertex  4.105730e+01  8.403700e+01  0.000000e+00
   endloop
 endfacet
 facet normal  0.000000e+00  0.000000e+00 -1.000000e+00
   outer loop
     vertex  5.495750e+01  8.403700e+01  0.000000e+00
     vertex  5.058230e+01  7.888710e+01  0.000000e+00
     vertex  4.543250e+01  7.888710e+01  0.000000e+00
   endloop
 endfacet
 facet normal -0.000000e+00 -0.000000e+00 -1.000000e+00
   outer loop
     vertex  9.344620e+01  4.593700e+01  0.000000e+00
     vertex  9.782000e+01  4.078710e+01  0.000000e+00
     vertex  8.829500e+01  4.593700e+01  0.000000e+00
   endloop
 endfacet
 facet normal  0.000000e+00 -0.000000e+00 -1.000000e+00
   outer loop
     vertex  1.168700e+02  2.688690e+01  0.000000e+00
     vertex  1.172570e+02  2.173720e+01  0.000000e+00
     vertex  1.121070e+02  2.173720e+01  0.000000e+00
   endloop
 endfacet
 facet normal -0.000000e+00  0.000000e+00 -1.000000e+00
   outer loop
     vertex  1.168700e+02  2.688690e+01  0.000000e+00
     vertex  1.121070e+02  2.173720e+01  0.000000e+00
     vertex  1.029700e+02  2.688690e+01  0.000000e+00
   endloop
 endfacet
 facet normal -0.000000e+00  0.000000e+00 -1.000000e+00
   outer loop
     vertex  1.029700e+02  4.078710e+01  0.000000e+00
     vertex  9.782000e+01  2.688690e+01  0.000000e+00
     vertex  9.782000e+01  4.078710e+01  0.000000e+00
   endloop
 endfacet
 facet normal  0.000000e+00  0.000000e+00 -1.000000e+00
   outer loop
     vertex  1.029700e+02  4.078710e+01  0.000000e+00
     vertex  9.782000e+01  4.078710e+01  0.000000e+00
     vertex  9.344620e+01  4.593700e+01  0.000000e+00
   endloop
 endfacet
 facet normal  0.000000e+00 -0.000000e+00 -1.000000e+00
   outer loop
     vertex  1.029700e+02  4.078710e+01  0.000000e+00
     vertex  1.029700e+02  2.688690e+01  0.000000e+00
     vertex  9.782000e+01  2.688690e+01  0.000000e+00
   endloop
 endfacet
 facet normal  0.000000e+00 -0.000000e+00 -1.000000e+00
   outer loop
     vertex  6.010730e+01  8.403700e+01  0.000000e+00
     vertex  6.448250e+01  7.888710e+01  0.000000e+00
     vertex  5.058230e+01  7.888710e+01  0.000000e+00
   endloop
 endfacet
 facet normal -0.000000e+00  0.000000e+00 -1.000000e+00
   outer loop
     vertex  6.010730e+01  8.403700e+01  0.000000e+00
     vertex  5.058230e+01  7.888710e+01  0.000000e+00
     vertex  5.495750e+01  8.403700e+01  0.000000e+00
   endloop
 endfacet
 facet normal -0.000000e+00  0.000000e+00 -1.000000e+00
   outer loop
     vertex  3.629620e+01  1.078490e+02  0.000000e+00
     vertex  3.590750e+01  9.793710e+01  0.000000e+00
     vertex  3.114510e+01  1.078490e+02  0.000000e+00
   endloop
 endfacet
 facet normal  0.000000e+00 -0.000000e+00 -1.000000e+00
   outer loop
     vertex  3.629620e+01  1.078490e+02  0.000000e+00
     vertex  4.105730e+01  9.793710e+01  0.000000e+00
     vertex  3.590750e+01  9.793710e+01  0.000000e+00
   endloop
 endfacet
 facet normal  0.000000e+00  0.000000e+00 -1.000000e+00
   outer loop
     vertex  6.963230e+01  7.888710e+01  0.000000e+00
     vertex  6.448250e+01  7.888710e+01  0.000000e+00
     vertex  6.010730e+01  8.403700e+01  0.000000e+00
   endloop
 endfacet
 facet normal -0.000000e+00  0.000000e+00 -1.000000e+00
   outer loop
     vertex  6.963230e+01  7.888710e+01  0.000000e+00
     vertex  6.448250e+01  6.498700e+01  0.000000e+00
     vertex  6.448250e+01  7.888710e+01  0.000000e+00
   endloop
 endfacet
 facet normal  0.000000e+00 -0.000000e+00 -1.000000e+00
   outer loop
     vertex  6.963230e+01  7.888710e+01  0.000000e+00
     vertex  6.963230e+01  6.498700e+01  0.000000e+00
     vertex  6.448250e+01  6.498700e+01  0.000000e+00
   endloop
 endfacet
 facet normal -0.000000e+00  0.000000e+00 -1.000000e+00
   outer loop
     vertex  8.353250e+01  6.498700e+01  0.000000e+00
     vertex  7.439620e+01  5.983710e+01  0.000000e+00
     vertex  6.963230e+01  6.498700e+01  0.000000e+00
   endloop
 endfacet
 facet normal  0.000000e+00 -0.000000e+00 -1.000000e+00
   outer loop
     vertex  8.353250e+01  6.498700e+01  0.000000e+00
     vertex  8.829500e+01  5.983710e+01  0.000000e+00
     vertex  7.439620e+01  5.983710e+01  0.000000e+00
   endloop
 endfacet
 facet normal  0.000000e+00  0.000000e+00 -1.000000e+00
   outer loop
     vertex  3.114510e+01  1.217480e+02  0.000000e+00
     vertex  3.629620e+01  1.078490e+02  0.000000e+00
     vertex  3.114510e+01  1.078490e+02  0.000000e+00
   endloop
 endfacet
 facet normal  0.000000e+00  0.000000e+00 -1.000000e+00
   outer loop
     vertex  3.114510e+01  1.217480e+02  0.000000e+00
     vertex  1.724610e+01  1.217480e+02  0.000000e+00
     vertex  5.221140e+00  1.292480e+02  0.000000e+00
   endloop
 endfacet
 facet normal -0.000000e+00  0.000000e+00 -1.000000e+00
   outer loop
     vertex  1.073450e+02  4.593700e+01  0.000000e+00
     vertex  1.029700e+02  4.078710e+01  0.000000e+00
     vertex  9.344620e+01  4.593700e+01  0.000000e+00
   endloop
 endfacet
 facet normal -0.000000e+00  0.000000e+00 -1.000000e+00
   outer loop
     vertex  9.344620e+01  5.983710e+01  0.000000e+00
     vertex  8.829500e+01  4.593700e+01  0.000000e+00
     vertex  8.829500e+01  5.983710e+01  0.000000e+00
   endloop
 endfacet
 facet normal  0.000000e+00 -0.000000e+00 -1.000000e+00
   outer loop
     vertex  9.344620e+01  5.983710e+01  0.000000e+00
     vertex  9.344620e+01  4.593700e+01  0.000000e+00
     vertex  8.829500e+01  4.593700e+01  0.000000e+00
   endloop
 endfacet
 facet normal -0.000000e+00  0.000000e+00 -1.000000e+00
   outer loop
     vertex  8.868230e+01  6.498700e+01  0.000000e+00
     vertex  8.829500e+01  5.983710e+01  0.000000e+00
     vertex  8.353250e+01  6.498700e+01  0.000000e+00
   endloop
 endfacet
 facet normal  0.000000e+00 -0.000000e+00 -1.000000e+00
   outer loop
     vertex  8.868230e+01  6.498700e+01  0.000000e+00
     vertex  9.344620e+01  5.983710e+01  0.000000e+00
     vertex  8.829500e+01  5.983710e+01  0.000000e+00
   endloop
 endfacet
 facet normal -0.000000e+00  0.000000e+00 -1.000000e+00
   outer loop
     vertex  1.291640e+02  2.688690e+01  0.000000e+00
     vertex  1.172570e+02  2.173720e+01  0.000000e+00
     vertex  1.168700e+02  2.688690e+01  0.000000e+00
   endloop
 endfacet
 facet normal  0.000000e+00 -0.000000e+00 -1.000000e+00
   outer loop
     vertex  1.291640e+02  2.688690e+01  0.000000e+00
     vertex  1.311570e+02  2.173720e+01  0.000000e+00
     vertex  1.172570e+02  2.173720e+01  0.000000e+00
   endloop
 endfacet
 facet normal  0.000000e+00  0.000000e+00 -1.000000e+00
   outer loop
     vertex  1.168700e+02  4.078710e+01  0.000000e+00
     vertex  1.291640e+02  2.688690e+01  0.000000e+00
     vertex  1.168700e+02  2.688690e+01  0.000000e+00
   endloop
 endfacet
 facet normal  0.000000e+00 -0.000000e+00 -1.000000e+00
   outer loop
     vertex  5.019500e+01  1.078490e+02  0.000000e+00
     vertex  5.495750e+01  9.793710e+01  0.000000e+00
     vertex  4.105730e+01  9.793710e+01  0.000000e+00
   endloop
 endfacet
 facet normal -0.000000e+00  0.000000e+00 -1.000000e+00
   outer loop
     vertex  5.019500e+01  1.078490e+02  0.000000e+00
     vertex  4.105730e+01  9.793710e+01  0.000000e+00
     vertex  3.629620e+01  1.078490e+02  0.000000e+00
   endloop
 endfacet
 facet normal -0.000000e+00  0.000000e+00 -1.000000e+00
   outer loop
     vertex  1.363070e+02  2.173720e+01  0.000000e+00
     vertex  1.311570e+02  7.836890e+00  0.000000e+00
     vertex  1.311570e+02  2.173720e+01  0.000000e+00
   endloop
 endfacet
 facet normal  0.000000e+00  0.000000e+00 -1.000000e+00
   outer loop
     vertex  1.363070e+02  2.173720e+01  0.000000e+00
     vertex  1.311570e+02  2.173720e+01  0.000000e+00
     vertex  1.291640e+02  2.688690e+01  0.000000e+00
   endloop
 endfacet
 facet normal  0.000000e+00 -0.000000e+00 -1.000000e+00
   outer loop
     vertex  1.363070e+02  2.173720e+01  0.000000e+00
     vertex  1.363070e+02  7.836890e+00  0.000000e+00
     vertex  1.311570e+02  7.836890e+00  0.000000e+00
   endloop
 endfacet
 facet normal  0.000000e+00  0.000000e+00 -1.000000e+00
   outer loop
     vertex  3.629620e+01  1.217480e+02  0.000000e+00
     vertex  3.114510e+01  1.217480e+02  0.000000e+00
     vertex  5.221140e+00  1.292480e+02  0.000000e+00
   endloop
 endfacet
 facet normal -0.000000e+00 -0.000000e+00 -1.000000e+00
   outer loop
     vertex  3.629620e+01  1.217480e+02  0.000000e+00
     vertex  3.629620e+01  1.078490e+02  0.000000e+00
     vertex  3.114510e+01  1.217480e+02  0.000000e+00
   endloop
 endfacet
 facet normal -0.000000e+00  0.000000e+00 -1.000000e+00
   outer loop
     vertex  6.010730e+01  9.793710e+01  0.000000e+00
     vertex  5.495750e+01  8.403700e+01  0.000000e+00
     vertex  5.495750e+01  9.793710e+01  0.000000e+00
   endloop
 endfacet
 facet normal  0.000000e+00 -0.000000e+00 -1.000000e+00
   outer loop
     vertex  6.010730e+01  9.793710e+01  0.000000e+00
     vertex  6.010730e+01  8.403700e+01  0.000000e+00
     vertex  5.495750e+01  8.403700e+01  0.000000e+00
   endloop
 endfacet
 facet normal -0.000000e+00  0.000000e+00 -1.000000e+00
   outer loop
     vertex  7.400750e+01  8.403700e+01  0.000000e+00
     vertex  6.963230e+01  7.888710e+01  0.000000e+00
     vertex  6.010730e+01  8.403700e+01  0.000000e+00
   endloop
 endfacet
 facet normal  0.000000e+00 -0.000000e+00 -1.000000e+00
   outer loop
     vertex  1.124950e+02  4.593700e+01  0.000000e+00
     vertex  1.168700e+02  4.078710e+01  0.000000e+00
     vertex  1.029700e+02  4.078710e+01  0.000000e+00
   endloop
 endfacet
 facet normal -0.000000e+00  0.000000e+00 -1.000000e+00
   outer loop
     vertex  1.124950e+02  4.593700e+01  0.000000e+00
     vertex  1.029700e+02  4.078710e+01  0.000000e+00
     vertex  1.073450e+02  4.593700e+01  0.000000e+00
   endloop
 endfacet
 facet normal  0.000000e+00  0.000000e+00 -1.000000e+00
   outer loop
     vertex  8.353250e+01  7.888710e+01  0.000000e+00
     vertex  8.868230e+01  6.498700e+01  0.000000e+00
     vertex  8.353250e+01  6.498700e+01  0.000000e+00
   endloop
 endfacet
 facet normal  0.000000e+00 -0.000000e+00 -1.000000e+00
   outer loop
     vertex  7.915730e+01  8.403700e+01  0.000000e+00
     vertex  8.353250e+01  7.888710e+01  0.000000e+00
     vertex  6.963230e+01  7.888710e+01  0.000000e+00
   endloop
 endfacet
 facet normal -0.000000e+00  0.000000e+00 -1.000000e+00
   outer loop
     vertex  7.915730e+01  8.403700e+01  0.000000e+00
     vertex  6.963230e+01  7.888710e+01  0.000000e+00
     vertex  7.400750e+01  8.403700e+01  0.000000e+00
   endloop
 endfacet
 facet normal -0.000000e+00  0.000000e+00 -1.000000e+00
   outer loop
     vertex  5.534620e+01  1.078490e+02  0.000000e+00
     vertex  5.495750e+01  9.793710e+01  0.000000e+00
     vertex  5.019500e+01  1.078490e+02  0.000000e+00
   endloop
 endfacet
 facet normal  0.000000e+00 -0.000000e+00 -1.000000e+00
   outer loop
     vertex  5.534620e+01  1.078490e+02  0.000000e+00
     vertex  6.010730e+01  9.793710e+01  0.000000e+00
     vertex  5.495750e+01  9.793710e+01  0.000000e+00
   endloop
 endfacet
 facet normal  0.000000e+00 -0.000000e+00 -1.000000e+00
   outer loop
     vertex  1.025820e+02  6.498700e+01  0.000000e+00
     vertex  1.073450e+02  5.983710e+01  0.000000e+00
     vertex  9.344620e+01  5.983710e+01  0.000000e+00
   endloop
 endfacet
 facet normal -0.000000e+00  0.000000e+00 -1.000000e+00
   outer loop
     vertex  1.025820e+02  6.498700e+01  0.000000e+00
     vertex  9.344620e+01  5.983710e+01  0.000000e+00
     vertex  8.868230e+01  6.498700e+01  0.000000e+00
   endloop
 endfacet
 facet normal -0.000000e+00 -0.000000e+00 -1.000000e+00
   outer loop
     vertex  8.868230e+01  7.888710e+01  0.000000e+00
     vertex  8.868230e+01  6.498700e+01  0.000000e+00
     vertex  8.353250e+01  7.888710e+01  0.000000e+00
   endloop
 endfacet
 facet normal -0.000000e+00  0.000000e+00 -1.000000e+00
   outer loop
     vertex  1.430640e+02  2.688690e+01  0.000000e+00
     vertex  1.363070e+02  2.173720e+01  0.000000e+00
     vertex  1.291640e+02  2.688690e+01  0.000000e+00
   endloop
 endfacet
 facet normal -0.000000e+00 -0.000000e+00 -1.000000e+00
   outer loop
     vertex  1.291640e+02  4.078710e+01  0.000000e+00
     vertex  1.291640e+02  2.688690e+01  0.000000e+00
     vertex  1.168700e+02  4.078710e+01  0.000000e+00
   endloop
 endfacet
 facet normal  0.000000e+00  0.000000e+00 -1.000000e+00
   outer loop
     vertex  5.019500e+01  1.217480e+02  0.000000e+00
     vertex  3.629620e+01  1.217480e+02  0.000000e+00
     vertex  5.221140e+00  1.292480e+02  0.000000e+00
   endloop
 endfacet
 facet normal  0.000000e+00  0.000000e+00 -1.000000e+00
   outer loop
     vertex  1.502070e+02  2.173720e+01  0.000000e+00
     vertex  1.363070e+02  2.173720e+01  0.000000e+00
     vertex  1.430640e+02  2.688690e+01  0.000000e+00
   endloop
 endfacet
 facet normal  0.000000e+00 -0.000000e+00 -1.000000e+00
   outer loop
     vertex  1.263950e+02  4.593700e+01  0.000000e+00
     vertex  1.291640e+02  4.078710e+01  0.000000e+00
     vertex  1.168700e+02  4.078710e+01  0.000000e+00
   endloop
 endfacet
 facet normal -0.000000e+00  0.000000e+00 -1.000000e+00
   outer loop
     vertex  1.263950e+02  4.593700e+01  0.000000e+00
     vertex  1.168700e+02  4.078710e+01  0.000000e+00
     vertex  1.124950e+02  4.593700e+01  0.000000e+00
   endloop
 endfacet
 facet normal  0.000000e+00 -0.000000e+00 -1.000000e+00
   outer loop
     vertex  1.124950e+02  5.983710e+01  0.000000e+00
     vertex  1.124950e+02  4.593700e+01  0.000000e+00
     vertex  1.073450e+02  4.593700e+01  0.000000e+00
   endloop
 endfacet
 facet normal -0.000000e+00  0.000000e+00 -1.000000e+00
   outer loop
     vertex  1.124950e+02  5.983710e+01  0.000000e+00
     vertex  1.073450e+02  4.593700e+01  0.000000e+00
     vertex  1.073450e+02  5.983710e+01  0.000000e+00
   endloop
 endfacet
 facet normal -0.000000e+00  0.000000e+00 -1.000000e+00
   outer loop
     vertex  1.077320e+02  6.498700e+01  0.000000e+00
     vertex  1.073450e+02  5.983710e+01  0.000000e+00
     vertex  1.025820e+02  6.498700e+01  0.000000e+00
   endloop
 endfacet
 facet normal  0.000000e+00 -0.000000e+00 -1.000000e+00
   outer loop
     vertex  1.077320e+02  6.498700e+01  0.000000e+00
     vertex  1.124950e+02  5.983710e+01  0.000000e+00
     vertex  1.073450e+02  5.983710e+01  0.000000e+00
   endloop
 endfacet
 facet normal  0.000000e+00 -0.000000e+00 -1.000000e+00
   outer loop
     vertex  6.924500e+01  1.078490e+02  0.000000e+00
     vertex  7.400750e+01  9.793710e+01  0.000000e+00
     vertex  6.010730e+01  9.793710e+01  0.000000e+00
   endloop
 endfacet
 facet normal -0.000000e+00  0.000000e+00 -1.000000e+00
   outer loop
     vertex  6.924500e+01  1.078490e+02  0.000000e+00
     vertex  6.010730e+01  9.793710e+01  0.000000e+00
     vertex  5.534620e+01  1.078490e+02  0.000000e+00
   endloop
 endfacet
 facet normal -0.000000e+00  0.000000e+00 -1.000000e+00
   outer loop
     vertex  5.534620e+01  1.217480e+02  0.000000e+00
     vertex  5.019500e+01  1.078490e+02  0.000000e+00
     vertex  5.019500e+01  1.217480e+02  0.000000e+00
   endloop
 endfacet
 facet normal  0.000000e+00 -0.000000e+00 -1.000000e+00
   outer loop
     vertex  5.534620e+01  1.217480e+02  0.000000e+00
     vertex  5.534620e+01  1.078490e+02  0.000000e+00
     vertex  5.019500e+01  1.078490e+02  0.000000e+00
   endloop
 endfacet
 facet normal -0.000000e+00  0.000000e+00 -1.000000e+00
   outer loop
     vertex  1.553570e+02  2.173720e+01  0.000000e+00
     vertex  1.502070e+02  7.836890e+00  0.000000e+00
     vertex  1.502070e+02  2.173720e+01  0.000000e+00
   endloop
 endfacet
 facet normal  0.000000e+00 -0.000000e+00 -1.000000e+00
   outer loop
     vertex  1.553570e+02  2.173720e+01  0.000000e+00
     vertex  1.553570e+02  7.836890e+00  0.000000e+00
     vertex  1.502070e+02  7.836890e+00  0.000000e+00
   endloop
 endfacet
 facet normal -0.000000e+00  0.000000e+00 -1.000000e+00
   outer loop
     vertex  7.915730e+01  9.793710e+01  0.000000e+00
     vertex  7.400750e+01  8.403700e+01  0.000000e+00
     vertex  7.400750e+01  9.793710e+01  0.000000e+00
   endloop
 endfacet
 facet normal  0.000000e+00 -0.000000e+00 -1.000000e+00
   outer loop
     vertex  7.915730e+01  9.793710e+01  0.000000e+00
     vertex  7.915730e+01  8.403700e+01  0.000000e+00
     vertex  7.400750e+01  8.403700e+01  0.000000e+00
   endloop
 endfacet
 facet normal  0.000000e+00  0.000000e+00 -1.000000e+00
   outer loop
     vertex  9.305750e+01  8.403700e+01  0.000000e+00
     vertex  8.868230e+01  7.888710e+01  0.000000e+00
     vertex  8.353250e+01  7.888710e+01  0.000000e+00
   endloop
 endfacet
 facet normal -0.000000e+00  0.000000e+00 -1.000000e+00
   outer loop
     vertex  9.305750e+01  8.403700e+01  0.000000e+00
     vertex  8.353250e+01  7.888710e+01  0.000000e+00
     vertex  7.915730e+01  8.403700e+01  0.000000e+00
   endloop
 endfacet
 facet normal  0.000000e+00  0.000000e+00 -1.000000e+00
   outer loop
     vertex  1.351760e+02  4.616700e+01  0.000000e+00
     vertex  1.291640e+02  4.078710e+01  0.000000e+00
     vertex  1.263950e+02  4.593700e+01  0.000000e+00
   endloop
 endfacet
 facet normal  0.000000e+00  0.000000e+00 -1.000000e+00
   outer loop
     vertex  1.025820e+02  7.888710e+01  0.000000e+00
     vertex  8.868230e+01  7.888710e+01  0.000000e+00
     vertex  9.305750e+01  8.403700e+01  0.000000e+00
   endloop
 endfacet
 facet normal -0.000000e+00  0.000000e+00 -1.000000e+00
   outer loop
     vertex  1.369010e+02  4.518730e+01  0.000000e+00
     vertex  1.291640e+02  4.078710e+01  0.000000e+00
     vertex  1.351760e+02  4.616700e+01  0.000000e+00
   endloop
 endfacet
 facet normal -0.000000e+00  0.000000e+00 -1.000000e+00
   outer loop
     vertex  1.553570e+02  2.688690e+01  0.000000e+00
     vertex  1.502070e+02  2.173720e+01  0.000000e+00
     vertex  1.430640e+02  2.688690e+01  0.000000e+00
   endloop
 endfacet
 facet normal  0.000000e+00 -0.000000e+00 -1.000000e+00
   outer loop
     vertex  1.553570e+02  2.688690e+01  0.000000e+00
     vertex  1.553570e+02  2.173720e+01  0.000000e+00
     vertex  1.502070e+02  2.173720e+01  0.000000e+00
   endloop
 endfacet
 facet normal -0.000000e+00 -0.000000e+00 -1.000000e+00
   outer loop
     vertex  9.820730e+01  8.403700e+01  0.000000e+00
     vertex  1.025820e+02  7.888710e+01  0.000000e+00
     vertex  9.305750e+01  8.403700e+01  0.000000e+00
   endloop
 endfacet
 facet normal  0.000000e+00 -0.000000e+00 -1.000000e+00
   outer loop
     vertex  7.439620e+01  1.078490e+02  0.000000e+00
     vertex  7.915730e+01  9.793710e+01  0.000000e+00
     vertex  7.400750e+01  9.793710e+01  0.000000e+00
   endloop
 endfacet
 facet normal -0.000000e+00  0.000000e+00 -1.000000e+00
   outer loop
     vertex  7.439620e+01  1.078490e+02  0.000000e+00
     vertex  7.400750e+01  9.793710e+01  0.000000e+00
     vertex  6.924500e+01  1.078490e+02  0.000000e+00
   endloop
 endfacet
 facet normal -0.000000e+00 -0.000000e+00 -1.000000e+00
   outer loop
     vertex  1.369010e+02  4.616700e+01  0.000000e+00
     vertex  1.369010e+02  4.518730e+01  0.000000e+00
     vertex  1.351760e+02  4.616700e+01  0.000000e+00
   endloop
 endfacet
 facet normal  0.000000e+00  0.000000e+00 -1.000000e+00
   outer loop
     vertex  1.430640e+02  4.078710e+01  0.000000e+00
     vertex  1.291640e+02  4.078710e+01  0.000000e+00
     vertex  1.369010e+02  4.518730e+01  0.000000e+00
   endloop
 endfacet
 facet normal -0.000000e+00 -0.000000e+00 -1.000000e+00
   outer loop
     vertex  1.401010e+02  4.518730e+01  0.000000e+00
     vertex  1.430640e+02  4.078710e+01  0.000000e+00
     vertex  1.369010e+02  4.518730e+01  0.000000e+00
   endloop
 endfacet
 facet normal -0.000000e+00  0.000000e+00 -1.000000e+00
   outer loop
     vertex  1.216320e+02  6.498700e+01  0.000000e+00
     vertex  1.124950e+02  5.983710e+01  0.000000e+00
     vertex  1.077320e+02  6.498700e+01  0.000000e+00
   endloop
 endfacet
 facet normal  0.000000e+00 -0.000000e+00 -1.000000e+00
   outer loop
     vertex  1.216320e+02  6.498700e+01  0.000000e+00
     vertex  1.263950e+02  5.983710e+01  0.000000e+00
     vertex  1.124950e+02  5.983710e+01  0.000000e+00
   endloop
 endfacet
 facet normal  0.000000e+00 -0.000000e+00 -1.000000e+00
   outer loop
     vertex  1.077320e+02  7.888710e+01  0.000000e+00
     vertex  1.077320e+02  6.498700e+01  0.000000e+00
     vertex  1.025820e+02  6.498700e+01  0.000000e+00
   endloop
 endfacet
 facet normal -0.000000e+00  0.000000e+00 -1.000000e+00
   outer loop
     vertex  1.077320e+02  7.888710e+01  0.000000e+00
     vertex  1.025820e+02  6.498700e+01  0.000000e+00
     vertex  1.025820e+02  7.888710e+01  0.000000e+00
   endloop
 endfacet
 facet normal  0.000000e+00  0.000000e+00 -1.000000e+00
   outer loop
     vertex  1.077320e+02  7.888710e+01  0.000000e+00
     vertex  1.025820e+02  7.888710e+01  0.000000e+00
     vertex  9.820730e+01  8.403700e+01  0.000000e+00
   endloop
 endfacet
 facet normal -0.000000e+00  0.000000e+00 -1.000000e+00
   outer loop
     vertex  1.343520e+02  5.243720e+01  0.000000e+00
     vertex  1.263950e+02  4.593700e+01  0.000000e+00
     vertex  1.263950e+02  5.983710e+01  0.000000e+00
   endloop
 endfacet
 facet normal  0.000000e+00 -0.000000e+00 -1.000000e+00
   outer loop
     vertex  1.343520e+02  5.243720e+01  0.000000e+00
     vertex  1.351760e+02  4.616700e+01  0.000000e+00
     vertex  1.263950e+02  4.593700e+01  0.000000e+00
   endloop
 endfacet
 facet normal -0.000000e+00 -0.000000e+00 -1.000000e+00
   outer loop
     vertex  1.351760e+02  5.243720e+01  0.000000e+00
     vertex  1.351760e+02  4.616700e+01  0.000000e+00
     vertex  1.343520e+02  5.243720e+01  0.000000e+00
   endloop
 endfacet
 facet normal  0.000000e+00 -0.000000e+00 -1.000000e+00
   outer loop
     vertex  1.418260e+02  4.616700e+01  0.000000e+00
     vertex  1.430640e+02  4.078710e+01  0.000000e+00
     vertex  1.401010e+02  4.518730e+01  0.000000e+00
   endloop
 endfacet
 facet normal -0.000000e+00  0.000000e+00 -1.000000e+00
   outer loop
     vertex  1.418260e+02  4.616700e+01  0.000000e+00
     vertex  1.401010e+02  4.518730e+01  0.000000e+00
     vertex  1.401010e+02  4.616700e+01  0.000000e+00
   endloop
 endfacet
 facet normal -0.000000e+00  0.000000e+00 -1.000000e+00
   outer loop
     vertex  1.434510e+02  4.593700e+01  0.000000e+00
     vertex  1.430640e+02  4.078710e+01  0.000000e+00
     vertex  1.418260e+02  4.616700e+01  0.000000e+00
   endloop
 endfacet
 facet normal -0.000000e+00 -0.000000e+00 -1.000000e+00
   outer loop
     vertex  1.343520e+02  5.513670e+01  0.000000e+00
     vertex  1.343520e+02  5.243720e+01  0.000000e+00
     vertex  1.263950e+02  5.983710e+01  0.000000e+00
   endloop
 endfacet
 facet normal  0.000000e+00  0.000000e+00 -1.000000e+00
   outer loop
     vertex  1.908070e+02 -4.127700e-01  0.000000e+00
     vertex  9.820730e+01  7.836890e+00  0.000000e+00
     vertex  1.121070e+02  7.836890e+00  0.000000e+00
   endloop
 endfacet
 facet normal  0.000000e+00  0.000000e+00 -1.000000e+00
   outer loop
     vertex  1.908070e+02 -4.127700e-01  0.000000e+00
     vertex  1.172570e+02  7.836890e+00  0.000000e+00
     vertex  1.311570e+02  7.836890e+00  0.000000e+00
   endloop
 endfacet
 facet normal  0.000000e+00  0.000000e+00 -1.000000e+00
   outer loop
     vertex  1.908070e+02 -4.127700e-01  0.000000e+00
     vertex  5.221140e+00 -4.127700e-01  0.000000e+00
     vertex  9.820730e+01  7.836890e+00  0.000000e+00
   endloop
 endfacet
 facet normal  0.000000e+00  0.000000e+00 -1.000000e+00
   outer loop
     vertex  1.908070e+02 -4.127700e-01  0.000000e+00
     vertex  1.363070e+02  7.836890e+00  0.000000e+00
     vertex  1.502070e+02  7.836890e+00  0.000000e+00
   endloop
 endfacet
 facet normal  0.000000e+00  0.000000e+00 -1.000000e+00
   outer loop
     vertex  1.908070e+02 -4.127700e-01  0.000000e+00
     vertex  1.553570e+02  7.836890e+00  0.000000e+00
     vertex  1.692570e+02  7.836890e+00  0.000000e+00
   endloop
 endfacet
 facet normal  0.000000e+00  0.000000e+00 -1.000000e+00
   outer loop
     vertex  1.908070e+02 -4.127700e-01  0.000000e+00
     vertex  1.502070e+02  7.836890e+00  0.000000e+00
     vertex  1.553570e+02  7.836890e+00  0.000000e+00
   endloop
 endfacet
 facet normal  0.000000e+00  0.000000e+00 -1.000000e+00
   outer loop
     vertex  1.908070e+02 -4.127700e-01  0.000000e+00
     vertex  1.692570e+02  7.836890e+00  0.000000e+00
     vertex  1.744070e+02  7.836890e+00  0.000000e+00
   endloop
 endfacet
 facet normal  0.000000e+00  0.000000e+00 -1.000000e+00
   outer loop
     vertex  1.908070e+02 -4.127700e-01  0.000000e+00
     vertex  1.121070e+02  7.836890e+00  0.000000e+00
     vertex  1.172570e+02  7.836890e+00  0.000000e+00
   endloop
 endfacet
 facet normal  0.000000e+00  0.000000e+00 -1.000000e+00
   outer loop
     vertex  1.908070e+02 -4.127700e-01  0.000000e+00
     vertex  1.311570e+02  7.836890e+00  0.000000e+00
     vertex  1.363070e+02  7.836890e+00  0.000000e+00
   endloop
 endfacet
 facet normal -0.000000e+00  0.000000e+00 -1.000000e+00
   outer loop
     vertex  1.267820e+02  6.498700e+01  0.000000e+00
     vertex  1.263950e+02  5.983710e+01  0.000000e+00
     vertex  1.216320e+02  6.498700e+01  0.000000e+00
   endloop
 endfacet
 facet normal  0.000000e+00 -0.000000e+00 -1.000000e+00
   outer loop
     vertex  1.351760e+02  5.836670e+01  0.000000e+00
     vertex  1.351760e+02  5.513670e+01  0.000000e+00
     vertex  1.343520e+02  5.513670e+01  0.000000e+00
   endloop
 endfacet
 facet normal  0.000000e+00  0.000000e+00 -1.000000e+00
   outer loop
     vertex  1.351760e+02  5.836670e+01  0.000000e+00
     vertex  1.263950e+02  5.983710e+01  0.000000e+00
     vertex  1.267820e+02  6.498700e+01  0.000000e+00
   endloop
 endfacet
 facet normal -0.000000e+00  0.000000e+00 -1.000000e+00
   outer loop
     vertex  1.351760e+02  5.836670e+01  0.000000e+00
     vertex  1.343520e+02  5.513670e+01  0.000000e+00
     vertex  1.263950e+02  5.983710e+01  0.000000e+00
   endloop
 endfacet
 facet normal  0.000000e+00 -0.000000e+00 -1.000000e+00
   outer loop
     vertex  1.434510e+02  5.063740e+01  0.000000e+00
     vertex  1.434510e+02  4.593700e+01  0.000000e+00
     vertex  1.418260e+02  4.616700e+01  0.000000e+00
   endloop
 endfacet
 facet normal -0.000000e+00  0.000000e+00 -1.000000e+00
   outer loop
     vertex  1.434510e+02  5.063740e+01  0.000000e+00
     vertex  1.418260e+02  4.616700e+01  0.000000e+00
     vertex  1.418260e+02  5.063740e+01  0.000000e+00
   endloop
 endfacet
 facet normal  0.000000e+00  0.000000e+00 -1.000000e+00
   outer loop
     vertex  1.883070e+02  7.836890e+00  0.000000e+00
     vertex  1.909424e+02 -4.109364e-01  0.000000e+00
     vertex  1.908070e+02 -4.127700e-01  0.000000e+00
   endloop
 endfacet
 facet normal  0.000000e+00  0.000000e+00 -1.000000e+00
   outer loop
     vertex  1.883070e+02  7.836890e+00  0.000000e+00
     vertex  1.910777e+02 -4.054371e-01  0.000000e+00
     vertex  1.909424e+02 -4.109364e-01  0.000000e+00
   endloop
 endfacet
 facet normal  0.000000e+00  0.000000e+00 -1.000000e+00
   outer loop
     vertex  1.883070e+02  7.836890e+00  0.000000e+00
     vertex  1.912128e+02 -3.962759e-01  0.000000e+00
     vertex  1.910777e+02 -4.054371e-01  0.000000e+00
   endloop
 endfacet
 facet normal  0.000000e+00  0.000000e+00 -1.000000e+00
   outer loop
     vertex  1.883070e+02  7.836890e+00  0.000000e+00
     vertex  1.913476e+02 -3.834598e-01  0.000000e+00
     vertex  1.912128e+02 -3.962759e-01  0.000000e+00
   endloop
 endfacet
 facet normal  0.000000e+00  0.000000e+00 -1.000000e+00
   outer loop
     vertex  1.883070e+02  7.836890e+00  0.000000e+00
     vertex  1.914820e+02 -3.669980e-01  0.000000e+00
     vertex  1.913476e+02 -3.834598e-01  0.000000e+00
   endloop
 endfacet
 facet normal  0.000000e+00  0.000000e+00 -1.000000e+00
   outer loop
     vertex  1.883070e+02  7.836890e+00  0.000000e+00
     vertex  1.916159e+02 -3.469026e-01  0.000000e+00
     vertex  1.914820e+02 -3.669980e-01  0.000000e+00
   endloop
 endfacet
 facet normal  0.000000e+00  0.000000e+00 -1.000000e+00
   outer loop
     vertex  1.883070e+02  7.836890e+00  0.000000e+00
     vertex  1.917492e+02 -3.231884e-01  0.000000e+00
     vertex  1.916159e+02 -3.469026e-01  0.000000e+00
   endloop
 endfacet
 facet normal  0.000000e+00  0.000000e+00 -1.000000e+00
   outer loop
     vertex  1.883070e+02  7.836890e+00  0.000000e+00
     vertex  1.918819e+02 -2.958728e-01  0.000000e+00
     vertex  1.917492e+02 -3.231884e-01  0.000000e+00
   endloop
 endfacet
 facet normal  0.000000e+00  0.000000e+00 -1.000000e+00
   outer loop
     vertex  1.883070e+02  7.836890e+00  0.000000e+00
     vertex  1.920137e+02 -2.649757e-01  0.000000e+00
     vertex  1.918819e+02 -2.958728e-01  0.000000e+00
   endloop
 endfacet
 facet normal  0.000000e+00  0.000000e+00 -1.000000e+00
   outer loop
     vertex  1.883070e+02  7.836890e+00  0.000000e+00
     vertex  1.921446e+02 -2.305200e-01  0.000000e+00
     vertex  1.920137e+02 -2.649757e-01  0.000000e+00
   endloop
 endfacet
 facet normal  0.000000e+00  0.000000e+00 -1.000000e+00
   outer loop
     vertex  1.883070e+02  7.836890e+00  0.000000e+00
     vertex  1.922746e+02 -1.925307e-01  0.000000e+00
     vertex  1.921446e+02 -2.305200e-01  0.000000e+00
   endloop
 endfacet
 facet normal  0.000000e+00  0.000000e+00 -1.000000e+00
   outer loop
     vertex  1.883070e+02  7.836890e+00  0.000000e+00
     vertex  1.924035e+02 -1.510359e-01  0.000000e+00
     vertex  1.922746e+02 -1.925307e-01  0.000000e+00
   endloop
 endfacet
 facet normal  0.000000e+00  0.000000e+00 -1.000000e+00
   outer loop
     vertex  1.883070e+02  7.836890e+00  0.000000e+00
     vertex  1.925312e+02 -1.060658e-01  0.000000e+00
     vertex  1.924035e+02 -1.510359e-01  0.000000e+00
   endloop
 endfacet
 facet normal  0.000000e+00  0.000000e+00 -1.000000e+00
   outer loop
     vertex  1.883070e+02  7.836890e+00  0.000000e+00
     vertex  1.926577e+02 -5.765360e-02  0.000000e+00
     vertex  1.925312e+02 -1.060658e-01  0.000000e+00
   endloop
 endfacet
 facet normal  0.000000e+00  0.000000e+00 -1.000000e+00
   outer loop
     vertex  1.883070e+02  7.836890e+00  0.000000e+00
     vertex  1.927828e+02 -5.834689e-03  0.000000e+00
     vertex  1.926577e+02 -5.765360e-02  0.000000e+00
   endloop
 endfacet
 facet normal  0.000000e+00  0.000000e+00 -1.000000e+00
   outer loop
     vertex  1.883070e+02  7.836890e+00  0.000000e+00
     vertex  1.929064e+02  4.935290e-02  0.000000e+00
     vertex  1.927828e+02 -5.834689e-03  0.000000e+00
   endloop
 endfacet
 facet normal  0.000000e+00  0.000000e+00 -1.000000e+00
   outer loop
     vertex  1.883070e+02  7.836890e+00  0.000000e+00
     vertex  1.930286e+02  1.078687e-01  0.000000e+00
     vertex  1.929064e+02  4.935290e-02  0.000000e+00
   endloop
 endfacet
 facet normal  0.000000e+00  0.000000e+00 -1.000000e+00
   outer loop
     vertex  1.883070e+02  7.836890e+00  0.000000e+00
     vertex  1.931490e+02  1.696698e-01  0.000000e+00
     vertex  1.930286e+02  1.078687e-01  0.000000e+00
   endloop
 endfacet
 facet normal  0.000000e+00  0.000000e+00 -1.000000e+00
   outer loop
     vertex  1.883070e+02  7.836890e+00  0.000000e+00
     vertex  1.932678e+02  2.347108e-01  0.000000e+00
     vertex  1.931490e+02  1.696698e-01  0.000000e+00
   endloop
 endfacet
 facet normal  0.000000e+00  0.000000e+00 -1.000000e+00
   outer loop
     vertex  1.883070e+02  7.836890e+00  0.000000e+00
     vertex  1.933848e+02  3.029441e-01  0.000000e+00
     vertex  1.932678e+02  2.347108e-01  0.000000e+00
   endloop
 endfacet
 facet normal  0.000000e+00  0.000000e+00 -1.000000e+00
   outer loop
     vertex  1.883070e+02  7.836890e+00  0.000000e+00
     vertex  1.934998e+02  3.743196e-01  0.000000e+00
     vertex  1.933848e+02  3.029441e-01  0.000000e+00
   endloop
 endfacet
 facet normal  0.000000e+00  0.000000e+00 -1.000000e+00
   outer loop
     vertex  1.883070e+02  7.836890e+00  0.000000e+00
     vertex  1.936129e+02  4.487850e-01  0.000000e+00
     vertex  1.934998e+02  3.743196e-01  0.000000e+00
   endloop
 endfacet
 facet normal  0.000000e+00  0.000000e+00 -1.000000e+00
   outer loop
     vertex  1.883070e+02  7.836890e+00  0.000000e+00
     vertex  1.937240e+02  5.262856e-01  0.000000e+00
     vertex  1.936129e+02  4.487850e-01  0.000000e+00
   endloop
 endfacet
 facet normal  0.000000e+00  0.000000e+00 -1.000000e+00
   outer loop
     vertex  1.883070e+02  7.836890e+00  0.000000e+00
     vertex  1.938329e+02  6.067647e-01  0.000000e+00
     vertex  1.937240e+02  5.262856e-01  0.000000e+00
   endloop
 endfacet
 facet normal  0.000000e+00  0.000000e+00 -1.000000e+00
   outer loop
     vertex  1.883070e+02  7.836890e+00  0.000000e+00
     vertex  1.939395e+02  6.901631e-01  0.000000e+00
     vertex  1.938329e+02  6.067647e-01  0.000000e+00
   endloop
 endfacet
 facet normal  0.000000e+00  0.000000e+00 -1.000000e+00
   outer loop
     vertex  1.883070e+02  7.836890e+00  0.000000e+00
     vertex  1.940439e+02  7.764197e-01  0.000000e+00
     vertex  1.939395e+02  6.901631e-01  0.000000e+00
   endloop
 endfacet
 facet normal  0.000000e+00  0.000000e+00 -1.000000e+00
   outer loop
     vertex  1.883070e+02  7.836890e+00  0.000000e+00
     vertex  1.941459e+02  8.654713e-01  0.000000e+00
     vertex  1.940439e+02  7.764197e-01  0.000000e+00
   endloop
 endfacet
 facet normal  0.000000e+00  0.000000e+00 -1.000000e+00
   outer loop
     vertex  1.883070e+02  7.836890e+00  0.000000e+00
     vertex  1.942455e+02  9.572525e-01  0.000000e+00
     vertex  1.941459e+02  8.654713e-01  0.000000e+00
   endloop
 endfacet
 facet normal  0.000000e+00  0.000000e+00 -1.000000e+00
   outer loop
     vertex  1.883070e+02  7.836890e+00  0.000000e+00
     vertex  1.943425e+02  1.051696e+00  0.000000e+00
     vertex  1.942455e+02  9.572525e-01  0.000000e+00
   endloop
 endfacet
 facet normal  0.000000e+00  0.000000e+00 -1.000000e+00
   outer loop
     vertex  1.883070e+02  7.836890e+00  0.000000e+00
     vertex  1.944370e+02  1.148733e+00  0.000000e+00
     vertex  1.943425e+02  1.051696e+00  0.000000e+00
   endloop
 endfacet
 facet normal  0.000000e+00  0.000000e+00 -1.000000e+00
   outer loop
     vertex  1.883070e+02  7.836890e+00  0.000000e+00
     vertex  1.945288e+02  1.248291e+00  0.000000e+00
     vertex  1.944370e+02  1.148733e+00  0.000000e+00
   endloop
 endfacet
 facet normal  0.000000e+00  0.000000e+00 -1.000000e+00
   outer loop
     vertex  1.883070e+02  7.836890e+00  0.000000e+00
     vertex  1.946178e+02  1.350299e+00  0.000000e+00
     vertex  1.945288e+02  1.248291e+00  0.000000e+00
   endloop
 endfacet
 facet normal -0.000000e+00 -0.000000e+00 -1.000000e+00
   outer loop
     vertex  1.883070e+02  7.836890e+00  0.000000e+00
     vertex  1.908070e+02 -4.127700e-01  0.000000e+00
     vertex  1.744070e+02  7.836890e+00  0.000000e+00
   endloop
 endfacet
 facet normal  0.000000e+00 -0.000000e+00 -1.000000e+00
   outer loop
     vertex  1.692570e+02  2.688690e+01  0.000000e+00
     vertex  1.692570e+02  2.173720e+01  0.000000e+00
     vertex  1.553570e+02  2.173720e+01  0.000000e+00
   endloop
 endfacet
 facet normal -0.000000e+00  0.000000e+00 -1.000000e+00
   outer loop
     vertex  1.692570e+02  2.688690e+01  0.000000e+00
     vertex  1.553570e+02  2.173720e+01  0.000000e+00
     vertex  1.553570e+02  2.688690e+01  0.000000e+00
   endloop
 endfacet
 facet normal -0.000000e+00  0.000000e+00 -1.000000e+00
   outer loop
     vertex  1.121070e+02  8.403700e+01  0.000000e+00
     vertex  1.077320e+02  7.888710e+01  0.000000e+00
     vertex  9.820730e+01  8.403700e+01  0.000000e+00
   endloop
 endfacet
 facet normal -0.000000e+00  0.000000e+00 -1.000000e+00
   outer loop
     vertex  8.829500e+01  1.078490e+02  0.000000e+00
     vertex  7.915730e+01  9.793710e+01  0.000000e+00
     vertex  7.439620e+01  1.078490e+02  0.000000e+00
   endloop
 endfacet
 facet normal  0.000000e+00 -0.000000e+00 -1.000000e+00
   outer loop
     vertex  8.829500e+01  1.078490e+02  0.000000e+00
     vertex  9.305750e+01  9.793710e+01  0.000000e+00
     vertex  7.915730e+01  9.793710e+01  0.000000e+00
   endloop
 endfacet
 facet normal  0.000000e+00 -0.000000e+00 -1.000000e+00
   outer loop
     vertex  1.553570e+02  4.078710e+01  0.000000e+00
     vertex  1.553570e+02  2.688690e+01  0.000000e+00
     vertex  1.430640e+02  2.688690e+01  0.000000e+00
   endloop
 endfacet
 facet normal -0.000000e+00  0.000000e+00 -1.000000e+00
   outer loop
     vertex  1.553570e+02  4.078710e+01  0.000000e+00
     vertex  1.430640e+02  2.688690e+01  0.000000e+00
     vertex  1.430640e+02  4.078710e+01  0.000000e+00
   endloop
 endfacet
 facet normal  0.000000e+00  0.000000e+00 -1.000000e+00
   outer loop
     vertex  1.553570e+02  4.078710e+01  0.000000e+00
     vertex  1.430640e+02  4.078710e+01  0.000000e+00
     vertex  1.434510e+02  4.593700e+01  0.000000e+00
   endloop
 endfacet
 facet normal -0.000000e+00  0.000000e+00 -1.000000e+00
   outer loop
     vertex  7.439620e+01  1.217480e+02  0.000000e+00
     vertex  6.924500e+01  1.078490e+02  0.000000e+00
     vertex  6.924500e+01  1.217480e+02  0.000000e+00
   endloop
 endfacet
 facet normal  0.000000e+00 -0.000000e+00 -1.000000e+00
   outer loop
     vertex  7.439620e+01  1.217480e+02  0.000000e+00
     vertex  7.439620e+01  1.078490e+02  0.000000e+00
     vertex  6.924500e+01  1.078490e+02  0.000000e+00
   endloop
 endfacet
 facet normal -0.000000e+00  0.000000e+00 -1.000000e+00
   outer loop
     vertex  1.744070e+02  2.173720e+01  0.000000e+00
     vertex  1.692570e+02  7.836890e+00  0.000000e+00
     vertex  1.692570e+02  2.173720e+01  0.000000e+00
   endloop
 endfacet
 facet normal  0.000000e+00 -0.000000e+00 -1.000000e+00
   outer loop
     vertex  1.744070e+02  2.173720e+01  0.000000e+00
     vertex  1.744070e+02  7.836890e+00  0.000000e+00
     vertex  1.692570e+02  7.836890e+00  0.000000e+00
   endloop
 endfacet
 facet normal -0.000000e+00  0.000000e+00 -1.000000e+00
   outer loop
     vertex  9.820730e+01  9.793710e+01  0.000000e+00
     vertex  9.305750e+01  8.403700e+01  0.000000e+00
     vertex  9.305750e+01  9.793710e+01  0.000000e+00
   endloop
 endfacet
 facet normal  0.000000e+00 -0.000000e+00 -1.000000e+00
   outer loop
     vertex  9.820730e+01  9.793710e+01  0.000000e+00
     vertex  9.820730e+01  8.403700e+01  0.000000e+00
     vertex  9.305750e+01  8.403700e+01  0.000000e+00
   endloop
 endfacet
 facet normal -0.000000e+00  0.000000e+00 -1.000000e+00
   outer loop
     vertex  1.947041e+02  1.454680e+00  0.000000e+00
     vertex  1.946178e+02  1.350299e+00  0.000000e+00
     vertex  1.883070e+02  7.836890e+00  0.000000e+00
   endloop
 endfacet
 facet normal  0.000000e+00 -0.000000e+00 -1.000000e+00
   outer loop
     vertex  1.369010e+02  5.928750e+01  0.000000e+00
     vertex  1.369010e+02  5.836670e+01  0.000000e+00
     vertex  1.351760e+02  5.836670e+01  0.000000e+00
   endloop
 endfacet
 facet normal -0.000000e+00  0.000000e+00 -1.000000e+00
   outer loop
     vertex  1.369010e+02  5.928750e+01  0.000000e+00
     vertex  1.351760e+02  5.836670e+01  0.000000e+00
     vertex  1.267820e+02  6.498700e+01  0.000000e+00
   endloop
 endfacet
 facet normal -0.000000e+00  0.000000e+00 -1.000000e+00
   outer loop
     vertex  1.947875e+02  1.561359e+00  0.000000e+00
     vertex  1.947041e+02  1.454680e+00  0.000000e+00
     vertex  1.883070e+02  7.836890e+00  0.000000e+00
   endloop
 endfacet
 facet normal -0.000000e+00  0.000000e+00 -1.000000e+00
   outer loop
     vertex  1.948679e+02  1.670257e+00  0.000000e+00
     vertex  1.947875e+02  1.561359e+00  0.000000e+00
     vertex  1.883070e+02  7.836890e+00  0.000000e+00
   endloop
 endfacet
 facet normal -0.000000e+00  0.000000e+00 -1.000000e+00
   outer loop
     vertex  1.949454e+02  1.781295e+00  0.000000e+00
     vertex  1.948679e+02  1.670257e+00  0.000000e+00
     vertex  1.883070e+02  7.836890e+00  0.000000e+00
   endloop
 endfacet
 facet normal -0.000000e+00  0.000000e+00 -1.000000e+00
   outer loop
     vertex  1.950199e+02  1.894390e+00  0.000000e+00
     vertex  1.949454e+02  1.781295e+00  0.000000e+00
     vertex  1.883070e+02  7.836890e+00  0.000000e+00
   endloop
 endfacet
 facet normal -0.000000e+00  0.000000e+00 -1.000000e+00
   outer loop
     vertex  1.950913e+02  2.009461e+00  0.000000e+00
     vertex  1.950199e+02  1.894390e+00  0.000000e+00
     vertex  1.883070e+02  7.836890e+00  0.000000e+00
   endloop
 endfacet
 facet normal -0.000000e+00  0.000000e+00 -1.000000e+00
   outer loop
     vertex  1.951595e+02  2.126422e+00  0.000000e+00
     vertex  1.950913e+02  2.009461e+00  0.000000e+00
     vertex  1.883070e+02  7.836890e+00  0.000000e+00
   endloop
 endfacet
 facet normal -0.000000e+00  0.000000e+00 -1.000000e+00
   outer loop
     vertex  1.952246e+02  2.245188e+00  0.000000e+00
     vertex  1.951595e+02  2.126422e+00  0.000000e+00
     vertex  1.883070e+02  7.836890e+00  0.000000e+00
   endloop
 endfacet
 facet normal -0.000000e+00  0.000000e+00 -1.000000e+00
   outer loop
     vertex  1.952864e+02  2.365671e+00  0.000000e+00
     vertex  1.952246e+02  2.245188e+00  0.000000e+00
     vertex  1.883070e+02  7.836890e+00  0.000000e+00
   endloop
 endfacet
 facet normal -0.000000e+00  0.000000e+00 -1.000000e+00
   outer loop
     vertex  1.953449e+02  2.487784e+00  0.000000e+00
     vertex  1.952864e+02  2.365671e+00  0.000000e+00
     vertex  1.883070e+02  7.836890e+00  0.000000e+00
   endloop
 endfacet
 facet normal -0.000000e+00  0.000000e+00 -1.000000e+00
   outer loop
     vertex  1.954001e+02  2.611437e+00  0.000000e+00
     vertex  1.953449e+02  2.487784e+00  0.000000e+00
     vertex  1.883070e+02  7.836890e+00  0.000000e+00
   endloop
 endfacet
 facet normal -0.000000e+00  0.000000e+00 -1.000000e+00
   outer loop
     vertex  1.954519e+02  2.736539e+00  0.000000e+00
     vertex  1.954001e+02  2.611437e+00  0.000000e+00
     vertex  1.883070e+02  7.836890e+00  0.000000e+00
   endloop
 endfacet
 facet normal -0.000000e+00  0.000000e+00 -1.000000e+00
   outer loop
     vertex  1.955003e+02  2.862998e+00  0.000000e+00
     vertex  1.954519e+02  2.736539e+00  0.000000e+00
     vertex  1.883070e+02  7.836890e+00  0.000000e+00
   endloop
 endfacet
 facet normal -0.000000e+00  0.000000e+00 -1.000000e+00
   outer loop
     vertex  1.955453e+02  2.990722e+00  0.000000e+00
     vertex  1.955003e+02  2.862998e+00  0.000000e+00
     vertex  1.883070e+02  7.836890e+00  0.000000e+00
   endloop
 endfacet
 facet normal -0.000000e+00  0.000000e+00 -1.000000e+00
   outer loop
     vertex  1.955868e+02  3.119617e+00  0.000000e+00
     vertex  1.955453e+02  2.990722e+00  0.000000e+00
     vertex  1.883070e+02  7.836890e+00  0.000000e+00
   endloop
 endfacet
 facet normal -0.000000e+00  0.000000e+00 -1.000000e+00
   outer loop
     vertex  1.956247e+02  3.249588e+00  0.000000e+00
     vertex  1.955868e+02  3.119617e+00  0.000000e+00
     vertex  1.883070e+02  7.836890e+00  0.000000e+00
   endloop
 endfacet
 facet normal -0.000000e+00  0.000000e+00 -1.000000e+00
   outer loop
     vertex  1.956592e+02  3.380541e+00  0.000000e+00
     vertex  1.956247e+02  3.249588e+00  0.000000e+00
     vertex  1.883070e+02  7.836890e+00  0.000000e+00
   endloop
 endfacet
 facet normal -0.000000e+00  0.000000e+00 -1.000000e+00
   outer loop
     vertex  1.956901e+02  3.512378e+00  0.000000e+00
     vertex  1.956592e+02  3.380541e+00  0.000000e+00
     vertex  1.883070e+02  7.836890e+00  0.000000e+00
   endloop
 endfacet
 facet normal -0.000000e+00  0.000000e+00 -1.000000e+00
   outer loop
     vertex  1.957174e+02  3.645003e+00  0.000000e+00
     vertex  1.956901e+02  3.512378e+00  0.000000e+00
     vertex  1.883070e+02  7.836890e+00  0.000000e+00
   endloop
 endfacet
 facet normal -0.000000e+00  0.000000e+00 -1.000000e+00
   outer loop
     vertex  1.957411e+02  3.778320e+00  0.000000e+00
     vertex  1.957174e+02  3.645003e+00  0.000000e+00
     vertex  1.883070e+02  7.836890e+00  0.000000e+00
   endloop
 endfacet
 facet normal -0.000000e+00  0.000000e+00 -1.000000e+00
   outer loop
     vertex  1.957612e+02  3.912230e+00  0.000000e+00
     vertex  1.957411e+02  3.778320e+00  0.000000e+00
     vertex  1.883070e+02  7.836890e+00  0.000000e+00
   endloop
 endfacet
 facet normal -0.000000e+00  0.000000e+00 -1.000000e+00
   outer loop
     vertex  1.957777e+02  4.046635e+00  0.000000e+00
     vertex  1.957612e+02  3.912230e+00  0.000000e+00
     vertex  1.883070e+02  7.836890e+00  0.000000e+00
   endloop
 endfacet
 facet normal -0.000000e+00  0.000000e+00 -1.000000e+00
   outer loop
     vertex  1.957905e+02  4.181436e+00  0.000000e+00
     vertex  1.957777e+02  4.046635e+00  0.000000e+00
     vertex  1.883070e+02  7.836890e+00  0.000000e+00
   endloop
 endfacet
 facet normal -0.000000e+00  0.000000e+00 -1.000000e+00
   outer loop
     vertex  1.957997e+02  4.316535e+00  0.000000e+00
     vertex  1.957905e+02  4.181436e+00  0.000000e+00
     vertex  1.883070e+02  7.836890e+00  0.000000e+00
   endloop
 endfacet
 facet normal  0.000000e+00  0.000000e+00 -1.000000e+00
   outer loop
     vertex  1.418260e+02  5.836670e+01  0.000000e+00
     vertex  1.401010e+02  5.836670e+01  0.000000e+00
     vertex  1.401010e+02  5.928750e+01  0.000000e+00
   endloop
 endfacet
 facet normal  0.000000e+00  0.000000e+00 -1.000000e+00
   outer loop
     vertex  1.418260e+02  5.836670e+01  0.000000e+00
     vertex  1.434510e+02  5.513670e+01  0.000000e+00
     vertex  1.418260e+02  5.513670e+01  0.000000e+00
   endloop
 endfacet
 facet normal -0.000000e+00  0.000000e+00 -1.000000e+00
   outer loop
     vertex  1.958052e+02  4.451833e+00  0.000000e+00
     vertex  1.957997e+02  4.316535e+00  0.000000e+00
     vertex  1.883070e+02  7.836890e+00  0.000000e+00
   endloop
 endfacet
 facet normal -0.000000e+00  0.000000e+00 -1.000000e+00
   outer loop
     vertex  1.958070e+02  4.587230e+00  0.000000e+00
     vertex  1.958052e+02  4.451833e+00  0.000000e+00
     vertex  1.883070e+02  7.836890e+00  0.000000e+00
   endloop
 endfacet
 facet normal  0.000000e+00  0.000000e+00 -1.000000e+00
   outer loop
     vertex  1.216320e+02  7.888710e+01  0.000000e+00
     vertex  1.267820e+02  6.498700e+01  0.000000e+00
     vertex  1.216320e+02  6.498700e+01  0.000000e+00
   endloop
 endfacet
 facet normal -0.000000e+00  0.000000e+00 -1.000000e+00
   outer loop
     vertex  1.744070e+02  2.688690e+01  0.000000e+00
     vertex  1.692570e+02  2.173720e+01  0.000000e+00
     vertex  1.692570e+02  2.688690e+01  0.000000e+00
   endloop
 endfacet
 facet normal  0.000000e+00 -0.000000e+00 -1.000000e+00
   outer loop
     vertex  1.744070e+02  2.688690e+01  0.000000e+00
     vertex  1.744070e+02  2.173720e+01  0.000000e+00
     vertex  1.692570e+02  2.173720e+01  0.000000e+00
   endloop
 endfacet
 facet normal  0.000000e+00 -0.000000e+00 -1.000000e+00
   outer loop
     vertex  1.172570e+02  8.403700e+01  0.000000e+00
     vertex  1.216320e+02  7.888710e+01  0.000000e+00
     vertex  1.077320e+02  7.888710e+01  0.000000e+00
   endloop
 endfacet
 facet normal -0.000000e+00  0.000000e+00 -1.000000e+00
   outer loop
     vertex  1.172570e+02  8.403700e+01  0.000000e+00
     vertex  1.077320e+02  7.888710e+01  0.000000e+00
     vertex  1.121070e+02  8.403700e+01  0.000000e+00
   endloop
 endfacet
 facet normal -0.000000e+00  0.000000e+00 -1.000000e+00
   outer loop
     vertex  9.344620e+01  1.078490e+02  0.000000e+00
     vertex  9.305750e+01  9.793710e+01  0.000000e+00
     vertex  8.829500e+01  1.078490e+02  0.000000e+00
   endloop
 endfacet
 facet normal  0.000000e+00 -0.000000e+00 -1.000000e+00
   outer loop
     vertex  9.344620e+01  1.078490e+02  0.000000e+00
     vertex  9.820730e+01  9.793710e+01  0.000000e+00
     vertex  9.305750e+01  9.793710e+01  0.000000e+00
   endloop
 endfacet
 facet normal -0.000000e+00  0.000000e+00 -1.000000e+00
   outer loop
     vertex  1.573510e+02  4.593700e+01  0.000000e+00
     vertex  1.553570e+02  4.078710e+01  0.000000e+00
     vertex  1.434510e+02  4.593700e+01  0.000000e+00
   endloop
 endfacet
 facet normal  0.000000e+00  0.000000e+00 -1.000000e+00
   outer loop
     vertex  1.434510e+02  5.983710e+01  0.000000e+00
     vertex  1.418260e+02  5.836670e+01  0.000000e+00
     vertex  1.401010e+02  5.928750e+01  0.000000e+00
   endloop
 endfacet
 facet normal  0.000000e+00 -0.000000e+00 -1.000000e+00
   outer loop
     vertex  1.434510e+02  5.983710e+01  0.000000e+00
     vertex  1.434510e+02  5.513670e+01  0.000000e+00
     vertex  1.418260e+02  5.836670e+01  0.000000e+00
   endloop
 endfacet
 facet normal  0.000000e+00  0.000000e+00 -1.000000e+00
   outer loop
     vertex  1.406820e+02  6.498700e+01  0.000000e+00
     vertex  1.401010e+02  5.928750e+01  0.000000e+00
     vertex  1.369010e+02  5.928750e+01  0.000000e+00
   endloop
 endfacet
 facet normal  0.000000e+00 -0.000000e+00 -1.000000e+00
   outer loop
     vertex  1.406820e+02  6.498700e+01  0.000000e+00
     vertex  1.434510e+02  5.983710e+01  0.000000e+00
     vertex  1.401010e+02  5.928750e+01  0.000000e+00
   endloop
 endfacet
 facet normal -0.000000e+00  0.000000e+00 -1.000000e+00
   outer loop
     vertex  1.406820e+02  6.498700e+01  0.000000e+00
     vertex  1.369010e+02  5.928750e+01  0.000000e+00
     vertex  1.267820e+02  6.498700e+01  0.000000e+00
   endloop
 endfacet
 facet normal -0.000000e+00 -0.000000e+00 -1.000000e+00
   outer loop
     vertex  1.267820e+02  7.888710e+01  0.000000e+00
     vertex  1.267820e+02  6.498700e+01  0.000000e+00
     vertex  1.216320e+02  7.888710e+01  0.000000e+00
   endloop
 endfacet
 facet normal  0.000000e+00  0.000000e+00 -1.000000e+00
   outer loop
     vertex  1.607010e+02  4.518730e+01  0.000000e+00
     vertex  1.573510e+02  4.593700e+01  0.000000e+00
     vertex  1.589760e+02  4.616700e+01  0.000000e+00
   endloop
 endfacet
 facet normal -0.000000e+00  0.000000e+00 -1.000000e+00
   outer loop
     vertex  1.607010e+02  4.518730e+01  0.000000e+00
     vertex  1.553570e+02  4.078710e+01  0.000000e+00
     vertex  1.573510e+02  4.593700e+01  0.000000e+00
   endloop
 endfacet
 facet normal -0.000000e+00 -0.000000e+00 -1.000000e+00
   outer loop
     vertex  1.607010e+02  4.616700e+01  0.000000e+00
     vertex  1.607010e+02  4.518730e+01  0.000000e+00
     vertex  1.589760e+02  4.616700e+01  0.000000e+00
   endloop
 endfacet
 facet normal  0.000000e+00  0.000000e+00 -1.000000e+00
   outer loop
     vertex  1.573510e+02  5.063740e+01  0.000000e+00
     vertex  1.589760e+02  4.616700e+01  0.000000e+00
     vertex  1.573510e+02  4.593700e+01  0.000000e+00
   endloop
 endfacet
 facet normal -0.000000e+00  0.000000e+00 -1.000000e+00
   outer loop
     vertex  1.639010e+02  4.518730e+01  0.000000e+00
     vertex  1.553570e+02  4.078710e+01  0.000000e+00
     vertex  1.607010e+02  4.518730e+01  0.000000e+00
   endloop
 endfacet
 facet normal -0.000000e+00 -0.000000e+00 -1.000000e+00
   outer loop
     vertex  1.589760e+02  5.063740e+01  0.000000e+00
     vertex  1.589760e+02  4.616700e+01  0.000000e+00
     vertex  1.573510e+02  5.063740e+01  0.000000e+00
   endloop
 endfacet
 facet normal  0.000000e+00  0.000000e+00 -1.000000e+00
   outer loop
     vertex  1.692570e+02  4.078710e+01  0.000000e+00
     vertex  1.553570e+02  4.078710e+01  0.000000e+00
     vertex  1.639010e+02  4.518730e+01  0.000000e+00
   endloop
 endfacet
 facet normal  0.000000e+00  0.000000e+00 -1.000000e+00
   outer loop
     vertex  1.883070e+02  2.173720e+01  0.000000e+00
     vertex  1.958070e+02  4.587230e+00  0.000000e+00
     vertex  1.883070e+02  7.836890e+00  0.000000e+00
   endloop
 endfacet
 facet normal  0.000000e+00 -0.000000e+00 -1.000000e+00
   outer loop
     vertex  1.656260e+02  4.616700e+01  0.000000e+00
     vertex  1.692570e+02  4.078710e+01  0.000000e+00
     vertex  1.639010e+02  4.518730e+01  0.000000e+00
   endloop
 endfacet
 facet normal -0.000000e+00  0.000000e+00 -1.000000e+00
   outer loop
     vertex  1.656260e+02  4.616700e+01  0.000000e+00
     vertex  1.639010e+02  4.518730e+01  0.000000e+00
     vertex  1.639010e+02  4.616700e+01  0.000000e+00
   endloop
 endfacet
 facet normal  0.000000e+00  0.000000e+00 -1.000000e+00
   outer loop
     vertex  1.883070e+02  2.688690e+01  0.000000e+00
     vertex  1.958070e+02  4.587230e+00  0.000000e+00
     vertex  1.883070e+02  2.173720e+01  0.000000e+00
   endloop
 endfacet
 facet normal -0.000000e+00  0.000000e+00 -1.000000e+00
   outer loop
     vertex  1.883070e+02  2.688690e+01  0.000000e+00
     vertex  1.744070e+02  2.173720e+01  0.000000e+00
     vertex  1.744070e+02  2.688690e+01  0.000000e+00
   endloop
 endfacet
 facet normal  0.000000e+00 -0.000000e+00 -1.000000e+00
   outer loop
     vertex  1.883070e+02  2.688690e+01  0.000000e+00
     vertex  1.883070e+02  2.173720e+01  0.000000e+00
     vertex  1.744070e+02  2.173720e+01  0.000000e+00
   endloop
 endfacet
 facet normal -0.000000e+00  0.000000e+00 -1.000000e+00
   outer loop
     vertex  1.311570e+02  8.403700e+01  0.000000e+00
     vertex  1.216320e+02  7.888710e+01  0.000000e+00
     vertex  1.172570e+02  8.403700e+01  0.000000e+00
   endloop
 endfacet
 facet normal  0.000000e+00  0.000000e+00 -1.000000e+00
   outer loop
     vertex  1.311570e+02  8.403700e+01  0.000000e+00
     vertex  1.267820e+02  7.888710e+01  0.000000e+00
     vertex  1.216320e+02  7.888710e+01  0.000000e+00
   endloop
 endfacet
 facet normal -0.000000e+00  0.000000e+00 -1.000000e+00
   outer loop
     vertex  1.073450e+02  1.078490e+02  0.000000e+00
     vertex  9.820730e+01  9.793710e+01  0.000000e+00
     vertex  9.344620e+01  1.078490e+02  0.000000e+00
   endloop
 endfacet
 facet normal  0.000000e+00 -0.000000e+00 -1.000000e+00
   outer loop
     vertex  1.073450e+02  1.078490e+02  0.000000e+00
     vertex  1.121070e+02  9.793710e+01  0.000000e+00
     vertex  9.820730e+01  9.793710e+01  0.000000e+00
   endloop
 endfacet
 facet normal  0.000000e+00 -0.000000e+00 -1.000000e+00
   outer loop
     vertex  1.172570e+02  9.793710e+01  0.000000e+00
     vertex  1.172570e+02  8.403700e+01  0.000000e+00
     vertex  1.121070e+02  8.403700e+01  0.000000e+00
   endloop
 endfacet
 facet normal -0.000000e+00  0.000000e+00 -1.000000e+00
   outer loop
     vertex  1.172570e+02  9.793710e+01  0.000000e+00
     vertex  1.121070e+02  8.403700e+01  0.000000e+00
     vertex  1.121070e+02  9.793710e+01  0.000000e+00
   endloop
 endfacet
 facet normal  0.000000e+00 -0.000000e+00 -1.000000e+00
   outer loop
     vertex  1.744070e+02  4.078710e+01  0.000000e+00
     vertex  1.744070e+02  2.688690e+01  0.000000e+00
     vertex  1.692570e+02  2.688690e+01  0.000000e+00
   endloop
 endfacet
 facet normal -0.000000e+00  0.000000e+00 -1.000000e+00
   outer loop
     vertex  1.744070e+02  4.078710e+01  0.000000e+00
     vertex  1.692570e+02  2.688690e+01  0.000000e+00
     vertex  1.692570e+02  4.078710e+01  0.000000e+00
   endloop
 endfacet
 facet normal  0.000000e+00 -0.000000e+00 -1.000000e+00
   outer loop
     vertex  9.344620e+01  1.217480e+02  0.000000e+00
     vertex  9.344620e+01  1.078490e+02  0.000000e+00
     vertex  8.829500e+01  1.078490e+02  0.000000e+00
   endloop
 endfacet
 facet normal -0.000000e+00  0.000000e+00 -1.000000e+00
   outer loop
     vertex  9.344620e+01  1.217480e+02  0.000000e+00
     vertex  8.829500e+01  1.078490e+02  0.000000e+00
     vertex  8.829500e+01  1.217480e+02  0.000000e+00
   endloop
 endfacet
 facet normal -0.000000e+00  0.000000e+00 -1.000000e+00
   outer loop
     vertex  1.505960e+02  6.498700e+01  0.000000e+00
     vertex  1.434510e+02  5.983710e+01  0.000000e+00
     vertex  1.406820e+02  6.498700e+01  0.000000e+00
   endloop
 endfacet
 facet normal  0.000000e+00  0.000000e+00 -1.000000e+00
   outer loop
     vertex  1.573510e+02  5.983710e+01  0.000000e+00
     vertex  1.434510e+02  5.983710e+01  0.000000e+00
     vertex  1.505960e+02  6.498700e+01  0.000000e+00
   endloop
 endfacet
 facet normal -0.000000e+00  0.000000e+00 -1.000000e+00
   outer loop
     vertex  1.589760e+02  5.836670e+01  0.000000e+00
     vertex  1.573510e+02  5.513670e+01  0.000000e+00
     vertex  1.573510e+02  5.983710e+01  0.000000e+00
   endloop
 endfacet
 facet normal  0.000000e+00 -0.000000e+00 -1.000000e+00
   outer loop
     vertex  1.589760e+02  5.836670e+01  0.000000e+00
     vertex  1.589760e+02  5.513670e+01  0.000000e+00
     vertex  1.573510e+02  5.513670e+01  0.000000e+00
   endloop
 endfacet
 facet normal -0.000000e+00  0.000000e+00 -1.000000e+00
   outer loop
     vertex  1.664520e+02  5.243720e+01  0.000000e+00
     vertex  1.656260e+02  4.616700e+01  0.000000e+00
     vertex  1.656260e+02  5.243720e+01  0.000000e+00
   endloop
 endfacet
 facet normal  0.000000e+00  0.000000e+00 -1.000000e+00
   outer loop
     vertex  1.406820e+02  7.888710e+01  0.000000e+00
     vertex  1.267820e+02  7.888710e+01  0.000000e+00
     vertex  1.311570e+02  8.403700e+01  0.000000e+00
   endloop
 endfacet
 facet normal -0.000000e+00  0.000000e+00 -1.000000e+00
   outer loop
     vertex  1.607010e+02  5.928750e+01  0.000000e+00
     vertex  1.589760e+02  5.836670e+01  0.000000e+00
     vertex  1.573510e+02  5.983710e+01  0.000000e+00
   endloop
 endfacet
 facet normal  0.000000e+00 -0.000000e+00 -1.000000e+00
   outer loop
     vertex  1.607010e+02  5.928750e+01  0.000000e+00
     vertex  1.607010e+02  5.836670e+01  0.000000e+00
     vertex  1.589760e+02  5.836670e+01  0.000000e+00
   endloop
 endfacet
 facet normal -0.000000e+00  0.000000e+00 -1.000000e+00
   outer loop
     vertex  1.744070e+02  4.593700e+01  0.000000e+00
     vertex  1.692570e+02  4.078710e+01  0.000000e+00
     vertex  1.656260e+02  4.616700e+01  0.000000e+00
   endloop
 endfacet
 facet normal  0.000000e+00 -0.000000e+00 -1.000000e+00
   outer loop
     vertex  1.744070e+02  4.593700e+01  0.000000e+00
     vertex  1.744070e+02  4.078710e+01  0.000000e+00
     vertex  1.692570e+02  4.078710e+01  0.000000e+00
   endloop
 endfacet
 facet normal  0.000000e+00  0.000000e+00 -1.000000e+00
   outer loop
     vertex  1.744070e+02  4.593700e+01  0.000000e+00
     vertex  1.656260e+02  4.616700e+01  0.000000e+00
     vertex  1.664520e+02  5.243720e+01  0.000000e+00
   endloop
 endfacet
 facet normal -0.000000e+00  0.000000e+00 -1.000000e+00
   outer loop
     vertex  1.124950e+02  1.078490e+02  0.000000e+00
     vertex  1.121070e+02  9.793710e+01  0.000000e+00
     vertex  1.073450e+02  1.078490e+02  0.000000e+00
   endloop
 endfacet
 facet normal  0.000000e+00 -0.000000e+00 -1.000000e+00
   outer loop
     vertex  1.124950e+02  1.078490e+02  0.000000e+00
     vertex  1.172570e+02  9.793710e+01  0.000000e+00
     vertex  1.121070e+02  9.793710e+01  0.000000e+00
   endloop
 endfacet
 facet normal  0.000000e+00 -0.000000e+00 -1.000000e+00
   outer loop
     vertex  1.375570e+02  8.426700e+01  0.000000e+00
     vertex  1.406820e+02  7.888710e+01  0.000000e+00
     vertex  1.311570e+02  8.403700e+01  0.000000e+00
   endloop
 endfacet
 facet normal -0.000000e+00 -0.000000e+00 -1.000000e+00
   outer loop
     vertex  1.392820e+02  8.328730e+01  0.000000e+00
     vertex  1.406820e+02  7.888710e+01  0.000000e+00
     vertex  1.375570e+02  8.426700e+01  0.000000e+00
   endloop
 endfacet
 facet normal -0.000000e+00 -0.000000e+00 -1.000000e+00
   outer loop
     vertex  1.392820e+02  8.426700e+01  0.000000e+00
     vertex  1.392820e+02  8.328730e+01  0.000000e+00
     vertex  1.375570e+02  8.426700e+01  0.000000e+00
   endloop
 endfacet
 facet normal  0.000000e+00  0.000000e+00 -1.000000e+00
   outer loop
     vertex  1.656260e+02  5.836670e+01  0.000000e+00
     vertex  1.639010e+02  5.836670e+01  0.000000e+00
     vertex  1.639010e+02  5.928750e+01  0.000000e+00
   endloop
 endfacet
 facet normal  0.000000e+00  0.000000e+00 -1.000000e+00
   outer loop
     vertex  1.656260e+02  5.836670e+01  0.000000e+00
     vertex  1.664520e+02  5.513670e+01  0.000000e+00
     vertex  1.656260e+02  5.513670e+01  0.000000e+00
   endloop
 endfacet
 facet normal -0.000000e+00  0.000000e+00 -1.000000e+00
   outer loop
     vertex  1.424820e+02  8.328730e+01  0.000000e+00
     vertex  1.406820e+02  7.888710e+01  0.000000e+00
     vertex  1.392820e+02  8.328730e+01  0.000000e+00
   endloop
 endfacet
 facet normal  0.000000e+00 -0.000000e+00 -1.000000e+00
   outer loop
     vertex  1.367330e+02  9.053720e+01  0.000000e+00
     vertex  1.375570e+02  8.426700e+01  0.000000e+00
     vertex  1.311570e+02  8.403700e+01  0.000000e+00
   endloop
 endfacet
 facet normal -0.000000e+00 -0.000000e+00 -1.000000e+00
   outer loop
     vertex  1.375570e+02  9.053720e+01  0.000000e+00
     vertex  1.375570e+02  8.426700e+01  0.000000e+00
     vertex  1.367330e+02  9.053720e+01  0.000000e+00
   endloop
 endfacet
 facet normal -0.000000e+00  0.000000e+00 -1.000000e+00
   outer loop
     vertex  1.442070e+02  8.426700e+01  0.000000e+00
     vertex  1.424820e+02  8.328730e+01  0.000000e+00
     vertex  1.424820e+02  8.426700e+01  0.000000e+00
   endloop
 endfacet
 facet normal  0.000000e+00  0.000000e+00 -1.000000e+00
   outer loop
     vertex  1.311570e+02  9.793710e+01  0.000000e+00
     vertex  1.367330e+02  9.053720e+01  0.000000e+00
     vertex  1.311570e+02  8.403700e+01  0.000000e+00
   endloop
 endfacet
 facet normal  0.000000e+00  0.000000e+00 -1.000000e+00
   outer loop
     vertex  1.883070e+02  4.078710e+01  0.000000e+00
     vertex  1.958070e+02  4.587230e+00  0.000000e+00
     vertex  1.883070e+02  2.688690e+01  0.000000e+00
   endloop
 endfacet
 facet normal  0.000000e+00  0.000000e+00 -1.000000e+00
   outer loop
     vertex  1.883070e+02  4.078710e+01  0.000000e+00
     vertex  1.744070e+02  4.078710e+01  0.000000e+00
     vertex  1.744070e+02  4.593700e+01  0.000000e+00
   endloop
 endfacet
 facet normal  0.000000e+00 -0.000000e+00 -1.000000e+00
   outer loop
     vertex  1.644950e+02  6.498700e+01  0.000000e+00
     vertex  1.656260e+02  5.836670e+01  0.000000e+00
     vertex  1.639010e+02  5.928750e+01  0.000000e+00
   endloop
 endfacet
 facet normal  0.000000e+00  0.000000e+00 -1.000000e+00
   outer loop
     vertex  1.644950e+02  6.498700e+01  0.000000e+00
     vertex  1.639010e+02  5.928750e+01  0.000000e+00
     vertex  1.607010e+02  5.928750e+01  0.000000e+00
   endloop
 endfacet
 facet normal -0.000000e+00  0.000000e+00 -1.000000e+00
   outer loop
     vertex  1.644950e+02  6.498700e+01  0.000000e+00
     vertex  1.573510e+02  5.983710e+01  0.000000e+00
     vertex  1.505960e+02  6.498700e+01  0.000000e+00
   endloop
 endfacet
 facet normal  0.000000e+00  0.000000e+00 -1.000000e+00
   outer loop
     vertex  1.644950e+02  6.498700e+01  0.000000e+00
     vertex  1.607010e+02  5.928750e+01  0.000000e+00
     vertex  1.573510e+02  5.983710e+01  0.000000e+00
   endloop
 endfacet
 facet normal  0.000000e+00 -0.000000e+00 -1.000000e+00
   outer loop
     vertex  1.505960e+02  7.888710e+01  0.000000e+00
     vertex  1.505960e+02  6.498700e+01  0.000000e+00
     vertex  1.406820e+02  6.498700e+01  0.000000e+00
   endloop
 endfacet
 facet normal -0.000000e+00  0.000000e+00 -1.000000e+00
   outer loop
     vertex  1.505960e+02  7.888710e+01  0.000000e+00
     vertex  1.406820e+02  6.498700e+01  0.000000e+00
     vertex  1.406820e+02  7.888710e+01  0.000000e+00
   endloop
 endfacet
 facet normal -0.000000e+00  0.000000e+00 -1.000000e+00
   outer loop
     vertex  1.458320e+02  8.403700e+01  0.000000e+00
     vertex  1.424820e+02  8.328730e+01  0.000000e+00
     vertex  1.442070e+02  8.426700e+01  0.000000e+00
   endloop
 endfacet
 facet normal  0.000000e+00 -0.000000e+00 -1.000000e+00
   outer loop
     vertex  1.458320e+02  8.403700e+01  0.000000e+00
     vertex  1.505960e+02  7.888710e+01  0.000000e+00
     vertex  1.406820e+02  7.888710e+01  0.000000e+00
   endloop
 endfacet
 facet normal  0.000000e+00  0.000000e+00 -1.000000e+00
   outer loop
     vertex  1.458320e+02  8.403700e+01  0.000000e+00
     vertex  1.406820e+02  7.888710e+01  0.000000e+00
     vertex  1.424820e+02  8.328730e+01  0.000000e+00
   endloop
 endfacet
 facet normal -0.000000e+00 -0.000000e+00 -1.000000e+00
   outer loop
     vertex  1.367330e+02  9.323670e+01  0.000000e+00
     vertex  1.367330e+02  9.053720e+01  0.000000e+00
     vertex  1.311570e+02  9.793710e+01  0.000000e+00
   endloop
 endfacet
 facet normal -0.000000e+00  0.000000e+00 -1.000000e+00
   outer loop
     vertex  1.375570e+02  9.646670e+01  0.000000e+00
     vertex  1.367330e+02  9.323670e+01  0.000000e+00
     vertex  1.311570e+02  9.793710e+01  0.000000e+00
   endloop
 endfacet
 facet normal  0.000000e+00 -0.000000e+00 -1.000000e+00
   outer loop
     vertex  1.375570e+02  9.646670e+01  0.000000e+00
     vertex  1.375570e+02  9.323670e+01  0.000000e+00
     vertex  1.367330e+02  9.323670e+01  0.000000e+00
   endloop
 endfacet
 facet normal -0.000000e+00  0.000000e+00 -1.000000e+00
   outer loop
     vertex  1.124950e+02  1.217480e+02  0.000000e+00
     vertex  1.073450e+02  1.078490e+02  0.000000e+00
     vertex  1.073450e+02  1.217480e+02  0.000000e+00
   endloop
 endfacet
 facet normal  0.000000e+00 -0.000000e+00 -1.000000e+00
   outer loop
     vertex  1.124950e+02  1.217480e+02  0.000000e+00
     vertex  1.124950e+02  1.078490e+02  0.000000e+00
     vertex  1.073450e+02  1.078490e+02  0.000000e+00
   endloop
 endfacet
 facet normal -0.000000e+00 -0.000000e+00 -1.000000e+00
   outer loop
     vertex  1.883070e+02  4.593700e+01  0.000000e+00
     vertex  1.883070e+02  4.078710e+01  0.000000e+00
     vertex  1.744070e+02  4.593700e+01  0.000000e+00
   endloop
 endfacet
 facet normal  0.000000e+00  0.000000e+00 -1.000000e+00
   outer loop
     vertex  1.883070e+02  4.593700e+01  0.000000e+00
     vertex  1.958070e+02  4.587230e+00  0.000000e+00
     vertex  1.883070e+02  4.078710e+01  0.000000e+00
   endloop
 endfacet
 facet normal  0.000000e+00 -0.000000e+00 -1.000000e+00
   outer loop
     vertex  1.263950e+02  1.078490e+02  0.000000e+00
     vertex  1.311570e+02  9.793710e+01  0.000000e+00
     vertex  1.172570e+02  9.793710e+01  0.000000e+00
   endloop
 endfacet
 facet normal -0.000000e+00  0.000000e+00 -1.000000e+00
   outer loop
     vertex  1.263950e+02  1.078490e+02  0.000000e+00
     vertex  1.172570e+02  9.793710e+01  0.000000e+00
     vertex  1.124950e+02  1.078490e+02  0.000000e+00
   endloop
 endfacet
 facet normal  0.000000e+00  0.000000e+00 -1.000000e+00
   outer loop
     vertex  1.744070e+02  5.983710e+01  0.000000e+00
     vertex  1.664520e+02  5.243720e+01  0.000000e+00
     vertex  1.664520e+02  5.513670e+01  0.000000e+00
   endloop
 endfacet
 facet normal  0.000000e+00 -0.000000e+00 -1.000000e+00
   outer loop
     vertex  1.744070e+02  5.983710e+01  0.000000e+00
     vertex  1.744070e+02  4.593700e+01  0.000000e+00
     vertex  1.664520e+02  5.243720e+01  0.000000e+00
   endloop
 endfacet
 facet normal  0.000000e+00  0.000000e+00 -1.000000e+00
   outer loop
     vertex  1.744070e+02  5.983710e+01  0.000000e+00
     vertex  1.664520e+02  5.513670e+01  0.000000e+00
     vertex  1.656260e+02  5.836670e+01  0.000000e+00
   endloop
 endfacet
 facet normal -0.000000e+00  0.000000e+00 -1.000000e+00
   outer loop
     vertex  1.458320e+02  8.873740e+01  0.000000e+00
     vertex  1.442070e+02  8.426700e+01  0.000000e+00
     vertex  1.442070e+02  8.873740e+01  0.000000e+00
   endloop
 endfacet
 facet normal  0.000000e+00 -0.000000e+00 -1.000000e+00
   outer loop
     vertex  1.458320e+02  8.873740e+01  0.000000e+00
     vertex  1.458320e+02  8.403700e+01  0.000000e+00
     vertex  1.442070e+02  8.426700e+01  0.000000e+00
   endloop
 endfacet
 facet normal  0.000000e+00 -0.000000e+00 -1.000000e+00
   outer loop
     vertex  1.392820e+02  9.738750e+01  0.000000e+00
     vertex  1.392820e+02  9.646670e+01  0.000000e+00
     vertex  1.375570e+02  9.646670e+01  0.000000e+00
   endloop
 endfacet
 facet normal -0.000000e+00  0.000000e+00 -1.000000e+00
   outer loop
     vertex  1.744070e+02  6.498700e+01  0.000000e+00
     vertex  1.656260e+02  5.836670e+01  0.000000e+00
     vertex  1.644950e+02  6.498700e+01  0.000000e+00
   endloop
 endfacet
 facet normal  0.000000e+00 -0.000000e+00 -1.000000e+00
   outer loop
     vertex  1.744070e+02  6.498700e+01  0.000000e+00
     vertex  1.744070e+02  5.983710e+01  0.000000e+00
     vertex  1.656260e+02  5.836670e+01  0.000000e+00
   endloop
 endfacet
 facet normal  0.000000e+00  0.000000e+00 -1.000000e+00
   outer loop
     vertex  1.442070e+02  9.646670e+01  0.000000e+00
     vertex  1.424820e+02  9.646670e+01  0.000000e+00
     vertex  1.424820e+02  9.738750e+01  0.000000e+00
   endloop
 endfacet
 facet normal  0.000000e+00  0.000000e+00 -1.000000e+00
   outer loop
     vertex  1.442070e+02  9.646670e+01  0.000000e+00
     vertex  1.458320e+02  9.323670e+01  0.000000e+00
     vertex  1.442070e+02  9.323670e+01  0.000000e+00
   endloop
 endfacet
 facet normal -0.000000e+00  0.000000e+00 -1.000000e+00
   outer loop
     vertex  1.597320e+02  8.403700e+01  0.000000e+00
     vertex  1.505960e+02  7.888710e+01  0.000000e+00
     vertex  1.458320e+02  8.403700e+01  0.000000e+00
   endloop
 endfacet
 facet normal  0.000000e+00 -0.000000e+00 -1.000000e+00
   outer loop
     vertex  1.597320e+02  8.403700e+01  0.000000e+00
     vertex  1.644950e+02  7.888710e+01  0.000000e+00
     vertex  1.505960e+02  7.888710e+01  0.000000e+00
   endloop
 endfacet
 facet normal  0.000000e+00  0.000000e+00 -1.000000e+00
   outer loop
     vertex  1.458320e+02  9.793710e+01  0.000000e+00
     vertex  1.442070e+02  9.646670e+01  0.000000e+00
     vertex  1.424820e+02  9.738750e+01  0.000000e+00
   endloop
 endfacet
 facet normal  0.000000e+00 -0.000000e+00 -1.000000e+00
   outer loop
     vertex  1.458320e+02  9.793710e+01  0.000000e+00
     vertex  1.458320e+02  9.323670e+01  0.000000e+00
     vertex  1.442070e+02  9.646670e+01  0.000000e+00
   endloop
 endfacet
 facet normal -0.000000e+00  0.000000e+00 -1.000000e+00
   outer loop
     vertex  1.363070e+02  1.078490e+02  0.000000e+00
     vertex  1.311570e+02  9.793710e+01  0.000000e+00
     vertex  1.263950e+02  1.078490e+02  0.000000e+00
   endloop
 endfacet
 facet normal  0.000000e+00  0.000000e+00 -1.000000e+00
   outer loop
     vertex  1.363070e+02  1.078490e+02  0.000000e+00
     vertex  1.424820e+02  9.738750e+01  0.000000e+00
     vertex  1.392820e+02  9.738750e+01  0.000000e+00
   endloop
 endfacet
 facet normal  0.000000e+00 -0.000000e+00 -1.000000e+00
   outer loop
     vertex  1.363070e+02  1.078490e+02  0.000000e+00
     vertex  1.375570e+02  9.646670e+01  0.000000e+00
     vertex  1.311570e+02  9.793710e+01  0.000000e+00
   endloop
 endfacet
 facet normal  0.000000e+00  0.000000e+00 -1.000000e+00
   outer loop
     vertex  1.363070e+02  1.078490e+02  0.000000e+00
     vertex  1.392820e+02  9.738750e+01  0.000000e+00
     vertex  1.375570e+02  9.646670e+01  0.000000e+00
   endloop
 endfacet
 facet normal  0.000000e+00  0.000000e+00 -1.000000e+00
   outer loop
     vertex  1.363070e+02  1.078490e+02  0.000000e+00
     vertex  1.458320e+02  9.793710e+01  0.000000e+00
     vertex  1.424820e+02  9.738750e+01  0.000000e+00
   endloop
 endfacet
 facet normal -0.000000e+00 -0.000000e+00 -1.000000e+00
   outer loop
     vertex  1.630820e+02  8.328730e+01  0.000000e+00
     vertex  1.644950e+02  7.888710e+01  0.000000e+00
     vertex  1.597320e+02  8.403700e+01  0.000000e+00
   endloop
 endfacet
 facet normal  0.000000e+00  0.000000e+00 -1.000000e+00
   outer loop
     vertex  1.630820e+02  8.328730e+01  0.000000e+00
     vertex  1.597320e+02  8.403700e+01  0.000000e+00
     vertex  1.613570e+02  8.426700e+01  0.000000e+00
   endloop
 endfacet
 facet normal -0.000000e+00 -0.000000e+00 -1.000000e+00
   outer loop
     vertex  1.630820e+02  8.426700e+01  0.000000e+00
     vertex  1.630820e+02  8.328730e+01  0.000000e+00
     vertex  1.613570e+02  8.426700e+01  0.000000e+00
   endloop
 endfacet
 facet normal  0.000000e+00  0.000000e+00 -1.000000e+00
   outer loop
     vertex  1.263950e+02  1.217480e+02  0.000000e+00
     vertex  1.363070e+02  1.078490e+02  0.000000e+00
     vertex  1.263950e+02  1.078490e+02  0.000000e+00
   endloop
 endfacet
 facet normal  0.000000e+00  0.000000e+00 -1.000000e+00
   outer loop
     vertex  1.883070e+02  5.983710e+01  0.000000e+00
     vertex  1.958070e+02  4.587230e+00  0.000000e+00
     vertex  1.883070e+02  4.593700e+01  0.000000e+00
   endloop
 endfacet
 facet normal  0.000000e+00  0.000000e+00 -1.000000e+00
   outer loop
     vertex  1.597320e+02  8.873740e+01  0.000000e+00
     vertex  1.613570e+02  8.426700e+01  0.000000e+00
     vertex  1.597320e+02  8.403700e+01  0.000000e+00
   endloop
 endfacet
 facet normal -0.000000e+00  0.000000e+00 -1.000000e+00
   outer loop
     vertex  1.662830e+02  8.328730e+01  0.000000e+00
     vertex  1.644950e+02  7.888710e+01  0.000000e+00
     vertex  1.630820e+02  8.328730e+01  0.000000e+00
   endloop
 endfacet
 facet normal -0.000000e+00 -0.000000e+00 -1.000000e+00
   outer loop
     vertex  1.613570e+02  8.873740e+01  0.000000e+00
     vertex  1.613570e+02  8.426700e+01  0.000000e+00
     vertex  1.597320e+02  8.873740e+01  0.000000e+00
   endloop
 endfacet
 facet normal -0.000000e+00  0.000000e+00 -1.000000e+00
   outer loop
     vertex  1.680080e+02  8.426700e+01  0.000000e+00
     vertex  1.662830e+02  8.328730e+01  0.000000e+00
     vertex  1.662830e+02  8.426700e+01  0.000000e+00
   endloop
 endfacet
 facet normal  0.000000e+00 -0.000000e+00 -1.000000e+00
   outer loop
     vertex  1.883070e+02  6.498700e+01  0.000000e+00
     vertex  1.883070e+02  5.983710e+01  0.000000e+00
     vertex  1.744070e+02  5.983710e+01  0.000000e+00
   endloop
 endfacet
 facet normal -0.000000e+00  0.000000e+00 -1.000000e+00
   outer loop
     vertex  1.883070e+02  6.498700e+01  0.000000e+00
     vertex  1.744070e+02  5.983710e+01  0.000000e+00
     vertex  1.744070e+02  6.498700e+01  0.000000e+00
   endloop
 endfacet
 facet normal  0.000000e+00 -0.000000e+00 -1.000000e+00
   outer loop
     vertex  1.744070e+02  7.888710e+01  0.000000e+00
     vertex  1.744070e+02  6.498700e+01  0.000000e+00
     vertex  1.644950e+02  6.498700e+01  0.000000e+00
   endloop
 endfacet
 facet normal  0.000000e+00  0.000000e+00 -1.000000e+00
   outer loop
     vertex  1.744070e+02  7.888710e+01  0.000000e+00
     vertex  1.644950e+02  7.888710e+01  0.000000e+00
     vertex  1.662830e+02  8.328730e+01  0.000000e+00
   endloop
 endfacet
 facet normal -0.000000e+00  0.000000e+00 -1.000000e+00
   outer loop
     vertex  1.744070e+02  7.888710e+01  0.000000e+00
     vertex  1.644950e+02  6.498700e+01  0.000000e+00
     vertex  1.644950e+02  7.888710e+01  0.000000e+00
   endloop
 endfacet
 facet normal  0.000000e+00  0.000000e+00 -1.000000e+00
   outer loop
     vertex  1.744070e+02  7.888710e+01  0.000000e+00
     vertex  1.662830e+02  8.328730e+01  0.000000e+00
     vertex  1.680080e+02  8.426700e+01  0.000000e+00
   endloop
 endfacet
 facet normal -0.000000e+00  0.000000e+00 -1.000000e+00
   outer loop
     vertex  1.613570e+02  9.646670e+01  0.000000e+00
     vertex  1.597320e+02  9.323670e+01  0.000000e+00
     vertex  1.597320e+02  9.793710e+01  0.000000e+00
   endloop
 endfacet
 facet normal  0.000000e+00 -0.000000e+00 -1.000000e+00
   outer loop
     vertex  1.613570e+02  9.646670e+01  0.000000e+00
     vertex  1.613570e+02  9.323670e+01  0.000000e+00
     vertex  1.597320e+02  9.323670e+01  0.000000e+00
   endloop
 endfacet
 facet normal -0.000000e+00 -0.000000e+00 -1.000000e+00
   outer loop
     vertex  1.363070e+02  1.217480e+02  0.000000e+00
     vertex  1.363070e+02  1.078490e+02  0.000000e+00
     vertex  1.263950e+02  1.217480e+02  0.000000e+00
   endloop
 endfacet
 facet normal -0.000000e+00  0.000000e+00 -1.000000e+00
   outer loop
     vertex  1.502070e+02  1.078490e+02  0.000000e+00
     vertex  1.458320e+02  9.793710e+01  0.000000e+00
     vertex  1.363070e+02  1.078490e+02  0.000000e+00
   endloop
 endfacet
 facet normal -0.000000e+00 -0.000000e+00 -1.000000e+00
   outer loop
     vertex  1.744070e+02  8.403700e+01  0.000000e+00
     vertex  1.744070e+02  7.888710e+01  0.000000e+00
     vertex  1.680080e+02  8.426700e+01  0.000000e+00
   endloop
 endfacet
 facet normal -0.000000e+00  0.000000e+00 -1.000000e+00
   outer loop
     vertex  1.688330e+02  9.053720e+01  0.000000e+00
     vertex  1.680080e+02  8.426700e+01  0.000000e+00
     vertex  1.680080e+02  9.053720e+01  0.000000e+00
   endloop
 endfacet
 facet normal  0.000000e+00 -0.000000e+00 -1.000000e+00
   outer loop
     vertex  1.688330e+02  9.053720e+01  0.000000e+00
     vertex  1.744070e+02  8.403700e+01  0.000000e+00
     vertex  1.680080e+02  8.426700e+01  0.000000e+00
   endloop
 endfacet
 facet normal -0.000000e+00  0.000000e+00 -1.000000e+00
   outer loop
     vertex  1.630820e+02  9.738750e+01  0.000000e+00
     vertex  1.613570e+02  9.646670e+01  0.000000e+00
     vertex  1.597320e+02  9.793710e+01  0.000000e+00
   endloop
 endfacet
 facet normal  0.000000e+00 -0.000000e+00 -1.000000e+00
   outer loop
     vertex  1.630820e+02  9.738750e+01  0.000000e+00
     vertex  1.630820e+02  9.646670e+01  0.000000e+00
     vertex  1.613570e+02  9.646670e+01  0.000000e+00
   endloop
 endfacet
 facet normal -0.000000e+00  0.000000e+00 -1.000000e+00
   outer loop
     vertex  1.553570e+02  1.078490e+02  0.000000e+00
     vertex  1.458320e+02  9.793710e+01  0.000000e+00
     vertex  1.502070e+02  1.078490e+02  0.000000e+00
   endloop
 endfacet
 facet normal  0.000000e+00 -0.000000e+00 -1.000000e+00
   outer loop
     vertex  1.553570e+02  1.078490e+02  0.000000e+00
     vertex  1.597320e+02  9.793710e+01  0.000000e+00
     vertex  1.458320e+02  9.793710e+01  0.000000e+00
   endloop
 endfacet
 facet normal  0.000000e+00  0.000000e+00 -1.000000e+00
   outer loop
     vertex  1.680080e+02  9.646670e+01  0.000000e+00
     vertex  1.688330e+02  9.323670e+01  0.000000e+00
     vertex  1.680080e+02  9.323670e+01  0.000000e+00
   endloop
 endfacet
 facet normal  0.000000e+00  0.000000e+00 -1.000000e+00
   outer loop
     vertex  1.680080e+02  9.646670e+01  0.000000e+00
     vertex  1.662830e+02  9.646670e+01  0.000000e+00
     vertex  1.662830e+02  9.738750e+01  0.000000e+00
   endloop
 endfacet
 facet normal  0.000000e+00  0.000000e+00 -1.000000e+00
   outer loop
     vertex  1.883070e+02  7.888710e+01  0.000000e+00
     vertex  1.744070e+02  7.888710e+01  0.000000e+00
     vertex  1.744070e+02  8.403700e+01  0.000000e+00
   endloop
 endfacet
 facet normal -0.000000e+00 -0.000000e+00 -1.000000e+00
   outer loop
     vertex  1.883070e+02  8.403700e+01  0.000000e+00
     vertex  1.883070e+02  7.888710e+01  0.000000e+00
     vertex  1.744070e+02  8.403700e+01  0.000000e+00
   endloop
 endfacet
 facet normal  0.000000e+00  0.000000e+00 -1.000000e+00
   outer loop
     vertex  1.744070e+02  9.793710e+01  0.000000e+00
     vertex  1.688330e+02  9.053720e+01  0.000000e+00
     vertex  1.688330e+02  9.323670e+01  0.000000e+00
   endloop
 endfacet
 facet normal  0.000000e+00  0.000000e+00 -1.000000e+00
   outer loop
     vertex  1.744070e+02  9.793710e+01  0.000000e+00
     vertex  1.688330e+02  9.323670e+01  0.000000e+00
     vertex  1.680080e+02  9.646670e+01  0.000000e+00
   endloop
 endfacet
 facet normal  0.000000e+00 -0.000000e+00 -1.000000e+00
   outer loop
     vertex  1.744070e+02  9.793710e+01  0.000000e+00
     vertex  1.744070e+02  8.403700e+01  0.000000e+00
     vertex  1.688330e+02  9.053720e+01  0.000000e+00
   endloop
 endfacet
 facet normal  0.000000e+00 -0.000000e+00 -1.000000e+00
   outer loop
     vertex  1.553570e+02  1.217480e+02  0.000000e+00
     vertex  1.553570e+02  1.078490e+02  0.000000e+00
     vertex  1.502070e+02  1.078490e+02  0.000000e+00
   endloop
 endfacet
 facet normal -0.000000e+00  0.000000e+00 -1.000000e+00
   outer loop
     vertex  1.553570e+02  1.217480e+02  0.000000e+00
     vertex  1.502070e+02  1.078490e+02  0.000000e+00
     vertex  1.502070e+02  1.217480e+02  0.000000e+00
   endloop
 endfacet
 facet normal -0.000000e+00  0.000000e+00 -1.000000e+00
   outer loop
     vertex  1.692570e+02  1.078490e+02  0.000000e+00
     vertex  1.597320e+02  9.793710e+01  0.000000e+00
     vertex  1.553570e+02  1.078490e+02  0.000000e+00
   endloop
 endfacet
 facet normal  0.000000e+00  0.000000e+00 -1.000000e+00
   outer loop
     vertex  1.692570e+02  1.078490e+02  0.000000e+00
     vertex  1.630820e+02  9.738750e+01  0.000000e+00
     vertex  1.597320e+02  9.793710e+01  0.000000e+00
   endloop
 endfacet
 facet normal  0.000000e+00 -0.000000e+00 -1.000000e+00
   outer loop
     vertex  1.692570e+02  1.078490e+02  0.000000e+00
     vertex  1.744070e+02  9.793710e+01  0.000000e+00
     vertex  1.680080e+02  9.646670e+01  0.000000e+00
   endloop
 endfacet
 facet normal  0.000000e+00  0.000000e+00 -1.000000e+00
   outer loop
     vertex  1.692570e+02  1.078490e+02  0.000000e+00
     vertex  1.680080e+02  9.646670e+01  0.000000e+00
     vertex  1.662830e+02  9.738750e+01  0.000000e+00
   endloop
 endfacet
 facet normal  0.000000e+00  0.000000e+00 -1.000000e+00
   outer loop
     vertex  1.692570e+02  1.078490e+02  0.000000e+00
     vertex  1.662830e+02  9.738750e+01  0.000000e+00
     vertex  1.630820e+02  9.738750e+01  0.000000e+00
   endloop
 endfacet
 facet normal -0.000000e+00 -0.000000e+00 -1.000000e+00
   outer loop
     vertex  1.744070e+02  1.078490e+02  0.000000e+00
     vertex  1.744070e+02  9.793710e+01  0.000000e+00
     vertex  1.692570e+02  1.078490e+02  0.000000e+00
   endloop
 endfacet
 facet normal  0.000000e+00 -0.000000e+00 -1.000000e+00
   outer loop
     vertex  1.744070e+02  1.217480e+02  0.000000e+00
     vertex  1.744070e+02  1.078490e+02  0.000000e+00
     vertex  1.692570e+02  1.078490e+02  0.000000e+00
   endloop
 endfacet
 facet normal -0.000000e+00  0.000000e+00 -1.000000e+00
   outer loop
     vertex  1.744070e+02  1.217480e+02  0.000000e+00
     vertex  1.692570e+02  1.078490e+02  0.000000e+00
     vertex  1.692570e+02  1.217480e+02  0.000000e+00
   endloop
 endfacet
 facet normal  0.000000e+00 -0.000000e+00 -1.000000e+00
   outer loop
     vertex  1.883070e+02  1.078490e+02  0.000000e+00
     vertex  1.883070e+02  9.793710e+01  0.000000e+00
     vertex  1.744070e+02  9.793710e+01  0.000000e+00
   endloop
 endfacet
 facet normal -0.000000e+00  0.000000e+00 -1.000000e+00
   outer loop
     vertex  1.883070e+02  1.078490e+02  0.000000e+00
     vertex  1.744070e+02  9.793710e+01  0.000000e+00
     vertex  1.744070e+02  1.078490e+02  0.000000e+00
   endloop
 endfacet
 facet normal  0.000000e+00  0.000000e+00 -1.000000e+00
   outer loop
     vertex  1.958070e+02  1.242480e+02  0.000000e+00
     vertex  1.883070e+02  8.403700e+01  0.000000e+00
     vertex  1.883070e+02  9.793710e+01  0.000000e+00
   endloop
 endfacet
 facet normal  0.000000e+00  0.000000e+00 -1.000000e+00
   outer loop
     vertex  1.958070e+02  1.242480e+02  0.000000e+00
     vertex  1.883070e+02  9.793710e+01  0.000000e+00
     vertex  1.883070e+02  1.078490e+02  0.000000e+00
   endloop
 endfacet
 facet normal  0.000000e+00  0.000000e+00 -1.000000e+00
   outer loop
     vertex  1.958070e+02  1.242480e+02  0.000000e+00
     vertex  1.883070e+02  1.078490e+02  0.000000e+00
     vertex  1.883070e+02  1.217480e+02  0.000000e+00
   endloop
 endfacet
 facet normal  0.000000e+00  0.000000e+00 -1.000000e+00
   outer loop
     vertex  1.958070e+02  1.242480e+02  0.000000e+00
     vertex  1.883070e+02  6.498700e+01  0.000000e+00
     vertex  1.883070e+02  7.888710e+01  0.000000e+00
   endloop
 endfacet
 facet normal  0.000000e+00  0.000000e+00 -1.000000e+00
   outer loop
     vertex  1.958070e+02  1.242480e+02  0.000000e+00
     vertex  1.883070e+02  7.888710e+01  0.000000e+00
     vertex  1.883070e+02  8.403700e+01  0.000000e+00
   endloop
 endfacet
 facet normal  0.000000e+00  0.000000e+00 -1.000000e+00
   outer loop
     vertex  1.908070e+02  1.292480e+02  0.000000e+00
     vertex  1.553570e+02  1.217480e+02  0.000000e+00
     vertex  1.502070e+02  1.217480e+02  0.000000e+00
   endloop
 endfacet
 facet normal  0.000000e+00  0.000000e+00 -1.000000e+00
   outer loop
     vertex  1.908070e+02  1.292480e+02  0.000000e+00
     vertex  1.744070e+02  1.217480e+02  0.000000e+00
     vertex  1.692570e+02  1.217480e+02  0.000000e+00
   endloop
 endfacet
 facet normal  0.000000e+00  0.000000e+00 -1.000000e+00
   outer loop
     vertex  1.908070e+02  1.292480e+02  0.000000e+00
     vertex  1.692570e+02  1.217480e+02  0.000000e+00
     vertex  1.553570e+02  1.217480e+02  0.000000e+00
   endloop
 endfacet
 facet normal  0.000000e+00  0.000000e+00 -1.000000e+00
   outer loop
     vertex  1.908070e+02  1.292480e+02  0.000000e+00
     vertex  1.883070e+02  1.217480e+02  0.000000e+00
     vertex  1.744070e+02  1.217480e+02  0.000000e+00
   endloop
 endfacet
 facet normal -0.000000e+00  0.000000e+00 -1.000000e+00
   outer loop
     vertex  1.909424e+02  1.292462e+02  0.000000e+00
     vertex  1.883070e+02  1.217480e+02  0.000000e+00
     vertex  1.908070e+02  1.292480e+02  0.000000e+00
   endloop
 endfacet
 facet normal  0.000000e+00 -0.000000e+00 -1.000000e+00
   outer loop
     vertex  1.958052e+02  1.243834e+02  0.000000e+00
     vertex  1.958070e+02  1.242480e+02  0.000000e+00
     vertex  1.883070e+02  1.217480e+02  0.000000e+00
   endloop
 endfacet
 facet normal  0.000000e+00 -0.000000e+00 -1.000000e+00
   outer loop
     vertex  1.957997e+02  1.245187e+02  0.000000e+00
     vertex  1.958052e+02  1.243834e+02  0.000000e+00
     vertex  1.883070e+02  1.217480e+02  0.000000e+00
   endloop
 endfacet
 facet normal -0.000000e+00  0.000000e+00 -1.000000e+00
   outer loop
     vertex  1.910777e+02  1.292407e+02  0.000000e+00
     vertex  1.883070e+02  1.217480e+02  0.000000e+00
     vertex  1.909424e+02  1.292462e+02  0.000000e+00
   endloop
 endfacet
 facet normal -0.000000e+00  0.000000e+00 -1.000000e+00
   outer loop
     vertex  1.912128e+02  1.292315e+02  0.000000e+00
     vertex  1.883070e+02  1.217480e+02  0.000000e+00
     vertex  1.910777e+02  1.292407e+02  0.000000e+00
   endloop
 endfacet
 facet normal  0.000000e+00 -0.000000e+00 -1.000000e+00
   outer loop
     vertex  1.957905e+02  1.246538e+02  0.000000e+00
     vertex  1.957997e+02  1.245187e+02  0.000000e+00
     vertex  1.883070e+02  1.217480e+02  0.000000e+00
   endloop
 endfacet
 facet normal -0.000000e+00  0.000000e+00 -1.000000e+00
   outer loop
     vertex  1.913476e+02  1.292187e+02  0.000000e+00
     vertex  1.883070e+02  1.217480e+02  0.000000e+00
     vertex  1.912128e+02  1.292315e+02  0.000000e+00
   endloop
 endfacet
 facet normal  0.000000e+00 -0.000000e+00 -1.000000e+00
   outer loop
     vertex  1.957777e+02  1.247886e+02  0.000000e+00
     vertex  1.957905e+02  1.246538e+02  0.000000e+00
     vertex  1.883070e+02  1.217480e+02  0.000000e+00
   endloop
 endfacet
 facet normal -0.000000e+00  0.000000e+00 -1.000000e+00
   outer loop
     vertex  1.914820e+02  1.292022e+02  0.000000e+00
     vertex  1.883070e+02  1.217480e+02  0.000000e+00
     vertex  1.913476e+02  1.292187e+02  0.000000e+00
   endloop
 endfacet
 facet normal  0.000000e+00 -0.000000e+00 -1.000000e+00
   outer loop
     vertex  1.957612e+02  1.249230e+02  0.000000e+00
     vertex  1.957777e+02  1.247886e+02  0.000000e+00
     vertex  1.883070e+02  1.217480e+02  0.000000e+00
   endloop
 endfacet
 facet normal -0.000000e+00  0.000000e+00 -1.000000e+00
   outer loop
     vertex  1.916159e+02  1.291821e+02  0.000000e+00
     vertex  1.883070e+02  1.217480e+02  0.000000e+00
     vertex  1.914820e+02  1.292022e+02  0.000000e+00
   endloop
 endfacet
 facet normal  0.000000e+00 -0.000000e+00 -1.000000e+00
   outer loop
     vertex  1.957411e+02  1.250569e+02  0.000000e+00
     vertex  1.957612e+02  1.249230e+02  0.000000e+00
     vertex  1.883070e+02  1.217480e+02  0.000000e+00
   endloop
 endfacet
 facet normal  0.000000e+00 -0.000000e+00 -1.000000e+00
   outer loop
     vertex  1.957174e+02  1.251902e+02  0.000000e+00
     vertex  1.957411e+02  1.250569e+02  0.000000e+00
     vertex  1.883070e+02  1.217480e+02  0.000000e+00
   endloop
 endfacet
 facet normal -0.000000e+00  0.000000e+00 -1.000000e+00
   outer loop
     vertex  1.917492e+02  1.291584e+02  0.000000e+00
     vertex  1.883070e+02  1.217480e+02  0.000000e+00
     vertex  1.916159e+02  1.291821e+02  0.000000e+00
   endloop
 endfacet
 facet normal -0.000000e+00  0.000000e+00 -1.000000e+00
   outer loop
     vertex  1.918819e+02  1.291311e+02  0.000000e+00
     vertex  1.883070e+02  1.217480e+02  0.000000e+00
     vertex  1.917492e+02  1.291584e+02  0.000000e+00
   endloop
 endfacet
 facet normal  0.000000e+00 -0.000000e+00 -1.000000e+00
   outer loop
     vertex  1.956901e+02  1.253229e+02  0.000000e+00
     vertex  1.957174e+02  1.251902e+02  0.000000e+00
     vertex  1.883070e+02  1.217480e+02  0.000000e+00
   endloop
 endfacet
 facet normal  0.000000e+00 -0.000000e+00 -1.000000e+00
   outer loop
     vertex  1.956592e+02  1.254547e+02  0.000000e+00
     vertex  1.956901e+02  1.253229e+02  0.000000e+00
     vertex  1.883070e+02  1.217480e+02  0.000000e+00
   endloop
 endfacet
 facet normal -0.000000e+00  0.000000e+00 -1.000000e+00
   outer loop
     vertex  1.920137e+02  1.291002e+02  0.000000e+00
     vertex  1.883070e+02  1.217480e+02  0.000000e+00
     vertex  1.918819e+02  1.291311e+02  0.000000e+00
   endloop
 endfacet
 facet normal  0.000000e+00 -0.000000e+00 -1.000000e+00
   outer loop
     vertex  1.956247e+02  1.255856e+02  0.000000e+00
     vertex  1.956592e+02  1.254547e+02  0.000000e+00
     vertex  1.883070e+02  1.217480e+02  0.000000e+00
   endloop
 endfacet
 facet normal -0.000000e+00  0.000000e+00 -1.000000e+00
   outer loop
     vertex  1.921446e+02  1.290657e+02  0.000000e+00
     vertex  1.883070e+02  1.217480e+02  0.000000e+00
     vertex  1.920137e+02  1.291002e+02  0.000000e+00
   endloop
 endfacet
 facet normal -0.000000e+00  0.000000e+00 -1.000000e+00
   outer loop
     vertex  1.922746e+02  1.290278e+02  0.000000e+00
     vertex  1.883070e+02  1.217480e+02  0.000000e+00
     vertex  1.921446e+02  1.290657e+02  0.000000e+00
   endloop
 endfacet
 facet normal  0.000000e+00 -0.000000e+00 -1.000000e+00
   outer loop
     vertex  1.955868e+02  1.257156e+02  0.000000e+00
     vertex  1.956247e+02  1.255856e+02  0.000000e+00
     vertex  1.883070e+02  1.217480e+02  0.000000e+00
   endloop
 endfacet
 facet normal -0.000000e+00  0.000000e+00 -1.000000e+00
   outer loop
     vertex  1.924035e+02  1.289863e+02  0.000000e+00
     vertex  1.883070e+02  1.217480e+02  0.000000e+00
     vertex  1.922746e+02  1.290278e+02  0.000000e+00
   endloop
 endfacet
 facet normal  0.000000e+00 -0.000000e+00 -1.000000e+00
   outer loop
     vertex  1.955453e+02  1.258445e+02  0.000000e+00
     vertex  1.955868e+02  1.257156e+02  0.000000e+00
     vertex  1.883070e+02  1.217480e+02  0.000000e+00
   endloop
 endfacet
 facet normal -0.000000e+00  0.000000e+00 -1.000000e+00
   outer loop
     vertex  1.925312e+02  1.289413e+02  0.000000e+00
     vertex  1.883070e+02  1.217480e+02  0.000000e+00
     vertex  1.924035e+02  1.289863e+02  0.000000e+00
   endloop
 endfacet
 facet normal  0.000000e+00 -0.000000e+00 -1.000000e+00
   outer loop
     vertex  1.955003e+02  1.259722e+02  0.000000e+00
     vertex  1.955453e+02  1.258445e+02  0.000000e+00
     vertex  1.883070e+02  1.217480e+02  0.000000e+00
   endloop
 endfacet
 facet normal -0.000000e+00  0.000000e+00 -1.000000e+00
   outer loop
     vertex  1.926577e+02  1.288929e+02  0.000000e+00
     vertex  1.883070e+02  1.217480e+02  0.000000e+00
     vertex  1.925312e+02  1.289413e+02  0.000000e+00
   endloop
 endfacet
 facet normal  0.000000e+00 -0.000000e+00 -1.000000e+00
   outer loop
     vertex  1.954519e+02  1.260987e+02  0.000000e+00
     vertex  1.955003e+02  1.259722e+02  0.000000e+00
     vertex  1.883070e+02  1.217480e+02  0.000000e+00
   endloop
 endfacet
 facet normal -0.000000e+00  0.000000e+00 -1.000000e+00
   outer loop
     vertex  1.927828e+02  1.288411e+02  0.000000e+00
     vertex  1.883070e+02  1.217480e+02  0.000000e+00
     vertex  1.926577e+02  1.288929e+02  0.000000e+00
   endloop
 endfacet
 facet normal  0.000000e+00 -0.000000e+00 -1.000000e+00
   outer loop
     vertex  1.954001e+02  1.262238e+02  0.000000e+00
     vertex  1.954519e+02  1.260987e+02  0.000000e+00
     vertex  1.883070e+02  1.217480e+02  0.000000e+00
   endloop
 endfacet
 facet normal -0.000000e+00  0.000000e+00 -1.000000e+00
   outer loop
     vertex  1.929064e+02  1.287859e+02  0.000000e+00
     vertex  1.883070e+02  1.217480e+02  0.000000e+00
     vertex  1.927828e+02  1.288411e+02  0.000000e+00
   endloop
 endfacet
 facet normal  0.000000e+00 -0.000000e+00 -1.000000e+00
   outer loop
     vertex  1.953449e+02  1.263474e+02  0.000000e+00
     vertex  1.954001e+02  1.262238e+02  0.000000e+00
     vertex  1.883070e+02  1.217480e+02  0.000000e+00
   endloop
 endfacet
 facet normal -0.000000e+00  0.000000e+00 -1.000000e+00
   outer loop
     vertex  1.930286e+02  1.287274e+02  0.000000e+00
     vertex  1.883070e+02  1.217480e+02  0.000000e+00
     vertex  1.929064e+02  1.287859e+02  0.000000e+00
   endloop
 endfacet
 facet normal  0.000000e+00 -0.000000e+00 -1.000000e+00
   outer loop
     vertex  1.952864e+02  1.264696e+02  0.000000e+00
     vertex  1.953449e+02  1.263474e+02  0.000000e+00
     vertex  1.883070e+02  1.217480e+02  0.000000e+00
   endloop
 endfacet
 facet normal -0.000000e+00  0.000000e+00 -1.000000e+00
   outer loop
     vertex  1.931490e+02  1.286656e+02  0.000000e+00
     vertex  1.883070e+02  1.217480e+02  0.000000e+00
     vertex  1.930286e+02  1.287274e+02  0.000000e+00
   endloop
 endfacet
 facet normal  0.000000e+00 -0.000000e+00 -1.000000e+00
   outer loop
     vertex  1.952246e+02  1.265900e+02  0.000000e+00
     vertex  1.952864e+02  1.264696e+02  0.000000e+00
     vertex  1.883070e+02  1.217480e+02  0.000000e+00
   endloop
 endfacet
 facet normal -0.000000e+00  0.000000e+00 -1.000000e+00
   outer loop
     vertex  1.932678e+02  1.286005e+02  0.000000e+00
     vertex  1.883070e+02  1.217480e+02  0.000000e+00
     vertex  1.931490e+02  1.286656e+02  0.000000e+00
   endloop
 endfacet
 facet normal  0.000000e+00 -0.000000e+00 -1.000000e+00
   outer loop
     vertex  1.951595e+02  1.267088e+02  0.000000e+00
     vertex  1.952246e+02  1.265900e+02  0.000000e+00
     vertex  1.883070e+02  1.217480e+02  0.000000e+00
   endloop
 endfacet
 facet normal -0.000000e+00  0.000000e+00 -1.000000e+00
   outer loop
     vertex  1.933848e+02  1.285323e+02  0.000000e+00
     vertex  1.883070e+02  1.217480e+02  0.000000e+00
     vertex  1.932678e+02  1.286005e+02  0.000000e+00
   endloop
 endfacet
 facet normal  0.000000e+00 -0.000000e+00 -1.000000e+00
   outer loop
     vertex  1.950913e+02  1.268258e+02  0.000000e+00
     vertex  1.951595e+02  1.267088e+02  0.000000e+00
     vertex  1.883070e+02  1.217480e+02  0.000000e+00
   endloop
 endfacet
 facet normal -0.000000e+00  0.000000e+00 -1.000000e+00
   outer loop
     vertex  1.934998e+02  1.284609e+02  0.000000e+00
     vertex  1.883070e+02  1.217480e+02  0.000000e+00
     vertex  1.933848e+02  1.285323e+02  0.000000e+00
   endloop
 endfacet
 facet normal  0.000000e+00 -0.000000e+00 -1.000000e+00
   outer loop
     vertex  1.950199e+02  1.269408e+02  0.000000e+00
     vertex  1.950913e+02  1.268258e+02  0.000000e+00
     vertex  1.883070e+02  1.217480e+02  0.000000e+00
   endloop
 endfacet
 facet normal -0.000000e+00  0.000000e+00 -1.000000e+00
   outer loop
     vertex  1.936129e+02  1.283864e+02  0.000000e+00
     vertex  1.883070e+02  1.217480e+02  0.000000e+00
     vertex  1.934998e+02  1.284609e+02  0.000000e+00
   endloop
 endfacet
 facet normal  0.000000e+00 -0.000000e+00 -1.000000e+00
   outer loop
     vertex  1.949454e+02  1.270539e+02  0.000000e+00
     vertex  1.950199e+02  1.269408e+02  0.000000e+00
     vertex  1.883070e+02  1.217480e+02  0.000000e+00
   endloop
 endfacet
 facet normal -0.000000e+00  0.000000e+00 -1.000000e+00
   outer loop
     vertex  1.937240e+02  1.283089e+02  0.000000e+00
     vertex  1.883070e+02  1.217480e+02  0.000000e+00
     vertex  1.936129e+02  1.283864e+02  0.000000e+00
   endloop
 endfacet
 facet normal  0.000000e+00 -0.000000e+00 -1.000000e+00
   outer loop
     vertex  1.948679e+02  1.271650e+02  0.000000e+00
     vertex  1.949454e+02  1.270539e+02  0.000000e+00
     vertex  1.883070e+02  1.217480e+02  0.000000e+00
   endloop
 endfacet
 facet normal -0.000000e+00  0.000000e+00 -1.000000e+00
   outer loop
     vertex  1.938329e+02  1.282285e+02  0.000000e+00
     vertex  1.883070e+02  1.217480e+02  0.000000e+00
     vertex  1.937240e+02  1.283089e+02  0.000000e+00
   endloop
 endfacet
 facet normal  0.000000e+00 -0.000000e+00 -1.000000e+00
   outer loop
     vertex  1.947875e+02  1.272739e+02  0.000000e+00
     vertex  1.948679e+02  1.271650e+02  0.000000e+00
     vertex  1.883070e+02  1.217480e+02  0.000000e+00
   endloop
 endfacet
 facet normal  0.000000e+00 -0.000000e+00 -1.000000e+00
   outer loop
     vertex  1.947041e+02  1.273805e+02  0.000000e+00
     vertex  1.947875e+02  1.272739e+02  0.000000e+00
     vertex  1.883070e+02  1.217480e+02  0.000000e+00
   endloop
 endfacet
 facet normal -0.000000e+00  0.000000e+00 -1.000000e+00
   outer loop
     vertex  1.939395e+02  1.281451e+02  0.000000e+00
     vertex  1.883070e+02  1.217480e+02  0.000000e+00
     vertex  1.938329e+02  1.282285e+02  0.000000e+00
   endloop
 endfacet
 facet normal -0.000000e+00  0.000000e+00 -1.000000e+00
   outer loop
     vertex  1.940439e+02  1.280588e+02  0.000000e+00
     vertex  1.883070e+02  1.217480e+02  0.000000e+00
     vertex  1.939395e+02  1.281451e+02  0.000000e+00
   endloop
 endfacet
 facet normal  0.000000e+00 -0.000000e+00 -1.000000e+00
   outer loop
     vertex  1.946178e+02  1.274849e+02  0.000000e+00
     vertex  1.947041e+02  1.273805e+02  0.000000e+00
     vertex  1.883070e+02  1.217480e+02  0.000000e+00
   endloop
 endfacet
 facet normal  0.000000e+00 -0.000000e+00 -1.000000e+00
   outer loop
     vertex  1.945288e+02  1.275869e+02  0.000000e+00
     vertex  1.946178e+02  1.274849e+02  0.000000e+00
     vertex  1.883070e+02  1.217480e+02  0.000000e+00
   endloop
 endfacet
 facet normal -0.000000e+00  0.000000e+00 -1.000000e+00
   outer loop
     vertex  1.941459e+02  1.279698e+02  0.000000e+00
     vertex  1.883070e+02  1.217480e+02  0.000000e+00
     vertex  1.940439e+02  1.280588e+02  0.000000e+00
   endloop
 endfacet
 facet normal -0.000000e+00  0.000000e+00 -1.000000e+00
   outer loop
     vertex  1.942455e+02  1.278780e+02  0.000000e+00
     vertex  1.883070e+02  1.217480e+02  0.000000e+00
     vertex  1.941459e+02  1.279698e+02  0.000000e+00
   endloop
 endfacet
 facet normal  0.000000e+00 -0.000000e+00 -1.000000e+00
   outer loop
     vertex  1.944370e+02  1.276865e+02  0.000000e+00
     vertex  1.945288e+02  1.275869e+02  0.000000e+00
     vertex  1.883070e+02  1.217480e+02  0.000000e+00
   endloop
 endfacet
 facet normal -0.000000e+00  0.000000e+00 -1.000000e+00
   outer loop
     vertex  1.943425e+02  1.277835e+02  0.000000e+00
     vertex  1.883070e+02  1.217480e+02  0.000000e+00
     vertex  1.942455e+02  1.278780e+02  0.000000e+00
   endloop
 endfacet
 facet normal  0.000000e+00 -0.000000e+00 -1.000000e+00
   outer loop
     vertex  1.943425e+02  1.277835e+02  0.000000e+00
     vertex  1.944370e+02  1.276865e+02  0.000000e+00
     vertex  1.883070e+02  1.217480e+02  0.000000e+00
   endloop
 endfacet
 facet normal  0.000000e+00  0.000000e+00 -1.000000e+00
   outer loop
     vertex  1.958070e+02  4.587230e+00  0.000000e+00
     vertex  1.883070e+02  6.498700e+01  0.000000e+00
     vertex  1.958070e+02  1.242480e+02  0.000000e+00
   endloop
 endfacet
 facet normal  0.000000e+00  0.000000e+00 -1.000000e+00
   outer loop
     vertex  1.958070e+02  4.587230e+00  0.000000e+00
     vertex  1.883070e+02  5.983710e+01  0.000000e+00
     vertex  1.883070e+02  6.498700e+01  0.000000e+00
   endloop
 endfacet
 facet normal -0.000000e+00  0.000000e+00 -1.000000e+00
   outer loop
     vertex  1.908070e+02  1.292480e+02  0.000000e+00
     vertex  5.019500e+01  1.217480e+02  0.000000e+00
     vertex  5.221140e+00  1.292480e+02  0.000000e+00
   endloop
 endfacet
 facet normal  0.000000e+00  0.000000e+00 -1.000000e+00
   outer loop
     vertex  1.908070e+02  1.292480e+02  0.000000e+00
     vertex  5.534620e+01  1.217480e+02  0.000000e+00
     vertex  5.019500e+01  1.217480e+02  0.000000e+00
   endloop
 endfacet
 facet normal  0.000000e+00  0.000000e+00 -1.000000e+00
   outer loop
     vertex  1.908070e+02  1.292480e+02  0.000000e+00
     vertex  6.924500e+01  1.217480e+02  0.000000e+00
     vertex  5.534620e+01  1.217480e+02  0.000000e+00
   endloop
 endfacet
 facet normal  0.000000e+00  0.000000e+00 -1.000000e+00
   outer loop
     vertex  1.908070e+02  1.292480e+02  0.000000e+00
     vertex  7.439620e+01  1.217480e+02  0.000000e+00
     vertex  6.924500e+01  1.217480e+02  0.000000e+00
   endloop
 endfacet
 facet normal  0.000000e+00  0.000000e+00 -1.000000e+00
   outer loop
     vertex  1.908070e+02  1.292480e+02  0.000000e+00
     vertex  8.829500e+01  1.217480e+02  0.000000e+00
     vertex  7.439620e+01  1.217480e+02  0.000000e+00
   endloop
 endfacet
 facet normal  0.000000e+00  0.000000e+00 -1.000000e+00
   outer loop
     vertex  1.908070e+02  1.292480e+02  0.000000e+00
     vertex  9.344620e+01  1.217480e+02  0.000000e+00
     vertex  8.829500e+01  1.217480e+02  0.000000e+00
   endloop
 endfacet
 facet normal  0.000000e+00  0.000000e+00 -1.000000e+00
   outer loop
     vertex  1.908070e+02  1.292480e+02  0.000000e+00
     vertex  1.073450e+02  1.217480e+02  0.000000e+00
     vertex  9.344620e+01  1.217480e+02  0.000000e+00
   endloop
 endfacet
 facet normal  0.000000e+00  0.000000e+00 -1.000000e+00
   outer loop
     vertex  1.908070e+02  1.292480e+02  0.000000e+00
     vertex  1.124950e+02  1.217480e+02  0.000000e+00
     vertex  1.073450e+02  1.217480e+02  0.000000e+00
   endloop
 endfacet
 facet normal  0.000000e+00  0.000000e+00 -1.000000e+00
   outer loop
     vertex  1.908070e+02  1.292480e+02  0.000000e+00
     vertex  1.263950e+02  1.217480e+02  0.000000e+00
     vertex  1.124950e+02  1.217480e+02  0.000000e+00
   endloop
 endfacet
 facet normal  0.000000e+00  0.000000e+00 -1.000000e+00
   outer loop
     vertex  1.908070e+02  1.292480e+02  0.000000e+00
     vertex  1.363070e+02  1.217480e+02  0.000000e+00
     vertex  1.263950e+02  1.217480e+02  0.000000e+00
   endloop
 endfacet
 facet normal  0.000000e+00  0.000000e+00 -1.000000e+00
   outer loop
     vertex  1.908070e+02  1.292480e+02  0.000000e+00
     vertex  1.502070e+02  1.217480e+02  0.000000e+00
     vertex  1.363070e+02  1.217480e+02  0.000000e+00
   endloop
 endfacet
 facet normal -1.354093e-02 -9.999083e-01 -0.000000e+00
   outer loop
     vertex  5.085743e+00 -4.109364e-01  4.000000e+00
     vertex  5.085743e+00 -4.109364e-01  0.000000e+00
     vertex  5.221140e+00 -4.127700e-01  0.000000e+00
   endloop
 endfacet
 facet normal -1.354093e-02 -9.999083e-01 -4.146096e-20
   outer loop
     vertex  5.085743e+00 -4.109364e-01  4.000000e+00
     vertex  5.221140e+00 -4.127700e-01  0.000000e+00
     vertex  5.221140e+00 -4.127700e-01  4.000000e+00
   endloop
 endfacet
 facet normal -4.061287e-02 -9.991750e-01 -0.000000e+00
   outer loop
     vertex  4.950445e+00 -4.054371e-01  4.000000e+00
     vertex  4.950445e+00 -4.054371e-01  0.000000e+00
     vertex  5.085743e+00 -4.109364e-01  0.000000e+00
   endloop
 endfacet
 facet normal -4.061287e-02 -9.991750e-01  2.313148e-20
   outer loop
     vertex  4.950445e+00 -4.054371e-01  4.000000e+00
     vertex  5.085743e+00 -4.109364e-01  0.000000e+00
     vertex  5.085743e+00 -4.109364e-01  4.000000e+00
   endloop
 endfacet
 facet normal -6.765502e-02 -9.977088e-01 -0.000000e+00
   outer loop
     vertex  4.815346e+00 -3.962759e-01  4.000000e+00
     vertex  4.815346e+00 -3.962759e-01  0.000000e+00
     vertex  4.950445e+00 -4.054371e-01  0.000000e+00
   endloop
 endfacet
 facet normal -6.765502e-02 -9.977088e-01 -3.485449e-20
   outer loop
     vertex  4.815346e+00 -3.962759e-01  4.000000e+00
     vertex  4.950445e+00 -4.054371e-01  0.000000e+00
     vertex  4.950445e+00 -4.054371e-01  4.000000e+00
   endloop
 endfacet
 facet normal -9.464755e-02 -9.955108e-01 -0.000000e+00
   outer loop
     vertex  4.680545e+00 -3.834598e-01  4.000000e+00
     vertex  4.680545e+00 -3.834598e-01  0.000000e+00
     vertex  4.815346e+00 -3.962759e-01  0.000000e+00
   endloop
 endfacet
 facet normal -9.464755e-02 -9.955108e-01  5.922908e-20
   outer loop
     vertex  4.680545e+00 -3.834598e-01  4.000000e+00
     vertex  4.815346e+00 -3.962759e-01  0.000000e+00
     vertex  4.815346e+00 -3.962759e-01  4.000000e+00
   endloop
 endfacet
 facet normal -1.215707e-01 -9.925828e-01 -0.000000e+00
   outer loop
     vertex  4.546140e+00 -3.669980e-01  4.000000e+00
     vertex  4.546140e+00 -3.669980e-01  0.000000e+00
     vertex  4.680545e+00 -3.834598e-01  0.000000e+00
   endloop
 endfacet
 facet normal -1.215707e-01 -9.925828e-01 -3.856764e-19
   outer loop
     vertex  4.546140e+00 -3.669980e-01  4.000000e+00
     vertex  4.680545e+00 -3.834598e-01  0.000000e+00
     vertex  4.680545e+00 -3.834598e-01  4.000000e+00
   endloop
 endfacet
 facet normal -1.484046e-01 -9.889267e-01 -0.000000e+00
   outer loop
     vertex  4.412230e+00 -3.469026e-01  4.000000e+00
     vertex  4.412230e+00 -3.469026e-01  0.000000e+00
     vertex  4.546140e+00 -3.669980e-01  0.000000e+00
   endloop
 endfacet
 facet normal -1.751297e-01 -9.845454e-01 -0.000000e+00
   outer loop
     vertex  4.412230e+00 -3.469026e-01  4.000000e+00
     vertex  4.278913e+00 -3.231884e-01  0.000000e+00
     vertex  4.412230e+00 -3.469026e-01  0.000000e+00
   endloop
 endfacet
 facet normal -1.484046e-01 -9.889267e-01 -7.132583e-20
   outer loop
     vertex  4.412230e+00 -3.469026e-01  4.000000e+00
     vertex  4.546140e+00 -3.669980e-01  0.000000e+00
     vertex  4.546140e+00 -3.669980e-01  4.000000e+00
   endloop
 endfacet
 facet normal -1.751297e-01 -9.845454e-01 -0.000000e+00
   outer loop
     vertex  4.278913e+00 -3.231884e-01  4.000000e+00
     vertex  4.278913e+00 -3.231884e-01  0.000000e+00
     vertex  4.412230e+00 -3.469026e-01  4.000000e+00
   endloop
 endfacet
 facet normal -2.017264e-01 -9.794419e-01 -0.000000e+00
   outer loop
     vertex  4.146288e+00 -2.958728e-01  4.000000e+00
     vertex  4.146288e+00 -2.958728e-01  0.000000e+00
     vertex  4.278913e+00 -3.231884e-01  0.000000e+00
   endloop
 endfacet
 facet normal -2.017264e-01 -9.794419e-01 -1.482042e-19
   outer loop
     vertex  4.146288e+00 -2.958728e-01  4.000000e+00
     vertex  4.278913e+00 -3.231884e-01  0.000000e+00
     vertex  4.278913e+00 -3.231884e-01  4.000000e+00
   endloop
 endfacet
 facet normal -2.281751e-01 -9.736201e-01 -0.000000e+00
   outer loop
     vertex  4.014451e+00 -2.649757e-01  4.000000e+00
     vertex  4.014451e+00 -2.649757e-01  0.000000e+00
     vertex  4.146288e+00 -2.958728e-01  0.000000e+00
   endloop
 endfacet
 facet normal -2.281751e-01 -9.736201e-01 -5.559652e-19
   outer loop
     vertex  4.014451e+00 -2.649757e-01  4.000000e+00
     vertex  4.146288e+00 -2.958728e-01  0.000000e+00
     vertex  4.146288e+00 -2.958728e-01  4.000000e+00
   endloop
 endfacet
 facet normal -2.544564e-01 -9.670842e-01 -0.000000e+00
   outer loop
     vertex  3.883498e+00 -2.305200e-01  4.000000e+00
     vertex  3.883498e+00 -2.305200e-01  0.000000e+00
     vertex  4.014451e+00 -2.649757e-01  0.000000e+00
   endloop
 endfacet
 facet normal -2.544564e-01 -9.670842e-01  5.242143e-19
   outer loop
     vertex  3.883498e+00 -2.305200e-01  4.000000e+00
     vertex  4.014451e+00 -2.649757e-01  0.000000e+00
     vertex  4.014451e+00 -2.649757e-01  4.000000e+00
   endloop
 endfacet
 facet normal -2.805512e-01 -9.598391e-01 -0.000000e+00
   outer loop
     vertex  3.753527e+00 -1.925307e-01  4.000000e+00
     vertex  3.753527e+00 -1.925307e-01  0.000000e+00
     vertex  3.883498e+00 -2.305200e-01  0.000000e+00
   endloop
 endfacet
 facet normal -2.805512e-01 -9.598391e-01 -4.329103e-19
   outer loop
     vertex  3.753527e+00 -1.925307e-01  4.000000e+00
     vertex  3.883498e+00 -2.305200e-01  0.000000e+00
     vertex  3.883498e+00 -2.305200e-01  4.000000e+00
   endloop
 endfacet
 facet normal -3.064401e-01 -9.518899e-01 -0.000000e+00
   outer loop
     vertex  3.624632e+00 -1.510359e-01  4.000000e+00
     vertex  3.624632e+00 -1.510359e-01  0.000000e+00
     vertex  3.753527e+00 -1.925307e-01  0.000000e+00
   endloop
 endfacet
 facet normal -3.064401e-01 -9.518899e-01 -3.374030e-19
   outer loop
     vertex  3.624632e+00 -1.510359e-01  4.000000e+00
     vertex  3.753527e+00 -1.925307e-01  0.000000e+00
     vertex  3.753527e+00 -1.925307e-01  4.000000e+00
   endloop
 endfacet
 facet normal -3.321044e-01 -9.432426e-01 -0.000000e+00
   outer loop
     vertex  3.496908e+00 -1.060658e-01  4.000000e+00
     vertex  3.496908e+00 -1.060658e-01  0.000000e+00
     vertex  3.624632e+00 -1.510359e-01  0.000000e+00
   endloop
 endfacet
 facet normal -3.321044e-01 -9.432426e-01  5.845806e-19
   outer loop
     vertex  3.496908e+00 -1.060658e-01  4.000000e+00
     vertex  3.624632e+00 -1.510359e-01  0.000000e+00
     vertex  3.624632e+00 -1.510359e-01  4.000000e+00
   endloop
 endfacet
 facet normal -3.575250e-01 -9.339036e-01 -0.000000e+00
   outer loop
     vertex  3.370449e+00 -5.765360e-02  4.000000e+00
     vertex  3.370449e+00 -5.765360e-02  0.000000e+00
     vertex  3.496908e+00 -1.060658e-01  0.000000e+00
   endloop
 endfacet
 facet normal -3.575250e-01 -9.339036e-01  7.919097e-19
   outer loop
     vertex  3.370449e+00 -5.765360e-02  4.000000e+00
     vertex  3.496908e+00 -1.060658e-01  0.000000e+00
     vertex  3.496908e+00 -1.060658e-01  4.000000e+00
   endloop
 endfacet
 facet normal -3.826834e-01 -9.238795e-01 -0.000000e+00
   outer loop
     vertex  3.245347e+00 -5.834689e-03  4.000000e+00
     vertex  3.245347e+00 -5.834689e-03  0.000000e+00
     vertex  3.370449e+00 -5.765360e-02  0.000000e+00
   endloop
 endfacet
 facet normal -3.826834e-01 -9.238795e-01 -2.706070e-19
   outer loop
     vertex  3.245347e+00 -5.834689e-03  4.000000e+00
     vertex  3.370449e+00 -5.765360e-02  0.000000e+00
     vertex  3.370449e+00 -5.765360e-02  4.000000e+00
   endloop
 endfacet
 facet normal -4.075612e-01 -9.131779e-01 -0.000000e+00
   outer loop
     vertex  3.121694e+00  4.935290e-02  4.000000e+00
     vertex  3.121694e+00  4.935290e-02  0.000000e+00
     vertex  3.245347e+00 -5.834689e-03  0.000000e+00
   endloop
 endfacet
 facet normal -4.075612e-01 -9.131779e-01  5.609601e-19
   outer loop
     vertex  3.121694e+00  4.935290e-02  4.000000e+00
     vertex  3.245347e+00 -5.834689e-03  0.000000e+00
     vertex  3.245347e+00 -5.834689e-03  4.000000e+00
   endloop
 endfacet
 facet normal -4.321400e-01 -9.018065e-01 -0.000000e+00
   outer loop
     vertex  2.999581e+00  1.078687e-01  4.000000e+00
     vertex  2.999581e+00  1.078687e-01  0.000000e+00
     vertex  3.121694e+00  4.935290e-02  0.000000e+00
   endloop
 endfacet
 facet normal -4.321400e-01 -9.018065e-01 -5.098528e-19
   outer loop
     vertex  2.999581e+00  1.078687e-01  4.000000e+00
     vertex  3.121694e+00  4.935290e-02  0.000000e+00
     vertex  3.121694e+00  4.935290e-02  4.000000e+00
   endloop
 endfacet
 facet normal -4.564019e-01 -8.897737e-01 -0.000000e+00
   outer loop
     vertex  2.879098e+00  1.696698e-01  4.000000e+00
     vertex  2.879098e+00  1.696698e-01  0.000000e+00
     vertex  2.999581e+00  1.078687e-01  0.000000e+00
   endloop
 endfacet
 facet normal -4.564019e-01 -8.897737e-01 -2.413899e-19
   outer loop
     vertex  2.879098e+00  1.696698e-01  4.000000e+00
     vertex  2.999581e+00  1.078687e-01  0.000000e+00
     vertex  2.999581e+00  1.078687e-01  4.000000e+00
   endloop
 endfacet
 facet normal -4.803291e-01 -8.770884e-01 -0.000000e+00
   outer loop
     vertex  2.760332e+00  2.347108e-01  4.000000e+00
     vertex  2.760332e+00  2.347108e-01  0.000000e+00
     vertex  2.879098e+00  1.696698e-01  0.000000e+00
   endloop
 endfacet
 facet normal -4.803291e-01 -8.770884e-01 -2.404371e-19
   outer loop
     vertex  2.760332e+00  2.347108e-01  4.000000e+00
     vertex  2.879098e+00  1.696698e-01  0.000000e+00
     vertex  2.879098e+00  1.696698e-01  4.000000e+00
   endloop
 endfacet
 facet normal -5.039039e-01 -8.637597e-01 -0.000000e+00
   outer loop
     vertex  2.643371e+00  3.029441e-01  4.000000e+00
     vertex  2.643371e+00  3.029441e-01  0.000000e+00
     vertex  2.760332e+00  2.347108e-01  0.000000e+00
   endloop
 endfacet
 facet normal -5.271092e-01 -8.497975e-01 -0.000000e+00
   outer loop
     vertex  2.643371e+00  3.029441e-01  4.000000e+00
     vertex  2.528300e+00  3.743196e-01  0.000000e+00
     vertex  2.643371e+00  3.029441e-01  0.000000e+00
   endloop
 endfacet
 facet normal -5.039039e-01 -8.637597e-01 -1.320466e-18
   outer loop
     vertex  2.643371e+00  3.029441e-01  4.000000e+00
     vertex  2.760332e+00  2.347108e-01  0.000000e+00
     vertex  2.760332e+00  2.347108e-01  4.000000e+00
   endloop
 endfacet
 facet normal -5.271092e-01 -8.497975e-01 -0.000000e+00
   outer loop
     vertex  2.528300e+00  3.743196e-01  4.000000e+00
     vertex  2.528300e+00  3.743196e-01  0.000000e+00
     vertex  2.643371e+00  3.029441e-01  4.000000e+00
   endloop
 endfacet
 facet normal -5.499279e-01 -8.352121e-01 -8.063295e-19
   outer loop
     vertex  2.415205e+00  4.487850e-01  4.000000e+00
     vertex  2.528300e+00  3.743196e-01  0.000000e+00
     vertex  2.528300e+00  3.743196e-01  4.000000e+00
   endloop
 endfacet
 facet normal -5.499279e-01 -8.352121e-01 -0.000000e+00
   outer loop
     vertex  2.415205e+00  4.487850e-01  4.000000e+00
     vertex  2.415205e+00  4.487850e-01  0.000000e+00
     vertex  2.528300e+00  3.743196e-01  0.000000e+00
   endloop
 endfacet
 facet normal -5.723433e-01 -8.200141e-01 -5.600390e-21
   outer loop
     vertex  2.304167e+00  5.262856e-01  4.000000e+00
     vertex  2.415205e+00  4.487850e-01  0.000000e+00
     vertex  2.415205e+00  4.487850e-01  4.000000e+00
   endloop
 endfacet
 facet normal -5.723433e-01 -8.200141e-01 -0.000000e+00
   outer loop
     vertex  2.304167e+00  5.262856e-01  4.000000e+00
     vertex  2.304167e+00  5.262856e-01  0.000000e+00
     vertex  2.415205e+00  4.487850e-01  0.000000e+00
   endloop
 endfacet
 facet normal -5.943389e-01 -8.042147e-01  1.196235e-18
   outer loop
     vertex  2.195269e+00  6.067647e-01  4.000000e+00
     vertex  2.304167e+00  5.262856e-01  0.000000e+00
     vertex  2.304167e+00  5.262856e-01  4.000000e+00
   endloop
 endfacet
 facet normal -5.943389e-01 -8.042147e-01 -0.000000e+00
   outer loop
     vertex  2.195269e+00  6.067647e-01  4.000000e+00
     vertex  2.195269e+00  6.067647e-01  0.000000e+00
     vertex  2.304167e+00  5.262856e-01  0.000000e+00
   endloop
 endfacet
 facet normal -6.158986e-01 -7.878255e-01 -2.579279e-19
   outer loop
     vertex  2.088590e+00  6.901631e-01  4.000000e+00
     vertex  2.195269e+00  6.067647e-01  0.000000e+00
     vertex  2.195269e+00  6.067647e-01  4.000000e+00
   endloop
 endfacet
 facet normal -6.158986e-01 -7.878255e-01 -0.000000e+00
   outer loop
     vertex  2.088590e+00  6.901631e-01  4.000000e+00
     vertex  2.088590e+00  6.901631e-01  0.000000e+00
     vertex  2.195269e+00  6.067647e-01  0.000000e+00
   endloop
 endfacet
 facet normal -6.370065e-01 -7.708584e-01 -0.000000e+00
   outer loop
     vertex  1.984209e+00  7.764197e-01  4.000000e+00
     vertex  1.984209e+00  7.764197e-01  0.000000e+00
     vertex  2.088590e+00  6.901631e-01  0.000000e+00
   endloop
 endfacet
 facet normal -6.370065e-01 -7.708584e-01  1.300999e-18
   outer loop
     vertex  1.984209e+00  7.764197e-01  4.000000e+00
     vertex  2.088590e+00  6.901631e-01  0.000000e+00
     vertex  2.088590e+00  6.901631e-01  4.000000e+00
   endloop
 endfacet
 facet normal -6.576473e-01 -7.533260e-01 -0.000000e+00
   outer loop
     vertex  1.882201e+00  8.654713e-01  4.000000e+00
     vertex  1.882201e+00  8.654713e-01  0.000000e+00
     vertex  1.984209e+00  7.764197e-01  0.000000e+00
   endloop
 endfacet
 facet normal -6.576473e-01 -7.533260e-01 -9.810979e-19
   outer loop
     vertex  1.882201e+00  8.654713e-01  4.000000e+00
     vertex  1.984209e+00  7.764197e-01  0.000000e+00
     vertex  1.984209e+00  7.764197e-01  4.000000e+00
   endloop
 endfacet
 facet normal -6.778058e-01 -7.352410e-01 -0.000000e+00
   outer loop
     vertex  1.782643e+00  9.572525e-01  4.000000e+00
     vertex  1.782643e+00  9.572525e-01  0.000000e+00
     vertex  1.882201e+00  8.654713e-01  0.000000e+00
   endloop
 endfacet
 facet normal -6.778058e-01 -7.352410e-01 -1.039098e-18
   outer loop
     vertex  1.782643e+00  9.572525e-01  4.000000e+00
     vertex  1.882201e+00  8.654713e-01  0.000000e+00
     vertex  1.882201e+00  8.654713e-01  4.000000e+00
   endloop
 endfacet
 facet normal -6.974671e-01 -7.166168e-01 -0.000000e+00
   outer loop
     vertex  1.685606e+00  1.051696e+00  4.000000e+00
     vertex  1.685606e+00  1.051696e+00  0.000000e+00
     vertex  1.782643e+00  9.572525e-01  0.000000e+00
   endloop
 endfacet
 facet normal -7.166168e-01 -6.974671e-01 -0.000000e+00
   outer loop
     vertex  1.685606e+00  1.051696e+00  4.000000e+00
     vertex  1.591163e+00  1.148733e+00  0.000000e+00
     vertex  1.685606e+00  1.051696e+00  0.000000e+00
   endloop
 endfacet
 facet normal -6.974671e-01 -7.166168e-01 -1.479113e-18
   outer loop
     vertex  1.685606e+00  1.051696e+00  4.000000e+00
     vertex  1.782643e+00  9.572525e-01  0.000000e+00
     vertex  1.782643e+00  9.572525e-01  4.000000e+00
   endloop
 endfacet
 facet normal -7.166168e-01 -6.974671e-01 -0.000000e+00
   outer loop
     vertex  1.591163e+00  1.148733e+00  4.000000e+00
     vertex  1.591163e+00  1.148733e+00  0.000000e+00
     vertex  1.685606e+00  1.051696e+00  4.000000e+00
   endloop
 endfacet
 facet normal -7.352410e-01 -6.778058e-01 -0.000000e+00
   outer loop
     vertex  1.499381e+00  1.248291e+00  4.000000e+00
     vertex  1.499381e+00  1.248291e+00  0.000000e+00
     vertex  1.591163e+00  1.148733e+00  0.000000e+00
   endloop
 endfacet
 facet normal -7.352410e-01 -6.778058e-01  5.494428e-19
   outer loop
     vertex  1.499381e+00  1.248291e+00  4.000000e+00
     vertex  1.591163e+00  1.148733e+00  0.000000e+00
     vertex  1.591163e+00  1.148733e+00  4.000000e+00
   endloop
 endfacet
 facet normal -7.533260e-01 -6.576473e-01 -0.000000e+00
   outer loop
     vertex  1.410330e+00  1.350299e+00  4.000000e+00
     vertex  1.410330e+00  1.350299e+00  0.000000e+00
     vertex  1.499381e+00  1.248291e+00  0.000000e+00
   endloop
 endfacet
 facet normal -7.533260e-01 -6.576473e-01 -6.963526e-19
   outer loop
     vertex  1.410330e+00  1.350299e+00  4.000000e+00
     vertex  1.499381e+00  1.248291e+00  0.000000e+00
     vertex  1.499381e+00  1.248291e+00  4.000000e+00
   endloop
 endfacet
 facet normal -7.708584e-01 -6.370065e-01 -0.000000e+00
   outer loop
     vertex  1.324073e+00  1.454680e+00  4.000000e+00
     vertex  1.324073e+00  1.454680e+00  0.000000e+00
     vertex  1.410330e+00  1.350299e+00  0.000000e+00
   endloop
 endfacet
 facet normal -7.878255e-01 -6.158986e-01 -0.000000e+00
   outer loop
     vertex  1.324073e+00  1.454680e+00  4.000000e+00
     vertex  1.240675e+00  1.561359e+00  0.000000e+00
     vertex  1.324073e+00  1.454680e+00  0.000000e+00
   endloop
 endfacet
 facet normal -7.708584e-01 -6.370065e-01 -1.378423e-18
   outer loop
     vertex  1.324073e+00  1.454680e+00  4.000000e+00
     vertex  1.410330e+00  1.350299e+00  0.000000e+00
     vertex  1.410330e+00  1.350299e+00  4.000000e+00
   endloop
 endfacet
 facet normal -7.878255e-01 -6.158986e-01 -0.000000e+00
   outer loop
     vertex  1.240675e+00  1.561359e+00  4.000000e+00
     vertex  1.240675e+00  1.561359e+00  0.000000e+00
     vertex  1.324073e+00  1.454680e+00  4.000000e+00
   endloop
 endfacet
 facet normal -8.042147e-01 -5.943389e-01 -0.000000e+00
   outer loop
     vertex  1.160196e+00  1.670257e+00  4.000000e+00
     vertex  1.160196e+00  1.670257e+00  0.000000e+00
     vertex  1.240675e+00  1.561359e+00  0.000000e+00
   endloop
 endfacet
 facet normal -8.042147e-01 -5.943389e-01  1.196235e-18
   outer loop
     vertex  1.160196e+00  1.670257e+00  4.000000e+00
     vertex  1.240675e+00  1.561359e+00  0.000000e+00
     vertex  1.240675e+00  1.561359e+00  4.000000e+00
   endloop
 endfacet
 facet normal -8.200141e-01 -5.723433e-01 -0.000000e+00
   outer loop
     vertex  1.082695e+00  1.781295e+00  4.000000e+00
     vertex  1.082695e+00  1.781295e+00  0.000000e+00
     vertex  1.160196e+00  1.670257e+00  0.000000e+00
   endloop
 endfacet
 facet normal -8.200141e-01 -5.723433e-01 -5.600390e-21
   outer loop
     vertex  1.082695e+00  1.781295e+00  4.000000e+00
     vertex  1.160196e+00  1.670257e+00  0.000000e+00
     vertex  1.160196e+00  1.670257e+00  4.000000e+00
   endloop
 endfacet
 facet normal -8.352121e-01 -5.499279e-01 -0.000000e+00
   outer loop
     vertex  1.008230e+00  1.894390e+00  4.000000e+00
     vertex  1.008230e+00  1.894390e+00  0.000000e+00
     vertex  1.082695e+00  1.781295e+00  0.000000e+00
   endloop
 endfacet
 facet normal -8.352121e-01 -5.499279e-01 -4.019094e-19
   outer loop
     vertex  1.008230e+00  1.894390e+00  4.000000e+00
     vertex  1.082695e+00  1.781295e+00  0.000000e+00
     vertex  1.082695e+00  1.781295e+00  4.000000e+00
   endloop
 endfacet
 facet normal -8.497975e-01 -5.271092e-01 -0.000000e+00
   outer loop
     vertex  9.368541e-01  2.009461e+00  4.000000e+00
     vertex  9.368541e-01  2.009461e+00  0.000000e+00
     vertex  1.008230e+00  1.894390e+00  0.000000e+00
   endloop
 endfacet
 facet normal -8.497975e-01 -5.271092e-01  3.888664e-19
   outer loop
     vertex  9.368541e-01  2.009461e+00  4.000000e+00
     vertex  1.008230e+00  1.894390e+00  0.000000e+00
     vertex  1.008230e+00  1.894390e+00  4.000000e+00
   endloop
 endfacet
 facet normal -8.637597e-01 -5.039039e-01 -0.000000e+00
   outer loop
     vertex  8.686208e-01  2.126422e+00  4.000000e+00
     vertex  8.686208e-01  2.126422e+00  0.000000e+00
     vertex  9.368541e-01  2.009461e+00  0.000000e+00
   endloop
 endfacet
 facet normal -8.637597e-01 -5.039039e-01  1.775343e-19
   outer loop
     vertex  8.686208e-01  2.126422e+00  4.000000e+00
     vertex  9.368541e-01  2.009461e+00  0.000000e+00
     vertex  9.368541e-01  2.009461e+00  4.000000e+00
   endloop
 endfacet
 facet normal -8.770884e-01 -4.803291e-01 -0.000000e+00
   outer loop
     vertex  8.035798e-01  2.245188e+00  4.000000e+00
     vertex  8.035798e-01  2.245188e+00  0.000000e+00
     vertex  8.686208e-01  2.126422e+00  0.000000e+00
   endloop
 endfacet
 facet normal -8.770884e-01 -4.803291e-01 -5.901175e-19
   outer loop
     vertex  8.035798e-01  2.245188e+00  4.000000e+00
     vertex  8.686208e-01  2.126422e+00  0.000000e+00
     vertex  8.686208e-01  2.126422e+00  4.000000e+00
   endloop
 endfacet
 facet normal -8.897737e-01 -4.564019e-01 -0.000000e+00
   outer loop
     vertex  7.417787e-01  2.365671e+00  4.000000e+00
     vertex  7.417787e-01  2.365671e+00  0.000000e+00
     vertex  8.035798e-01  2.245188e+00  0.000000e+00
   endloop
 endfacet
 facet normal -8.897737e-01 -4.564019e-01  3.316543e-19
   outer loop
     vertex  7.417787e-01  2.365671e+00  4.000000e+00
     vertex  8.035798e-01  2.245188e+00  0.000000e+00
     vertex  8.035798e-01  2.245188e+00  4.000000e+00
   endloop
 endfacet
 facet normal -9.018065e-01 -4.321400e-01 -0.000000e+00
   outer loop
     vertex  6.832629e-01  2.487784e+00  4.000000e+00
     vertex  6.832629e-01  2.487784e+00  0.000000e+00
     vertex  7.417787e-01  2.365671e+00  0.000000e+00
   endloop
 endfacet
 facet normal -9.018065e-01 -4.321400e-01 -5.098528e-19
   outer loop
     vertex  6.832629e-01  2.487784e+00  4.000000e+00
     vertex  7.417787e-01  2.365671e+00  0.000000e+00
     vertex  7.417787e-01  2.365671e+00  4.000000e+00
   endloop
 endfacet
 facet normal -9.131779e-01 -4.075612e-01 -0.000000e+00
   outer loop
     vertex  6.280753e-01  2.611437e+00  4.000000e+00
     vertex  6.280753e-01  2.611437e+00  0.000000e+00
     vertex  6.832629e-01  2.487784e+00  0.000000e+00
   endloop
 endfacet
 facet normal -9.131779e-01 -4.075612e-01  3.486580e-19
   outer loop
     vertex  6.280753e-01  2.611437e+00  4.000000e+00
     vertex  6.832629e-01  2.487784e+00  0.000000e+00
     vertex  6.832629e-01  2.487784e+00  4.000000e+00
   endloop
 endfacet
 facet normal -9.238795e-01 -3.826834e-01 -0.000000e+00
   outer loop
     vertex  5.762564e-01  2.736539e+00  4.000000e+00
     vertex  5.762564e-01  2.736539e+00  0.000000e+00
     vertex  6.280753e-01  2.611437e+00  0.000000e+00
   endloop
 endfacet
 facet normal -9.238795e-01 -3.826834e-01  4.799838e-19
   outer loop
     vertex  5.762564e-01  2.736539e+00  4.000000e+00
     vertex  6.280753e-01  2.611437e+00  0.000000e+00
     vertex  6.280753e-01  2.611437e+00  4.000000e+00
   endloop
 endfacet
 facet normal -9.339036e-01 -3.575250e-01 -0.000000e+00
   outer loop
     vertex  5.278442e-01  2.862998e+00  4.000000e+00
     vertex  5.278442e-01  2.862998e+00  0.000000e+00
     vertex  5.762564e-01  2.736539e+00  0.000000e+00
   endloop
 endfacet
 facet normal -9.432426e-01 -3.321044e-01 -0.000000e+00
   outer loop
     vertex  5.278442e-01  2.862998e+00  4.000000e+00
     vertex  4.828741e-01  2.990722e+00  0.000000e+00
     vertex  5.278442e-01  2.862998e+00  0.000000e+00
   endloop
 endfacet
 facet normal -9.339036e-01 -3.575250e-01 -4.684629e-19
   outer loop
     vertex  5.278442e-01  2.862998e+00  4.000000e+00
     vertex  5.762564e-01  2.736539e+00  0.000000e+00
     vertex  5.762564e-01  2.736539e+00  4.000000e+00
   endloop
 endfacet
 facet normal -9.432426e-01 -3.321044e-01 -0.000000e+00
   outer loop
     vertex  4.828741e-01  2.990722e+00  4.000000e+00
     vertex  4.828741e-01  2.990722e+00  0.000000e+00
     vertex  5.278442e-01  2.862998e+00  4.000000e+00
   endloop
 endfacet
 facet normal -9.518899e-01 -3.064401e-01 -7.115262e-19
   outer loop
     vertex  4.413793e-01  3.119617e+00  4.000000e+00
     vertex  4.828741e-01  2.990722e+00  0.000000e+00
     vertex  4.828741e-01  2.990722e+00  4.000000e+00
   endloop
 endfacet
 facet normal -9.518899e-01 -3.064401e-01 -0.000000e+00
   outer loop
     vertex  4.413793e-01  3.119617e+00  4.000000e+00
     vertex  4.413793e-01  3.119617e+00  0.000000e+00
     vertex  4.828741e-01  2.990722e+00  0.000000e+00
   endloop
 endfacet
 facet normal -9.598391e-01 -2.805512e-01 -1.294670e-19
   outer loop
     vertex  4.033900e-01  3.249588e+00  4.000000e+00
     vertex  4.413793e-01  3.119617e+00  0.000000e+00
     vertex  4.413793e-01  3.119617e+00  4.000000e+00
   endloop
 endfacet
 facet normal -9.598391e-01 -2.805512e-01 -0.000000e+00
   outer loop
     vertex  4.033900e-01  3.249588e+00  4.000000e+00
     vertex  4.033900e-01  3.249588e+00  0.000000e+00
     vertex  4.413793e-01  3.119617e+00  0.000000e+00
   endloop
 endfacet
 facet normal -9.670842e-01 -2.544564e-01 -2.023770e-19
   outer loop
     vertex  3.689343e-01  3.380541e+00  4.000000e+00
     vertex  4.033900e-01  3.249588e+00  0.000000e+00
     vertex  4.033900e-01  3.249588e+00  4.000000e+00
   endloop
 endfacet
 facet normal -9.670842e-01 -2.544564e-01 -0.000000e+00
   outer loop
     vertex  3.689343e-01  3.380541e+00  4.000000e+00
     vertex  3.689343e-01  3.380541e+00  0.000000e+00
     vertex  4.033900e-01  3.249588e+00  0.000000e+00
   endloop
 endfacet
 facet normal -9.736201e-01 -2.281751e-01 -0.000000e+00
   outer loop
     vertex  3.689343e-01  3.380541e+00  4.000000e+00
     vertex  3.380372e-01  3.512378e+00  0.000000e+00
     vertex  3.689343e-01  3.380541e+00  0.000000e+00
   endloop
 endfacet
 facet normal -9.736201e-01 -2.281751e-01 -0.000000e+00
   outer loop
     vertex  3.380372e-01  3.512378e+00  4.000000e+00
     vertex  3.380372e-01  3.512378e+00  0.000000e+00
     vertex  3.689343e-01  3.380541e+00  4.000000e+00
   endloop
 endfacet
 facet normal -9.794419e-01 -2.017264e-01  3.920743e-19
   outer loop
     vertex  3.107216e-01  3.645003e+00  4.000000e+00
     vertex  3.380372e-01  3.512378e+00  0.000000e+00
     vertex  3.380372e-01  3.512378e+00  4.000000e+00
   endloop
 endfacet
 facet normal -9.794419e-01 -2.017264e-01 -0.000000e+00
   outer loop
     vertex  3.107216e-01  3.645003e+00  4.000000e+00
     vertex  3.107216e-01  3.645003e+00  0.000000e+00
     vertex  3.380372e-01  3.512378e+00  0.000000e+00
   endloop
 endfacet
 facet normal -9.845454e-01 -1.751297e-01 -0.000000e+00
   outer loop
     vertex  3.107216e-01  3.645003e+00  4.000000e+00
     vertex  2.870074e-01  3.778320e+00  0.000000e+00
     vertex  3.107216e-01  3.645003e+00  0.000000e+00
   endloop
 endfacet
 facet normal -9.845454e-01 -1.751297e-01 -0.000000e+00
   outer loop
     vertex  2.870074e-01  3.778320e+00  4.000000e+00
     vertex  2.870074e-01  3.778320e+00  0.000000e+00
     vertex  3.107216e-01  3.645003e+00  4.000000e+00
   endloop
 endfacet
 facet normal -9.889267e-01 -1.484046e-01  1.424753e-19
   outer loop
     vertex  2.669120e-01  3.912230e+00  4.000000e+00
     vertex  2.870074e-01  3.778320e+00  0.000000e+00
     vertex  2.870074e-01  3.778320e+00  4.000000e+00
   endloop
 endfacet
 facet normal -9.889267e-01 -1.484046e-01 -0.000000e+00
   outer loop
     vertex  2.669120e-01  3.912230e+00  4.000000e+00
     vertex  2.669120e-01  3.912230e+00  0.000000e+00
     vertex  2.870074e-01  3.778320e+00  0.000000e+00
   endloop
 endfacet
 facet normal -9.925828e-01 -1.215707e-01 -0.000000e+00
   outer loop
     vertex  2.669120e-01  3.912230e+00  4.000000e+00
     vertex  2.504502e-01  4.046635e+00  0.000000e+00
     vertex  2.669120e-01  3.912230e+00  0.000000e+00
   endloop
 endfacet
 facet normal -9.925828e-01 -1.215707e-01 -0.000000e+00
   outer loop
     vertex  2.504502e-01  4.046635e+00  4.000000e+00
     vertex  2.504502e-01  4.046635e+00  0.000000e+00
     vertex  2.669120e-01  3.912230e+00  4.000000e+00
   endloop
 endfacet
 facet normal -9.955108e-01 -9.464755e-02  4.594029e-22
   outer loop
     vertex  2.376341e-01  4.181436e+00  4.000000e+00
     vertex  2.504502e-01  4.046635e+00  0.000000e+00
     vertex  2.504502e-01  4.046635e+00  4.000000e+00
   endloop
 endfacet
 facet normal -9.955108e-01 -9.464755e-02 -0.000000e+00
   outer loop
     vertex  2.376341e-01  4.181436e+00  4.000000e+00
     vertex  2.376341e-01  4.181436e+00  0.000000e+00
     vertex  2.504502e-01  4.046635e+00  0.000000e+00
   endloop
 endfacet
 facet normal -9.977088e-01 -6.765502e-02 -0.000000e+00
   outer loop
     vertex  2.376341e-01  4.181436e+00  4.000000e+00
     vertex  2.284729e-01  4.316535e+00  0.000000e+00
     vertex  2.376341e-01  4.181436e+00  0.000000e+00
   endloop
 endfacet
 facet normal -9.977088e-01 -6.765502e-02 -0.000000e+00
   outer loop
     vertex  2.284729e-01  4.316535e+00  4.000000e+00
     vertex  2.284729e-01  4.316535e+00  0.000000e+00
     vertex  2.376341e-01  4.181436e+00  4.000000e+00
   endloop
 endfacet
 facet normal -9.991750e-01 -4.061287e-02  2.313148e-20
   outer loop
     vertex  2.229736e-01  4.451833e+00  4.000000e+00
     vertex  2.284729e-01  4.316535e+00  0.000000e+00
     vertex  2.284729e-01  4.316535e+00  4.000000e+00
   endloop
 endfacet
 facet normal -9.991750e-01 -4.061287e-02 -0.000000e+00
   outer loop
     vertex  2.229736e-01  4.451833e+00  4.000000e+00
     vertex  2.229736e-01  4.451833e+00  0.000000e+00
     vertex  2.284729e-01  4.316535e+00  0.000000e+00
   endloop
 endfacet
 facet normal -9.999083e-01 -1.354093e-02 -1.672424e-20
   outer loop
     vertex  2.211400e-01  4.587230e+00  4.000000e+00
     vertex  2.229736e-01  4.451833e+00  0.000000e+00
     vertex  2.229736e-01  4.451833e+00  4.000000e+00
   endloop
 endfacet
 facet normal -9.999083e-01 -1.354093e-02 -0.000000e+00
   outer loop
     vertex  2.211400e-01  4.587230e+00  4.000000e+00
     vertex  2.211400e-01  4.587230e+00  0.000000e+00
     vertex  2.229736e-01  4.451833e+00  0.000000e+00
   endloop
 endfacet
 facet normal  1.354093e-02 -9.999083e-01  0.000000e+00
   outer loop
     vertex  1.909424e+02 -4.109364e-01  4.000000e+00
     vertex  1.908070e+02 -4.127700e-01  0.000000e+00
     vertex  1.909424e+02 -4.109364e-01  0.000000e+00
   endloop
 endfacet
 facet normal  1.354093e-02 -9.999083e-01 -2.655353e-20
   outer loop
     vertex  1.909424e+02 -4.109364e-01  4.000000e+00
     vertex  1.908070e+02 -4.127700e-01  4.000000e+00
     vertex  1.908070e+02 -4.127700e-01  0.000000e+00
   endloop
 endfacet
 facet normal  4.061287e-02 -9.991750e-01  0.000000e+00
   outer loop
     vertex  1.910777e+02 -4.054371e-01  4.000000e+00
     vertex  1.909424e+02 -4.109364e-01  0.000000e+00
     vertex  1.910777e+02 -4.054371e-01  0.000000e+00
   endloop
 endfacet
 facet normal  4.061287e-02 -9.991750e-01 -5.308196e-20
   outer loop
     vertex  1.910777e+02 -4.054371e-01  4.000000e+00
     vertex  1.909424e+02 -4.109364e-01  4.000000e+00
     vertex  1.909424e+02 -4.109364e-01  0.000000e+00
   endloop
 endfacet
 facet normal  6.765502e-02 -9.977088e-01  0.000000e+00
   outer loop
     vertex  1.912128e+02 -3.962759e-01  4.000000e+00
     vertex  1.910777e+02 -4.054371e-01  0.000000e+00
     vertex  1.912128e+02 -3.962759e-01  0.000000e+00
   endloop
 endfacet
 facet normal  9.464755e-02 -9.955108e-01  0.000000e+00
   outer loop
     vertex  1.912128e+02 -3.962759e-01  4.000000e+00
     vertex  1.912128e+02 -3.962759e-01  0.000000e+00
     vertex  1.913476e+02 -3.834598e-01  0.000000e+00
   endloop
 endfacet
 facet normal  6.765502e-02 -9.977088e-01 -1.231264e-19
   outer loop
     vertex  1.912128e+02 -3.962759e-01  4.000000e+00
     vertex  1.910777e+02 -4.054371e-01  4.000000e+00
     vertex  1.910777e+02 -4.054371e-01  0.000000e+00
   endloop
 endfacet
 facet normal  9.464755e-02 -9.955108e-01  0.000000e+00
   outer loop
     vertex  1.913476e+02 -3.834598e-01  4.000000e+00
     vertex  1.912128e+02 -3.962759e-01  4.000000e+00
     vertex  1.913476e+02 -3.834598e-01  0.000000e+00
   endloop
 endfacet
 facet normal  1.215707e-01 -9.925828e-01  0.000000e+00
   outer loop
     vertex  1.914820e+02 -3.669980e-01  4.000000e+00
     vertex  1.913476e+02 -3.834598e-01  0.000000e+00
     vertex  1.914820e+02 -3.669980e-01  0.000000e+00
   endloop
 endfacet
 facet normal  1.215707e-01 -9.925828e-01 -7.268001e-20
   outer loop
     vertex  1.914820e+02 -3.669980e-01  4.000000e+00
     vertex  1.913476e+02 -3.834598e-01  4.000000e+00
     vertex  1.913476e+02 -3.834598e-01  0.000000e+00
   endloop
 endfacet
 facet normal  1.484046e-01 -9.889267e-01  0.000000e+00
   outer loop
     vertex  1.916159e+02 -3.469026e-01  4.000000e+00
     vertex  1.914820e+02 -3.669980e-01  0.000000e+00
     vertex  1.916159e+02 -3.469026e-01  0.000000e+00
   endloop
 endfacet
 facet normal  1.751297e-01 -9.845454e-01  0.000000e+00
   outer loop
     vertex  1.916159e+02 -3.469026e-01  4.000000e+00
     vertex  1.916159e+02 -3.469026e-01  0.000000e+00
     vertex  1.917492e+02 -3.231884e-01  0.000000e+00
   endloop
 endfacet
 facet normal  1.484046e-01 -9.889267e-01 -3.374372e-20
   outer loop
     vertex  1.916159e+02 -3.469026e-01  4.000000e+00
     vertex  1.914820e+02 -3.669980e-01  4.000000e+00
     vertex  1.914820e+02 -3.669980e-01  0.000000e+00
   endloop
 endfacet
 facet normal  1.751297e-01 -9.845454e-01  0.000000e+00
   outer loop
     vertex  1.917492e+02 -3.231884e-01  4.000000e+00
     vertex  1.916159e+02 -3.469026e-01  4.000000e+00
     vertex  1.917492e+02 -3.231884e-01  0.000000e+00
   endloop
 endfacet
 facet normal  2.017264e-01 -9.794419e-01  0.000000e+00
   outer loop
     vertex  1.918819e+02 -2.958728e-01  4.000000e+00
     vertex  1.917492e+02 -3.231884e-01  0.000000e+00
     vertex  1.918819e+02 -2.958728e-01  0.000000e+00
   endloop
 endfacet
 facet normal  2.281751e-01 -9.736201e-01  0.000000e+00
   outer loop
     vertex  1.918819e+02 -2.958728e-01  4.000000e+00
     vertex  1.918819e+02 -2.958728e-01  0.000000e+00
     vertex  1.920137e+02 -2.649757e-01  0.000000e+00
   endloop
 endfacet
 facet normal  2.017264e-01 -9.794419e-01 -9.924725e-20
   outer loop
     vertex  1.918819e+02 -2.958728e-01  4.000000e+00
     vertex  1.917492e+02 -3.231884e-01  4.000000e+00
     vertex  1.917492e+02 -3.231884e-01  0.000000e+00
   endloop
 endfacet
 facet normal  2.281751e-01 -9.736201e-01  0.000000e+00
   outer loop
     vertex  1.920137e+02 -2.649757e-01  4.000000e+00
     vertex  1.918819e+02 -2.958728e-01  4.000000e+00
     vertex  1.920137e+02 -2.649757e-01  0.000000e+00
   endloop
 endfacet
 facet normal  2.544564e-01 -9.670842e-01  0.000000e+00
   outer loop
     vertex  1.921446e+02 -2.305200e-01  4.000000e+00
     vertex  1.920137e+02 -2.649757e-01  0.000000e+00
     vertex  1.921446e+02 -2.305200e-01  0.000000e+00
   endloop
 endfacet
 facet normal  2.544564e-01 -9.670842e-01  3.812558e-19
   outer loop
     vertex  1.921446e+02 -2.305200e-01  4.000000e+00
     vertex  1.920137e+02 -2.649757e-01  4.000000e+00
     vertex  1.920137e+02 -2.649757e-01  0.000000e+00
   endloop
 endfacet
 facet normal  2.805512e-01 -9.598391e-01  0.000000e+00
   outer loop
     vertex  1.922746e+02 -1.925307e-01  4.000000e+00
     vertex  1.921446e+02 -2.305200e-01  0.000000e+00
     vertex  1.922746e+02 -1.925307e-01  0.000000e+00
   endloop
 endfacet
 facet normal  3.064401e-01 -9.518899e-01  0.000000e+00
   outer loop
     vertex  1.922746e+02 -1.925307e-01  4.000000e+00
     vertex  1.922746e+02 -1.925307e-01  0.000000e+00
     vertex  1.924035e+02 -1.510359e-01  0.000000e+00
   endloop
 endfacet
 facet normal  2.805512e-01 -9.598391e-01  6.945444e-19
   outer loop
     vertex  1.922746e+02 -1.925307e-01  4.000000e+00
     vertex  1.921446e+02 -2.305200e-01  4.000000e+00
     vertex  1.921446e+02 -2.305200e-01  0.000000e+00
   endloop
 endfacet
 facet normal  3.064401e-01 -9.518899e-01  0.000000e+00
   outer loop
     vertex  1.924035e+02 -1.510359e-01  4.000000e+00
     vertex  1.922746e+02 -1.925307e-01  4.000000e+00
     vertex  1.924035e+02 -1.510359e-01  0.000000e+00
   endloop
 endfacet
 facet normal  3.321044e-01 -9.432426e-01  0.000000e+00
   outer loop
     vertex  1.925312e+02 -1.060658e-01  4.000000e+00
     vertex  1.924035e+02 -1.510359e-01  0.000000e+00
     vertex  1.925312e+02 -1.060658e-01  0.000000e+00
   endloop
 endfacet
 facet normal  3.321044e-01 -9.432426e-01  3.451939e-19
   outer loop
     vertex  1.925312e+02 -1.060658e-01  4.000000e+00
     vertex  1.924035e+02 -1.510359e-01  4.000000e+00
     vertex  1.924035e+02 -1.510359e-01  0.000000e+00
   endloop
 endfacet
 facet normal  3.575250e-01 -9.339036e-01  0.000000e+00
   outer loop
     vertex  1.926577e+02 -5.765360e-02  4.000000e+00
     vertex  1.925312e+02 -1.060658e-01  0.000000e+00
     vertex  1.926577e+02 -5.765360e-02  0.000000e+00
   endloop
 endfacet
 facet normal  3.575250e-01 -9.339036e-01  1.333891e-19
   outer loop
     vertex  1.926577e+02 -5.765360e-02  4.000000e+00
     vertex  1.925312e+02 -1.060658e-01  4.000000e+00
     vertex  1.925312e+02 -1.060658e-01  0.000000e+00
   endloop
 endfacet
 facet normal  3.826834e-01 -9.238795e-01  0.000000e+00
   outer loop
     vertex  1.927828e+02 -5.834689e-03  4.000000e+00
     vertex  1.926577e+02 -5.765360e-02  0.000000e+00
     vertex  1.927828e+02 -5.834689e-03  0.000000e+00
   endloop
 endfacet
 facet normal  4.075612e-01 -9.131779e-01  0.000000e+00
   outer loop
     vertex  1.927828e+02 -5.834689e-03  4.000000e+00
     vertex  1.927828e+02 -5.834689e-03  0.000000e+00
     vertex  1.929064e+02  4.935290e-02  0.000000e+00
   endloop
 endfacet
 facet normal  3.826834e-01 -9.238795e-01  4.377290e-19
   outer loop
     vertex  1.927828e+02 -5.834689e-03  4.000000e+00
     vertex  1.926577e+02 -5.765360e-02  4.000000e+00
     vertex  1.926577e+02 -5.765360e-02  0.000000e+00
   endloop
 endfacet
 facet normal  4.075612e-01 -9.131779e-01  0.000000e+00
   outer loop
     vertex  1.929064e+02  4.935290e-02  4.000000e+00
     vertex  1.927828e+02 -5.834689e-03  4.000000e+00
     vertex  1.929064e+02  4.935290e-02  0.000000e+00
   endloop
 endfacet
 facet normal  4.321400e-01 -9.018065e-01  0.000000e+00
   outer loop
     vertex  1.930286e+02  1.078687e-01  4.000000e+00
     vertex  1.929064e+02  4.935290e-02  0.000000e+00
     vertex  1.930286e+02  1.078687e-01  0.000000e+00
   endloop
 endfacet
 facet normal  4.321400e-01 -9.018065e-01 -1.897451e-19
   outer loop
     vertex  1.930286e+02  1.078687e-01  4.000000e+00
     vertex  1.929064e+02  4.935290e-02  4.000000e+00
     vertex  1.929064e+02  4.935290e-02  0.000000e+00
   endloop
 endfacet
 facet normal  4.564019e-01 -8.897737e-01  0.000000e+00
   outer loop
     vertex  1.931490e+02  1.696698e-01  4.000000e+00
     vertex  1.930286e+02  1.078687e-01  0.000000e+00
     vertex  1.931490e+02  1.696698e-01  0.000000e+00
   endloop
 endfacet
 facet normal  4.803291e-01 -8.770884e-01  0.000000e+00
   outer loop
     vertex  1.931490e+02  1.696698e-01  4.000000e+00
     vertex  1.931490e+02  1.696698e-01  0.000000e+00
     vertex  1.932678e+02  2.347108e-01  0.000000e+00
   endloop
 endfacet
 facet normal  4.564019e-01 -8.897737e-01 -6.691731e-19
   outer loop
     vertex  1.931490e+02  1.696698e-01  4.000000e+00
     vertex  1.930286e+02  1.078687e-01  4.000000e+00
     vertex  1.930286e+02  1.078687e-01  0.000000e+00
   endloop
 endfacet
 facet normal  5.039039e-01 -8.637597e-01  0.000000e+00
   outer loop
     vertex  1.932678e+02  2.347108e-01  4.000000e+00
     vertex  1.932678e+02  2.347108e-01  0.000000e+00
     vertex  1.933848e+02  3.029441e-01  0.000000e+00
   endloop
 endfacet
 facet normal  4.803291e-01 -8.770884e-01  0.000000e+00
   outer loop
     vertex  1.932678e+02  2.347108e-01  4.000000e+00
     vertex  1.931490e+02  1.696698e-01  4.000000e+00
     vertex  1.932678e+02  2.347108e-01  0.000000e+00
   endloop
 endfacet
 facet normal  5.039039e-01 -8.637597e-01  0.000000e+00
   outer loop
     vertex  1.933848e+02  3.029441e-01  4.000000e+00
     vertex  1.932678e+02  2.347108e-01  4.000000e+00
     vertex  1.933848e+02  3.029441e-01  0.000000e+00
   endloop
 endfacet
 facet normal  5.271092e-01 -8.497975e-01  1.013911e-18
   outer loop
     vertex  1.934998e+02  3.743196e-01  4.000000e+00
     vertex  1.933848e+02  3.029441e-01  4.000000e+00
     vertex  1.933848e+02  3.029441e-01  0.000000e+00
   endloop
 endfacet
 facet normal  5.271092e-01 -8.497975e-01  0.000000e+00
   outer loop
     vertex  1.934998e+02  3.743196e-01  4.000000e+00
     vertex  1.933848e+02  3.029441e-01  0.000000e+00
     vertex  1.934998e+02  3.743196e-01  0.000000e+00
   endloop
 endfacet
 facet normal  5.499279e-01 -8.352121e-01 -9.789456e-19
   outer loop
     vertex  1.936129e+02  4.487850e-01  4.000000e+00
     vertex  1.934998e+02  3.743196e-01  4.000000e+00
     vertex  1.934998e+02  3.743196e-01  0.000000e+00
   endloop
 endfacet
 facet normal  5.499279e-01 -8.352121e-01  0.000000e+00
   outer loop
     vertex  1.936129e+02  4.487850e-01  4.000000e+00
     vertex  1.934998e+02  3.743196e-01  0.000000e+00
     vertex  1.936129e+02  4.487850e-01  0.000000e+00
   endloop
 endfacet
 facet normal  5.723433e-01 -8.200141e-01 -6.472877e-19
   outer loop
     vertex  1.937240e+02  5.262856e-01  4.000000e+00
     vertex  1.936129e+02  4.487850e-01  4.000000e+00
     vertex  1.936129e+02  4.487850e-01  0.000000e+00
   endloop
 endfacet
 facet normal  5.723433e-01 -8.200141e-01  0.000000e+00
   outer loop
     vertex  1.937240e+02  5.262856e-01  4.000000e+00
     vertex  1.936129e+02  4.487850e-01  0.000000e+00
     vertex  1.937240e+02  5.262856e-01  0.000000e+00
   endloop
 endfacet
 facet normal  5.943389e-01 -8.042147e-01  1.544709e-18
   outer loop
     vertex  1.938329e+02  6.067647e-01  4.000000e+00
     vertex  1.937240e+02  5.262856e-01  4.000000e+00
     vertex  1.937240e+02  5.262856e-01  0.000000e+00
   endloop
 endfacet
 facet normal  5.943389e-01 -8.042147e-01  0.000000e+00
   outer loop
     vertex  1.938329e+02  6.067647e-01  4.000000e+00
     vertex  1.937240e+02  5.262856e-01  0.000000e+00
     vertex  1.938329e+02  6.067647e-01  0.000000e+00
   endloop
 endfacet
 facet normal  6.158986e-01 -7.878255e-01 -3.516910e-19
   outer loop
     vertex  1.939395e+02  6.901631e-01  4.000000e+00
     vertex  1.938329e+02  6.067647e-01  4.000000e+00
     vertex  1.938329e+02  6.067647e-01  0.000000e+00
   endloop
 endfacet
 facet normal  6.158986e-01 -7.878255e-01  0.000000e+00
   outer loop
     vertex  1.939395e+02  6.901631e-01  4.000000e+00
     vertex  1.938329e+02  6.067647e-01  0.000000e+00
     vertex  1.939395e+02  6.901631e-01  0.000000e+00
   endloop
 endfacet
 facet normal  6.370065e-01 -7.708584e-01  0.000000e+00
   outer loop
     vertex  1.940439e+02  7.764197e-01  4.000000e+00
     vertex  1.939395e+02  6.901631e-01  0.000000e+00
     vertex  1.940439e+02  7.764197e-01  0.000000e+00
   endloop
 endfacet
 facet normal  6.370065e-01 -7.708584e-01 -6.814844e-19
   outer loop
     vertex  1.940439e+02  7.764197e-01  4.000000e+00
     vertex  1.939395e+02  6.901631e-01  4.000000e+00
     vertex  1.939395e+02  6.901631e-01  0.000000e+00
   endloop
 endfacet
 facet normal  6.576473e-01 -7.533260e-01  0.000000e+00
   outer loop
     vertex  1.941459e+02  8.654713e-01  4.000000e+00
     vertex  1.940439e+02  7.764197e-01  0.000000e+00
     vertex  1.941459e+02  8.654713e-01  0.000000e+00
   endloop
 endfacet
 facet normal  6.576473e-01 -7.533260e-01  1.352721e-18
   outer loop
     vertex  1.941459e+02  8.654713e-01  4.000000e+00
     vertex  1.940439e+02  7.764197e-01  4.000000e+00
     vertex  1.940439e+02  7.764197e-01  0.000000e+00
   endloop
 endfacet
 facet normal  6.778058e-01 -7.352410e-01  0.000000e+00
   outer loop
     vertex  1.942455e+02  9.572525e-01  4.000000e+00
     vertex  1.941459e+02  8.654713e-01  0.000000e+00
     vertex  1.942455e+02  9.572525e-01  0.000000e+00
   endloop
 endfacet
 facet normal  6.778058e-01 -7.352410e-01  1.177064e-18
   outer loop
     vertex  1.942455e+02  9.572525e-01  4.000000e+00
     vertex  1.941459e+02  8.654713e-01  4.000000e+00
     vertex  1.941459e+02  8.654713e-01  0.000000e+00
   endloop
 endfacet
 facet normal  6.974671e-01 -7.166168e-01  0.000000e+00
   outer loop
     vertex  1.943425e+02  1.051696e+00  4.000000e+00
     vertex  1.942455e+02  9.572525e-01  0.000000e+00
     vertex  1.943425e+02  1.051696e+00  0.000000e+00
   endloop
 endfacet
 facet normal  7.166168e-01 -6.974671e-01  0.000000e+00
   outer loop
     vertex  1.943425e+02  1.051696e+00  4.000000e+00
     vertex  1.943425e+02  1.051696e+00  0.000000e+00
     vertex  1.944370e+02  1.148733e+00  0.000000e+00
   endloop
 endfacet
 facet normal  6.974671e-01 -7.166168e-01  1.511978e-18
   outer loop
     vertex  1.943425e+02  1.051696e+00  4.000000e+00
     vertex  1.942455e+02  9.572525e-01  4.000000e+00
     vertex  1.942455e+02  9.572525e-01  0.000000e+00
   endloop
 endfacet
 facet normal  7.166168e-01 -6.974671e-01  0.000000e+00
   outer loop
     vertex  1.944370e+02  1.148733e+00  4.000000e+00
     vertex  1.943425e+02  1.051696e+00  4.000000e+00
     vertex  1.944370e+02  1.148733e+00  0.000000e+00
   endloop
 endfacet
 facet normal  7.352410e-01 -6.778058e-01  0.000000e+00
   outer loop
     vertex  1.945288e+02  1.248291e+00  4.000000e+00
     vertex  1.944370e+02  1.148733e+00  0.000000e+00
     vertex  1.945288e+02  1.248291e+00  0.000000e+00
   endloop
 endfacet
 facet normal  7.533260e-01 -6.576473e-01  0.000000e+00
   outer loop
     vertex  1.945288e+02  1.248291e+00  4.000000e+00
     vertex  1.945288e+02  1.248291e+00  0.000000e+00
     vertex  1.946178e+02  1.350299e+00  0.000000e+00
   endloop
 endfacet
 facet normal  7.352410e-01 -6.778058e-01  5.896159e-19
   outer loop
     vertex  1.945288e+02  1.248291e+00  4.000000e+00
     vertex  1.944370e+02  1.148733e+00  4.000000e+00
     vertex  1.944370e+02  1.148733e+00  0.000000e+00
   endloop
 endfacet
 facet normal  7.533260e-01 -6.576473e-01  0.000000e+00
   outer loop
     vertex  1.946178e+02  1.350299e+00  4.000000e+00
     vertex  1.945288e+02  1.248291e+00  4.000000e+00
     vertex  1.946178e+02  1.350299e+00  0.000000e+00
   endloop
 endfacet
 facet normal  7.708584e-01 -6.370065e-01  0.000000e+00
   outer loop
     vertex  1.947041e+02  1.454680e+00  4.000000e+00
     vertex  1.946178e+02  1.350299e+00  0.000000e+00
     vertex  1.947041e+02  1.454680e+00  0.000000e+00
   endloop
 endfacet
 facet normal  7.708584e-01 -6.370065e-01 -8.028497e-19
   outer loop
     vertex  1.947041e+02  1.454680e+00  4.000000e+00
     vertex  1.946178e+02  1.350299e+00  4.000000e+00
     vertex  1.946178e+02  1.350299e+00  0.000000e+00
   endloop
 endfacet
 facet normal  7.878255e-01 -6.158986e-01  0.000000e+00
   outer loop
     vertex  1.947875e+02  1.561359e+00  4.000000e+00
     vertex  1.947041e+02  1.454680e+00  0.000000e+00
     vertex  1.947875e+02  1.561359e+00  0.000000e+00
   endloop
 endfacet
 facet normal  7.878255e-01 -6.158986e-01 -2.821513e-19
   outer loop
     vertex  1.947875e+02  1.561359e+00  4.000000e+00
     vertex  1.947041e+02  1.454680e+00  4.000000e+00
     vertex  1.947041e+02  1.454680e+00  0.000000e+00
   endloop
 endfacet
 facet normal  8.042147e-01 -5.943389e-01  0.000000e+00
   outer loop
     vertex  1.948679e+02  1.670257e+00  4.000000e+00
     vertex  1.947875e+02  1.561359e+00  0.000000e+00
     vertex  1.948679e+02  1.670257e+00  0.000000e+00
   endloop
 endfacet
 facet normal  8.042147e-01 -5.943389e-01 -4.895249e-19
   outer loop
     vertex  1.948679e+02  1.670257e+00  4.000000e+00
     vertex  1.947875e+02  1.561359e+00  4.000000e+00
     vertex  1.947875e+02  1.561359e+00  0.000000e+00
   endloop
 endfacet
 facet normal  8.200141e-01 -5.723433e-01  0.000000e+00
   outer loop
     vertex  1.949454e+02  1.781295e+00  4.000000e+00
     vertex  1.948679e+02  1.670257e+00  0.000000e+00
     vertex  1.949454e+02  1.781295e+00  0.000000e+00
   endloop
 endfacet
 facet normal  8.200141e-01 -5.723433e-01  6.854393e-19
   outer loop
     vertex  1.949454e+02  1.781295e+00  4.000000e+00
     vertex  1.948679e+02  1.670257e+00  4.000000e+00
     vertex  1.948679e+02  1.670257e+00  0.000000e+00
   endloop
 endfacet
 facet normal  8.352121e-01 -5.499279e-01  0.000000e+00
   outer loop
     vertex  1.950199e+02  1.894390e+00  4.000000e+00
     vertex  1.949454e+02  1.781295e+00  0.000000e+00
     vertex  1.950199e+02  1.894390e+00  0.000000e+00
   endloop
 endfacet
 facet normal  8.352121e-01 -5.499279e-01 -1.048629e-19
   outer loop
     vertex  1.950199e+02  1.894390e+00  4.000000e+00
     vertex  1.949454e+02  1.781295e+00  4.000000e+00
     vertex  1.949454e+02  1.781295e+00  0.000000e+00
   endloop
 endfacet
 facet normal  8.497975e-01 -5.271092e-01  0.000000e+00
   outer loop
     vertex  1.950913e+02  2.009461e+00  4.000000e+00
     vertex  1.950199e+02  1.894390e+00  0.000000e+00
     vertex  1.950913e+02  2.009461e+00  0.000000e+00
   endloop
 endfacet
 facet normal  8.497975e-01 -5.271092e-01  7.805544e-19
   outer loop
     vertex  1.950913e+02  2.009461e+00  4.000000e+00
     vertex  1.950199e+02  1.894390e+00  4.000000e+00
     vertex  1.950199e+02  1.894390e+00  0.000000e+00
   endloop
 endfacet
 facet normal  8.637597e-01 -5.039039e-01  0.000000e+00
   outer loop
     vertex  1.951595e+02  2.126422e+00  4.000000e+00
     vertex  1.950913e+02  2.009461e+00  0.000000e+00
     vertex  1.951595e+02  2.126422e+00  0.000000e+00
   endloop
 endfacet
 facet normal  8.770884e-01 -4.803291e-01  0.000000e+00
   outer loop
     vertex  1.951595e+02  2.126422e+00  4.000000e+00
     vertex  1.951595e+02  2.126422e+00  0.000000e+00
     vertex  1.952246e+02  2.245188e+00  0.000000e+00
   endloop
 endfacet
 facet normal  8.637597e-01 -5.039039e-01  5.516886e-19
   outer loop
     vertex  1.951595e+02  2.126422e+00  4.000000e+00
     vertex  1.950913e+02  2.009461e+00  4.000000e+00
     vertex  1.950913e+02  2.009461e+00  0.000000e+00
   endloop
 endfacet
 facet normal  8.897737e-01 -4.564019e-01  0.000000e+00
   outer loop
     vertex  1.952246e+02  2.245188e+00  4.000000e+00
     vertex  1.952246e+02  2.245188e+00  0.000000e+00
     vertex  1.952864e+02  2.365671e+00  0.000000e+00
   endloop
 endfacet
 facet normal  8.770884e-01 -4.803291e-01  0.000000e+00
   outer loop
     vertex  1.952246e+02  2.245188e+00  4.000000e+00
     vertex  1.951595e+02  2.126422e+00  4.000000e+00
     vertex  1.952246e+02  2.245188e+00  0.000000e+00
   endloop
 endfacet
 facet normal  8.897737e-01 -4.564019e-01  0.000000e+00
   outer loop
     vertex  1.952864e+02  2.365671e+00  4.000000e+00
     vertex  1.952246e+02  2.245188e+00  4.000000e+00
     vertex  1.952864e+02  2.365671e+00  0.000000e+00
   endloop
 endfacet
 facet normal  9.018065e-01 -4.321400e-01  0.000000e+00
   outer loop
     vertex  1.953449e+02  2.487784e+00  4.000000e+00
     vertex  1.952864e+02  2.365671e+00  0.000000e+00
     vertex  1.953449e+02  2.487784e+00  0.000000e+00
   endloop
 endfacet
 facet normal  9.018065e-01 -4.321400e-01  5.037302e-19
   outer loop
     vertex  1.953449e+02  2.487784e+00  4.000000e+00
     vertex  1.952864e+02  2.365671e+00  4.000000e+00
     vertex  1.952864e+02  2.365671e+00  0.000000e+00
   endloop
 endfacet
 facet normal  9.131779e-01 -4.075612e-01  0.000000e+00
   outer loop
     vertex  1.954001e+02  2.611437e+00  4.000000e+00
     vertex  1.953449e+02  2.487784e+00  0.000000e+00
     vertex  1.954001e+02  2.611437e+00  0.000000e+00
   endloop
 endfacet
 facet normal  9.131779e-01 -4.075612e-01  3.506413e-19
   outer loop
     vertex  1.954001e+02  2.611437e+00  4.000000e+00
     vertex  1.953449e+02  2.487784e+00  4.000000e+00
     vertex  1.953449e+02  2.487784e+00  0.000000e+00
   endloop
 endfacet
 facet normal  9.238795e-01 -3.826834e-01  0.000000e+00
   outer loop
     vertex  1.954519e+02  2.736539e+00  4.000000e+00
     vertex  1.954001e+02  2.611437e+00  0.000000e+00
     vertex  1.954519e+02  2.736539e+00  0.000000e+00
   endloop
 endfacet
 facet normal  9.238795e-01 -3.826834e-01 -3.006099e-19
   outer loop
     vertex  1.954519e+02  2.736539e+00  4.000000e+00
     vertex  1.954001e+02  2.611437e+00  4.000000e+00
     vertex  1.954001e+02  2.611437e+00  0.000000e+00
   endloop
 endfacet
 facet normal  9.339036e-01 -3.575250e-01  0.000000e+00
   outer loop
     vertex  1.955003e+02  2.862998e+00  4.000000e+00
     vertex  1.954519e+02  2.736539e+00  0.000000e+00
     vertex  1.955003e+02  2.862998e+00  0.000000e+00
   endloop
 endfacet
 facet normal  9.339036e-01 -3.575250e-01 -1.465168e-19
   outer loop
     vertex  1.955003e+02  2.862998e+00  4.000000e+00
     vertex  1.954519e+02  2.736539e+00  4.000000e+00
     vertex  1.954519e+02  2.736539e+00  0.000000e+00
   endloop
 endfacet
 facet normal  9.432426e-01 -3.321044e-01  4.279236e-19
   outer loop
     vertex  1.955453e+02  2.990722e+00  4.000000e+00
     vertex  1.955003e+02  2.862998e+00  4.000000e+00
     vertex  1.955003e+02  2.862998e+00  0.000000e+00
   endloop
 endfacet
 facet normal  9.432426e-01 -3.321044e-01  0.000000e+00
   outer loop
     vertex  1.955453e+02  2.990722e+00  4.000000e+00
     vertex  1.955003e+02  2.862998e+00  0.000000e+00
     vertex  1.955453e+02  2.990722e+00  0.000000e+00
   endloop
 endfacet
 facet normal  9.518899e-01 -3.064401e-01  1.324804e-19
   outer loop
     vertex  1.955868e+02  3.119617e+00  4.000000e+00
     vertex  1.955453e+02  2.990722e+00  4.000000e+00
     vertex  1.955453e+02  2.990722e+00  0.000000e+00
   endloop
 endfacet
 facet normal  9.518899e-01 -3.064401e-01  0.000000e+00
   outer loop
     vertex  1.955868e+02  3.119617e+00  4.000000e+00
     vertex  1.955453e+02  2.990722e+00  0.000000e+00
     vertex  1.955868e+02  3.119617e+00  0.000000e+00
   endloop
 endfacet
 facet normal  9.598391e-01 -2.805512e-01  4.435085e-19
   outer loop
     vertex  1.956247e+02  3.249588e+00  4.000000e+00
     vertex  1.955868e+02  3.119617e+00  4.000000e+00
     vertex  1.955868e+02  3.119617e+00  0.000000e+00
   endloop
 endfacet
 facet normal  9.598391e-01 -2.805512e-01  0.000000e+00
   outer loop
     vertex  1.956247e+02  3.249588e+00  4.000000e+00
     vertex  1.955868e+02  3.119617e+00  0.000000e+00
     vertex  1.956247e+02  3.249588e+00  0.000000e+00
   endloop
 endfacet
 facet normal  9.670842e-01 -2.544564e-01  5.457902e-19
   outer loop
     vertex  1.956592e+02  3.380541e+00  4.000000e+00
     vertex  1.956247e+02  3.249588e+00  4.000000e+00
     vertex  1.956247e+02  3.249588e+00  0.000000e+00
   endloop
 endfacet
 facet normal  9.670842e-01 -2.544564e-01  0.000000e+00
   outer loop
     vertex  1.956592e+02  3.380541e+00  4.000000e+00
     vertex  1.956247e+02  3.249588e+00  0.000000e+00
     vertex  1.956592e+02  3.380541e+00  0.000000e+00
   endloop
 endfacet
 facet normal  9.736201e-01 -2.281751e-01 -7.560101e-19
   outer loop
     vertex  1.956901e+02  3.512378e+00  4.000000e+00
     vertex  1.956592e+02  3.380541e+00  4.000000e+00
     vertex  1.956592e+02  3.380541e+00  0.000000e+00
   endloop
 endfacet
 facet normal  9.736201e-01 -2.281751e-01  0.000000e+00
   outer loop
     vertex  1.956901e+02  3.512378e+00  4.000000e+00
     vertex  1.956592e+02  3.380541e+00  0.000000e+00
     vertex  1.956901e+02  3.512378e+00  0.000000e+00
   endloop
 endfacet
 facet normal  9.794419e-01 -2.017264e-01  0.000000e+00
   outer loop
     vertex  1.956901e+02  3.512378e+00  4.000000e+00
     vertex  1.956901e+02  3.512378e+00  0.000000e+00
     vertex  1.957174e+02  3.645003e+00  0.000000e+00
   endloop
 endfacet
 facet normal  9.794419e-01 -2.017264e-01  0.000000e+00
   outer loop
     vertex  1.957174e+02  3.645003e+00  4.000000e+00
     vertex  1.956901e+02  3.512378e+00  4.000000e+00
     vertex  1.957174e+02  3.645003e+00  0.000000e+00
   endloop
 endfacet
 facet normal  9.845454e-01 -1.751297e-01 -2.323682e-19
   outer loop
     vertex  1.957411e+02  3.778320e+00  4.000000e+00
     vertex  1.957174e+02  3.645003e+00  4.000000e+00
     vertex  1.957174e+02  3.645003e+00  0.000000e+00
   endloop
 endfacet
 facet normal  9.845454e-01 -1.751297e-01  0.000000e+00
   outer loop
     vertex  1.957411e+02  3.778320e+00  4.000000e+00
     vertex  1.957174e+02  3.645003e+00  0.000000e+00
     vertex  1.957411e+02  3.778320e+00  0.000000e+00
   endloop
 endfacet
 facet normal  9.889267e-01 -1.484046e-01  2.854931e-19
   outer loop
     vertex  1.957612e+02  3.912230e+00  4.000000e+00
     vertex  1.957411e+02  3.778320e+00  4.000000e+00
     vertex  1.957411e+02  3.778320e+00  0.000000e+00
   endloop
 endfacet
 facet normal  9.889267e-01 -1.484046e-01  0.000000e+00
   outer loop
     vertex  1.957612e+02  3.912230e+00  4.000000e+00
     vertex  1.957411e+02  3.778320e+00  0.000000e+00
     vertex  1.957612e+02  3.912230e+00  0.000000e+00
   endloop
 endfacet
 facet normal  9.925828e-01 -1.215707e-01 -1.761872e-19
   outer loop
     vertex  1.957777e+02  4.046635e+00  4.000000e+00
     vertex  1.957612e+02  3.912230e+00  4.000000e+00
     vertex  1.957612e+02  3.912230e+00  0.000000e+00
   endloop
 endfacet
 facet normal  9.925828e-01 -1.215707e-01  0.000000e+00
   outer loop
     vertex  1.957777e+02  4.046635e+00  4.000000e+00
     vertex  1.957612e+02  3.912230e+00  0.000000e+00
     vertex  1.957777e+02  4.046635e+00  0.000000e+00
   endloop
 endfacet
 facet normal  9.955108e-01 -9.464755e-02  1.906684e-19
   outer loop
     vertex  1.957905e+02  4.181436e+00  4.000000e+00
     vertex  1.957777e+02  4.046635e+00  4.000000e+00
     vertex  1.957777e+02  4.046635e+00  0.000000e+00
   endloop
 endfacet
 facet normal  9.955108e-01 -9.464755e-02  0.000000e+00
   outer loop
     vertex  1.957905e+02  4.181436e+00  4.000000e+00
     vertex  1.957777e+02  4.046635e+00  0.000000e+00
     vertex  1.957905e+02  4.181436e+00  0.000000e+00
   endloop
 endfacet
 facet normal  9.977088e-01 -6.765502e-02  1.715675e-19
   outer loop
     vertex  1.957997e+02  4.316535e+00  4.000000e+00
     vertex  1.957905e+02  4.181436e+00  4.000000e+00
     vertex  1.957905e+02  4.181436e+00  0.000000e+00
   endloop
 endfacet
 facet normal  9.977088e-01 -6.765502e-02  0.000000e+00
   outer loop
     vertex  1.957997e+02  4.316535e+00  4.000000e+00
     vertex  1.957905e+02  4.181436e+00  0.000000e+00
     vertex  1.957997e+02  4.316535e+00  0.000000e+00
   endloop
 endfacet
 facet normal  9.991750e-01 -4.061287e-02  4.106694e-20
   outer loop
     vertex  1.958052e+02  4.451833e+00  4.000000e+00
     vertex  1.957997e+02  4.316535e+00  4.000000e+00
     vertex  1.957997e+02  4.316535e+00  0.000000e+00
   endloop
 endfacet
 facet normal  9.991750e-01 -4.061287e-02  0.000000e+00
   outer loop
     vertex  1.958052e+02  4.451833e+00  4.000000e+00
     vertex  1.957997e+02  4.316535e+00  0.000000e+00
     vertex  1.958052e+02  4.451833e+00  0.000000e+00
   endloop
 endfacet
 facet normal  9.999083e-01 -1.354093e-02 -4.572928e-20
   outer loop
     vertex  1.958070e+02  4.587230e+00  4.000000e+00
     vertex  1.958052e+02  4.451833e+00  4.000000e+00
     vertex  1.958052e+02  4.451833e+00  0.000000e+00
   endloop
 endfacet
 facet normal  9.999083e-01 -1.354093e-02  0.000000e+00
   outer loop
     vertex  1.958070e+02  4.587230e+00  4.000000e+00
     vertex  1.958052e+02  4.451833e+00  0.000000e+00
     vertex  1.958070e+02  4.587230e+00  0.000000e+00
   endloop
 endfacet
 facet normal  0.000000e+00  0.000000e+00  1.000000e+00
   outer loop
     vertex  7.721140e+00  7.836890e+00  4.000000e+00
     vertex  2.195269e+00  6.067647e-01  4.000000e+00
     vertex  2.304167e+00  5.262856e-01  4.000000e+00
   endloop
 endfacet
 facet normal  0.000000e+00  0.000000e+00  1.000000e+00
   outer loop
     vertex  7.721140e+00  7.836890e+00  4.000000e+00
     vertex  2.088590e+00  6.901631e-01  4.000000e+00
     vertex  2.195269e+00  6.067647e-01  4.000000e+00
   endloop
 endfacet
 facet normal  0.000000e+00  0.000000e+00  1.000000e+00
   outer loop
     vertex  7.721140e+00  7.836890e+00  4.000000e+00
     vertex  1.984209e+00  7.764197e-01  4.000000e+00
     vertex  2.088590e+00  6.901631e-01  4.000000e+00
   endloop
 endfacet
 facet normal  0.000000e+00  0.000000e+00  1.000000e+00
   outer loop
     vertex  7.721140e+00  7.836890e+00  4.000000e+00
     vertex  1.882201e+00  8.654713e-01  4.000000e+00
     vertex  1.984209e+00  7.764197e-01  4.000000e+00
   endloop
 endfacet
 facet normal  0.000000e+00  0.000000e+00  1.000000e+00
   outer loop
     vertex  7.721140e+00  7.836890e+00  4.000000e+00
     vertex  1.782643e+00  9.572525e-01  4.000000e+00
     vertex  1.882201e+00  8.654713e-01  4.000000e+00
   endloop
 endfacet
 facet normal  0.000000e+00  0.000000e+00  1.000000e+00
   outer loop
     vertex  7.721140e+00  7.836890e+00  4.000000e+00
     vertex  1.685606e+00  1.051696e+00  4.000000e+00
     vertex  1.782643e+00  9.572525e-01  4.000000e+00
   endloop
 endfacet
 facet normal  0.000000e+00  0.000000e+00  1.000000e+00
   outer loop
     vertex  7.721140e+00  7.836890e+00  4.000000e+00
     vertex  1.591163e+00  1.148733e+00  4.000000e+00
     vertex  1.685606e+00  1.051696e+00  4.000000e+00
   endloop
 endfacet
 facet normal  0.000000e+00  0.000000e+00  1.000000e+00
   outer loop
     vertex  7.721140e+00  7.836890e+00  4.000000e+00
     vertex  1.499381e+00  1.248291e+00  4.000000e+00
     vertex  1.591163e+00  1.148733e+00  4.000000e+00
   endloop
 endfacet
 facet normal  0.000000e+00  0.000000e+00  1.000000e+00
   outer loop
     vertex  7.721140e+00  7.836890e+00  4.000000e+00
     vertex  1.410330e+00  1.350299e+00  4.000000e+00
     vertex  1.499381e+00  1.248291e+00  4.000000e+00
   endloop
 endfacet
 facet normal  0.000000e+00  0.000000e+00  1.000000e+00
   outer loop
     vertex  7.721140e+00  7.836890e+00  4.000000e+00
     vertex  1.324073e+00  1.454680e+00  4.000000e+00
     vertex  1.410330e+00  1.350299e+00  4.000000e+00
   endloop
 endfacet
 facet normal  0.000000e+00  0.000000e+00  1.000000e+00
   outer loop
     vertex  7.721140e+00  7.836890e+00  4.000000e+00
     vertex  1.240675e+00  1.561359e+00  4.000000e+00
     vertex  1.324073e+00  1.454680e+00  4.000000e+00
   endloop
 endfacet
 facet normal  0.000000e+00  0.000000e+00  1.000000e+00
   outer loop
     vertex  7.721140e+00  7.836890e+00  4.000000e+00
     vertex  1.160196e+00  1.670257e+00  4.000000e+00
     vertex  1.240675e+00  1.561359e+00  4.000000e+00
   endloop
 endfacet
 facet normal  0.000000e+00  0.000000e+00  1.000000e+00
   outer loop
     vertex  7.721140e+00  7.836890e+00  4.000000e+00
     vertex  1.082695e+00  1.781295e+00  4.000000e+00
     vertex  1.160196e+00  1.670257e+00  4.000000e+00
   endloop
 endfacet
 facet normal  0.000000e+00  0.000000e+00  1.000000e+00
   outer loop
     vertex  7.721140e+00  7.836890e+00  4.000000e+00
     vertex  1.008230e+00  1.894390e+00  4.000000e+00
     vertex  1.082695e+00  1.781295e+00  4.000000e+00
   endloop
 endfacet
 facet normal  0.000000e+00  0.000000e+00  1.000000e+00
   outer loop
     vertex  7.721140e+00  7.836890e+00  4.000000e+00
     vertex  9.368541e-01  2.009461e+00  4.000000e+00
     vertex  1.008230e+00  1.894390e+00  4.000000e+00
   endloop
 endfacet
 facet normal  0.000000e+00  0.000000e+00  1.000000e+00
   outer loop
     vertex  7.721140e+00  7.836890e+00  4.000000e+00
     vertex  8.686208e-01  2.126422e+00  4.000000e+00
     vertex  9.368541e-01  2.009461e+00  4.000000e+00
   endloop
 endfacet
 facet normal  0.000000e+00  0.000000e+00  1.000000e+00
   outer loop
     vertex  7.721140e+00  7.836890e+00  4.000000e+00
     vertex  8.035798e-01  2.245188e+00  4.000000e+00
     vertex  8.686208e-01  2.126422e+00  4.000000e+00
   endloop
 endfacet
 facet normal  0.000000e+00  0.000000e+00  1.000000e+00
   outer loop
     vertex  7.721140e+00  7.836890e+00  4.000000e+00
     vertex  7.417787e-01  2.365671e+00  4.000000e+00
     vertex  8.035798e-01  2.245188e+00  4.000000e+00
   endloop
 endfacet
 facet normal  0.000000e+00  0.000000e+00  1.000000e+00
   outer loop
     vertex  7.721140e+00  7.836890e+00  4.000000e+00
     vertex  6.832629e-01  2.487784e+00  4.000000e+00
     vertex  7.417787e-01  2.365671e+00  4.000000e+00
   endloop
 endfacet
 facet normal  0.000000e+00  0.000000e+00  1.000000e+00
   outer loop
     vertex  7.721140e+00  7.836890e+00  4.000000e+00
     vertex  6.280753e-01  2.611437e+00  4.000000e+00
     vertex  6.832629e-01  2.487784e+00  4.000000e+00
   endloop
 endfacet
 facet normal  0.000000e+00  0.000000e+00  1.000000e+00
   outer loop
     vertex  7.721140e+00  7.836890e+00  4.000000e+00
     vertex  5.762564e-01  2.736539e+00  4.000000e+00
     vertex  6.280753e-01  2.611437e+00  4.000000e+00
   endloop
 endfacet
 facet normal  0.000000e+00  0.000000e+00  1.000000e+00
   outer loop
     vertex  7.721140e+00  7.836890e+00  4.000000e+00
     vertex  5.278442e-01  2.862998e+00  4.000000e+00
     vertex  5.762564e-01  2.736539e+00  4.000000e+00
   endloop
 endfacet
 facet normal  0.000000e+00  0.000000e+00  1.000000e+00
   outer loop
     vertex  7.721140e+00  7.836890e+00  4.000000e+00
     vertex  4.828741e-01  2.990722e+00  4.000000e+00
     vertex  5.278442e-01  2.862998e+00  4.000000e+00
   endloop
 endfacet
 facet normal  0.000000e+00  0.000000e+00  1.000000e+00
   outer loop
     vertex  7.721140e+00  7.836890e+00  4.000000e+00
     vertex  4.413793e-01  3.119617e+00  4.000000e+00
     vertex  4.828741e-01  2.990722e+00  4.000000e+00
   endloop
 endfacet
 facet normal  0.000000e+00  0.000000e+00  1.000000e+00
   outer loop
     vertex  7.721140e+00  7.836890e+00  4.000000e+00
     vertex  4.033900e-01  3.249588e+00  4.000000e+00
     vertex  4.413793e-01  3.119617e+00  4.000000e+00
   endloop
 endfacet
 facet normal  0.000000e+00  0.000000e+00  1.000000e+00
   outer loop
     vertex  7.721140e+00  7.836890e+00  4.000000e+00
     vertex  3.689343e-01  3.380541e+00  4.000000e+00
     vertex  4.033900e-01  3.249588e+00  4.000000e+00
   endloop
 endfacet
 facet normal  0.000000e+00  0.000000e+00  1.000000e+00
   outer loop
     vertex  7.721140e+00  7.836890e+00  4.000000e+00
     vertex  3.380372e-01  3.512378e+00  4.000000e+00
     vertex  3.689343e-01  3.380541e+00  4.000000e+00
   endloop
 endfacet
 facet normal  0.000000e+00  0.000000e+00  1.000000e+00
   outer loop
     vertex  7.721140e+00  7.836890e+00  4.000000e+00
     vertex  3.107216e-01  3.645003e+00  4.000000e+00
     vertex  3.380372e-01  3.512378e+00  4.000000e+00
   endloop
 endfacet
 facet normal  0.000000e+00  0.000000e+00  1.000000e+00
   outer loop
     vertex  7.721140e+00  7.836890e+00  4.000000e+00
     vertex  2.870074e-01  3.778320e+00  4.000000e+00
     vertex  3.107216e-01  3.645003e+00  4.000000e+00
   endloop
 endfacet
 facet normal  0.000000e+00  0.000000e+00  1.000000e+00
   outer loop
     vertex  7.721140e+00  7.836890e+00  4.000000e+00
     vertex  2.669120e-01  3.912230e+00  4.000000e+00
     vertex  2.870074e-01  3.778320e+00  4.000000e+00
   endloop
 endfacet
 facet normal  0.000000e+00  0.000000e+00  1.000000e+00
   outer loop
     vertex  7.721140e+00  7.836890e+00  4.000000e+00
     vertex  2.504502e-01  4.046635e+00  4.000000e+00
     vertex  2.669120e-01  3.912230e+00  4.000000e+00
   endloop
 endfacet
 facet normal  0.000000e+00  0.000000e+00  1.000000e+00
   outer loop
     vertex  7.721140e+00  7.836890e+00  4.000000e+00
     vertex  2.376341e-01  4.181436e+00  4.000000e+00
     vertex  2.504502e-01  4.046635e+00  4.000000e+00
   endloop
 endfacet
 facet normal  0.000000e+00  0.000000e+00  1.000000e+00
   outer loop
     vertex  7.721140e+00  7.836890e+00  4.000000e+00
     vertex  2.284729e-01  4.316535e+00  4.000000e+00
     vertex  2.376341e-01  4.181436e+00  4.000000e+00
   endloop
 endfacet
 facet normal  0.000000e+00  0.000000e+00  1.000000e+00
   outer loop
     vertex  7.721140e+00  7.836890e+00  4.000000e+00
     vertex  2.229736e-01  4.451833e+00  4.000000e+00
     vertex  2.284729e-01  4.316535e+00  4.000000e+00
   endloop
 endfacet
 facet normal  0.000000e+00  0.000000e+00  1.000000e+00
   outer loop
     vertex  7.721140e+00  7.836890e+00  4.000000e+00
     vertex  2.211400e-01  4.587230e+00  4.000000e+00
     vertex  2.229736e-01  4.451833e+00  4.000000e+00
   endloop
 endfacet
 facet normal  0.000000e+00  0.000000e+00  1.000000e+00
   outer loop
     vertex  7.721140e+00  7.836890e+00  4.000000e+00
     vertex  5.085743e+00 -4.109364e-01  4.000000e+00
     vertex  5.221140e+00 -4.127700e-01  4.000000e+00
   endloop
 endfacet
 facet normal  0.000000e+00  0.000000e+00  1.000000e+00
   outer loop
     vertex  7.721140e+00  7.836890e+00  4.000000e+00
     vertex  4.950445e+00 -4.054371e-01  4.000000e+00
     vertex  5.085743e+00 -4.109364e-01  4.000000e+00
   endloop
 endfacet
 facet normal  0.000000e+00  0.000000e+00  1.000000e+00
   outer loop
     vertex  7.721140e+00  7.836890e+00  4.000000e+00
     vertex  4.815346e+00 -3.962759e-01  4.000000e+00
     vertex  4.950445e+00 -4.054371e-01  4.000000e+00
   endloop
 endfacet
 facet normal  0.000000e+00  0.000000e+00  1.000000e+00
   outer loop
     vertex  7.721140e+00  7.836890e+00  4.000000e+00
     vertex  4.680545e+00 -3.834598e-01  4.000000e+00
     vertex  4.815346e+00 -3.962759e-01  4.000000e+00
   endloop
 endfacet
 facet normal  0.000000e+00  0.000000e+00  1.000000e+00
   outer loop
     vertex  7.721140e+00  7.836890e+00  4.000000e+00
     vertex  4.546140e+00 -3.669980e-01  4.000000e+00
     vertex  4.680545e+00 -3.834598e-01  4.000000e+00
   endloop
 endfacet
 facet normal  0.000000e+00  0.000000e+00  1.000000e+00
   outer loop
     vertex  7.721140e+00  7.836890e+00  4.000000e+00
     vertex  4.412230e+00 -3.469026e-01  4.000000e+00
     vertex  4.546140e+00 -3.669980e-01  4.000000e+00
   endloop
 endfacet
 facet normal  0.000000e+00  0.000000e+00  1.000000e+00
   outer loop
     vertex  7.721140e+00  7.836890e+00  4.000000e+00
     vertex  4.278913e+00 -3.231884e-01  4.000000e+00
     vertex  4.412230e+00 -3.469026e-01  4.000000e+00
   endloop
 endfacet
 facet normal  0.000000e+00  0.000000e+00  1.000000e+00
   outer loop
     vertex  7.721140e+00  7.836890e+00  4.000000e+00
     vertex  4.146288e+00 -2.958728e-01  4.000000e+00
     vertex  4.278913e+00 -3.231884e-01  4.000000e+00
   endloop
 endfacet
 facet normal  0.000000e+00  0.000000e+00  1.000000e+00
   outer loop
     vertex  7.721140e+00  7.836890e+00  4.000000e+00
     vertex  4.014451e+00 -2.649757e-01  4.000000e+00
     vertex  4.146288e+00 -2.958728e-01  4.000000e+00
   endloop
 endfacet
 facet normal  0.000000e+00  0.000000e+00  1.000000e+00
   outer loop
     vertex  7.721140e+00  7.836890e+00  4.000000e+00
     vertex  3.883498e+00 -2.305200e-01  4.000000e+00
     vertex  4.014451e+00 -2.649757e-01  4.000000e+00
   endloop
 endfacet
 facet normal  0.000000e+00  0.000000e+00  1.000000e+00
   outer loop
     vertex  7.721140e+00  7.836890e+00  4.000000e+00
     vertex  3.753527e+00 -1.925307e-01  4.000000e+00
     vertex  3.883498e+00 -2.305200e-01  4.000000e+00
   endloop
 endfacet
 facet normal  0.000000e+00  0.000000e+00  1.000000e+00
   outer loop
     vertex  7.721140e+00  7.836890e+00  4.000000e+00
     vertex  3.624632e+00 -1.510359e-01  4.000000e+00
     vertex  3.753527e+00 -1.925307e-01  4.000000e+00
   endloop
 endfacet
 facet normal  0.000000e+00  0.000000e+00  1.000000e+00
   outer loop
     vertex  7.721140e+00  7.836890e+00  4.000000e+00
     vertex  3.496908e+00 -1.060658e-01  4.000000e+00
     vertex  3.624632e+00 -1.510359e-01  4.000000e+00
   endloop
 endfacet
 facet normal  0.000000e+00  0.000000e+00  1.000000e+00
   outer loop
     vertex  7.721140e+00  7.836890e+00  4.000000e+00
     vertex  3.370449e+00 -5.765360e-02  4.000000e+00
     vertex  3.496908e+00 -1.060658e-01  4.000000e+00
   endloop
 endfacet
 facet normal  0.000000e+00  0.000000e+00  1.000000e+00
   outer loop
     vertex  7.721140e+00  7.836890e+00  4.000000e+00
     vertex  3.245347e+00 -5.834689e-03  4.000000e+00
     vertex  3.370449e+00 -5.765360e-02  4.000000e+00
   endloop
 endfacet
 facet normal  0.000000e+00  0.000000e+00  1.000000e+00
   outer loop
     vertex  7.721140e+00  7.836890e+00  4.000000e+00
     vertex  3.121694e+00  4.935290e-02  4.000000e+00
     vertex  3.245347e+00 -5.834689e-03  4.000000e+00
   endloop
 endfacet
 facet normal  0.000000e+00  0.000000e+00  1.000000e+00
   outer loop
     vertex  7.721140e+00  7.836890e+00  4.000000e+00
     vertex  2.999581e+00  1.078687e-01  4.000000e+00
     vertex  3.121694e+00  4.935290e-02  4.000000e+00
   endloop
 endfacet
 facet normal  0.000000e+00  0.000000e+00  1.000000e+00
   outer loop
     vertex  7.721140e+00  7.836890e+00  4.000000e+00
     vertex  2.879098e+00  1.696698e-01  4.000000e+00
     vertex  2.999581e+00  1.078687e-01  4.000000e+00
   endloop
 endfacet
 facet normal  0.000000e+00  0.000000e+00  1.000000e+00
   outer loop
     vertex  7.721140e+00  7.836890e+00  4.000000e+00
     vertex  2.760332e+00  2.347108e-01  4.000000e+00
     vertex  2.879098e+00  1.696698e-01  4.000000e+00
   endloop
 endfacet
 facet normal  0.000000e+00  0.000000e+00  1.000000e+00
   outer loop
     vertex  7.721140e+00  7.836890e+00  4.000000e+00
     vertex  2.643371e+00  3.029441e-01  4.000000e+00
     vertex  2.760332e+00  2.347108e-01  4.000000e+00
   endloop
 endfacet
 facet normal  0.000000e+00  0.000000e+00  1.000000e+00
   outer loop
     vertex  7.721140e+00  7.836890e+00  4.000000e+00
     vertex  2.528300e+00  3.743196e-01  4.000000e+00
     vertex  2.643371e+00  3.029441e-01  4.000000e+00
   endloop
 endfacet
 facet normal  0.000000e+00  0.000000e+00  1.000000e+00
   outer loop
     vertex  7.721140e+00  7.836890e+00  4.000000e+00
     vertex  2.415205e+00  4.487850e-01  4.000000e+00
     vertex  2.528300e+00  3.743196e-01  4.000000e+00
   endloop
 endfacet
 facet normal  0.000000e+00  0.000000e+00  1.000000e+00
   outer loop
     vertex  7.721140e+00  7.836890e+00  4.000000e+00
     vertex  2.304167e+00  5.262856e-01  4.000000e+00
     vertex  2.415205e+00  4.487850e-01  4.000000e+00
   endloop
 endfacet
 facet normal  0.000000e+00  0.000000e+00  1.000000e+00
   outer loop
     vertex  2.162010e+01  7.836890e+00  4.000000e+00
     vertex  7.721140e+00  7.836890e+00  4.000000e+00
     vertex  5.221140e+00 -4.127700e-01  4.000000e+00
   endloop
 endfacet
 facet normal  0.000000e+00  0.000000e+00  1.000000e+00
   outer loop
     vertex  7.721140e+00  2.173720e+01  4.000000e+00
     vertex  2.211400e-01  4.587230e+00  4.000000e+00
     vertex  7.721140e+00  7.836890e+00  4.000000e+00
   endloop
 endfacet
 facet normal  0.000000e+00  0.000000e+00  1.000000e+00
   outer loop
     vertex  7.721140e+00  2.688690e+01  4.000000e+00
     vertex  2.211400e-01  4.587230e+00  4.000000e+00
     vertex  7.721140e+00  2.173720e+01  4.000000e+00
   endloop
 endfacet
 facet normal  0.000000e+00  0.000000e+00  1.000000e+00
   outer loop
     vertex  2.162010e+01  2.173720e+01  4.000000e+00
     vertex  7.721140e+00  2.688690e+01  4.000000e+00
     vertex  7.721140e+00  2.173720e+01  4.000000e+00
   endloop
 endfacet
 facet normal  0.000000e+00  0.000000e+00  1.000000e+00
   outer loop
     vertex  3.688860e+01  7.087230e+00  4.000000e+00
     vertex  2.162010e+01  7.836890e+00  4.000000e+00
     vertex  5.221140e+00 -4.127700e-01  4.000000e+00
   endloop
 endfacet
 facet normal  0.000000e+00  0.000000e+00  1.000000e+00
   outer loop
     vertex  3.688860e+01  7.087230e+00  4.000000e+00
     vertex  3.516340e+01  8.067040e+00  4.000000e+00
     vertex  2.162010e+01  7.836890e+00  4.000000e+00
   endloop
 endfacet
 facet normal  0.000000e+00  0.000000e+00  1.000000e+00
   outer loop
     vertex  3.688860e+01  8.067040e+00  4.000000e+00
     vertex  3.516340e+01  8.067040e+00  4.000000e+00
     vertex  3.688860e+01  7.087230e+00  4.000000e+00
   endloop
 endfacet
 facet normal  0.000000e+00  0.000000e+00  1.000000e+00
   outer loop
     vertex  4.008860e+01  7.087230e+00  4.000000e+00
     vertex  3.688860e+01  7.087230e+00  4.000000e+00
     vertex  5.221140e+00 -4.127700e-01  4.000000e+00
   endloop
 endfacet
 facet normal  0.000000e+00  0.000000e+00  1.000000e+00
   outer loop
     vertex  2.162010e+01  2.688690e+01  4.000000e+00
     vertex  7.721140e+00  2.688690e+01  4.000000e+00
     vertex  2.162010e+01  2.173720e+01  4.000000e+00
   endloop
 endfacet
 facet normal  0.000000e+00  0.000000e+00  1.000000e+00
   outer loop
     vertex  7.721140e+00  4.078710e+01  4.000000e+00
     vertex  2.211400e-01  4.587230e+00  4.000000e+00
     vertex  7.721140e+00  2.688690e+01  4.000000e+00
   endloop
 endfacet
 facet normal  0.000000e+00  0.000000e+00  1.000000e+00
   outer loop
     vertex  3.433790e+01  1.433710e+01  4.000000e+00
     vertex  2.162010e+01  2.173720e+01  4.000000e+00
     vertex  2.162010e+01  7.836890e+00  4.000000e+00
   endloop
 endfacet
 facet normal  0.000000e+00  0.000000e+00  1.000000e+00
   outer loop
     vertex  3.433790e+01  1.433710e+01  4.000000e+00
     vertex  2.162010e+01  7.836890e+00  4.000000e+00
     vertex  3.516340e+01  8.067040e+00  4.000000e+00
   endloop
 endfacet
 facet normal  0.000000e+00  0.000000e+00  1.000000e+00
   outer loop
     vertex  3.516340e+01  1.433710e+01  4.000000e+00
     vertex  3.433790e+01  1.433710e+01  4.000000e+00
     vertex  3.516340e+01  8.067040e+00  4.000000e+00
   endloop
 endfacet
 facet normal  0.000000e+00  0.000000e+00  1.000000e+00
   outer loop
     vertex  4.181370e+01  8.067040e+00  4.000000e+00
     vertex  4.008860e+01  8.067040e+00  4.000000e+00
     vertex  4.008860e+01  7.087230e+00  4.000000e+00
   endloop
 endfacet
 facet normal  0.000000e+00  0.000000e+00  1.000000e+00
   outer loop
     vertex  4.343860e+01  7.836890e+00  4.000000e+00
     vertex  4.181370e+01  8.067040e+00  4.000000e+00
     vertex  4.008860e+01  7.087230e+00  4.000000e+00
   endloop
 endfacet
 facet normal  0.000000e+00  0.000000e+00  1.000000e+00
   outer loop
     vertex  3.433790e+01  1.703670e+01  4.000000e+00
     vertex  2.162010e+01  2.173720e+01  4.000000e+00
     vertex  3.433790e+01  1.433710e+01  4.000000e+00
   endloop
 endfacet
 facet normal  0.000000e+00  0.000000e+00  1.000000e+00
   outer loop
     vertex  2.677110e+01  2.688690e+01  4.000000e+00
     vertex  2.162010e+01  2.173720e+01  4.000000e+00
     vertex  3.433790e+01  1.703670e+01  4.000000e+00
   endloop
 endfacet
 facet normal  0.000000e+00  0.000000e+00  1.000000e+00
   outer loop
     vertex  2.677110e+01  2.688690e+01  4.000000e+00
     vertex  2.162010e+01  2.688690e+01  4.000000e+00
     vertex  2.162010e+01  2.173720e+01  4.000000e+00
   endloop
 endfacet
 facet normal  0.000000e+00  0.000000e+00  1.000000e+00
   outer loop
     vertex  3.516340e+01  2.026680e+01  4.000000e+00
     vertex  2.677110e+01  2.688690e+01  4.000000e+00
     vertex  3.433790e+01  1.703670e+01  4.000000e+00
   endloop
 endfacet
 facet normal  0.000000e+00  0.000000e+00  1.000000e+00
   outer loop
     vertex  3.516340e+01  2.026680e+01  4.000000e+00
     vertex  3.433790e+01  1.703670e+01  4.000000e+00
     vertex  3.516340e+01  1.703670e+01  4.000000e+00
   endloop
 endfacet
 facet normal  0.000000e+00  0.000000e+00  1.000000e+00
   outer loop
     vertex  4.343860e+01  1.253740e+01  4.000000e+00
     vertex  4.181370e+01  8.067040e+00  4.000000e+00
     vertex  4.343860e+01  7.836890e+00  4.000000e+00
   endloop
 endfacet
 facet normal  0.000000e+00  0.000000e+00  1.000000e+00
   outer loop
     vertex  4.343860e+01  1.253740e+01  4.000000e+00
     vertex  4.181370e+01  1.253740e+01  4.000000e+00
     vertex  4.181370e+01  8.067040e+00  4.000000e+00
   endloop
 endfacet
 facet normal  0.000000e+00  0.000000e+00  1.000000e+00
   outer loop
     vertex  3.688860e+01  2.118730e+01  4.000000e+00
     vertex  3.516340e+01  2.026680e+01  4.000000e+00
     vertex  3.688860e+01  2.026680e+01  4.000000e+00
   endloop
 endfacet
 facet normal  0.000000e+00  0.000000e+00  1.000000e+00
   outer loop
     vertex  3.688860e+01  2.118730e+01  4.000000e+00
     vertex  2.677110e+01  2.688690e+01  4.000000e+00
     vertex  3.516340e+01  2.026680e+01  4.000000e+00
   endloop
 endfacet
 facet normal  0.000000e+00  0.000000e+00  1.000000e+00
   outer loop
     vertex  4.181370e+01  2.026680e+01  4.000000e+00
     vertex  4.181370e+01  1.703670e+01  4.000000e+00
     vertex  4.343860e+01  1.703670e+01  4.000000e+00
   endloop
 endfacet
 facet normal  0.000000e+00  0.000000e+00  1.000000e+00
   outer loop
     vertex  4.181370e+01  2.026680e+01  4.000000e+00
     vertex  4.008860e+01  2.118730e+01  4.000000e+00
     vertex  4.008860e+01  2.026680e+01  4.000000e+00
   endloop
 endfacet
 facet normal  0.000000e+00  0.000000e+00  1.000000e+00
   outer loop
     vertex  1.724610e+01  4.593700e+01  4.000000e+00
     vertex  7.721140e+00  4.078710e+01  4.000000e+00
     vertex  2.162010e+01  4.078710e+01  4.000000e+00
   endloop
 endfacet
 facet normal  0.000000e+00  0.000000e+00  1.000000e+00
   outer loop
     vertex  4.343860e+01  2.173720e+01  4.000000e+00
     vertex  4.008860e+01  2.118730e+01  4.000000e+00
     vertex  4.181370e+01  2.026680e+01  4.000000e+00
   endloop
 endfacet
 facet normal  0.000000e+00  0.000000e+00  1.000000e+00
   outer loop
     vertex  4.343860e+01  2.173720e+01  4.000000e+00
     vertex  4.181370e+01  2.026680e+01  4.000000e+00
     vertex  4.343860e+01  1.703670e+01  4.000000e+00
   endloop
 endfacet
 facet normal  0.000000e+00  0.000000e+00  1.000000e+00
   outer loop
     vertex  4.067000e+01  2.688690e+01  4.000000e+00
     vertex  2.677110e+01  2.688690e+01  4.000000e+00
     vertex  3.688860e+01  2.118730e+01  4.000000e+00
   endloop
 endfacet
 facet normal  0.000000e+00  0.000000e+00  1.000000e+00
   outer loop
     vertex  4.067000e+01  2.688690e+01  4.000000e+00
     vertex  4.008860e+01  2.118730e+01  4.000000e+00
     vertex  4.343860e+01  2.173720e+01  4.000000e+00
   endloop
 endfacet
 facet normal  0.000000e+00  0.000000e+00  1.000000e+00
   outer loop
     vertex  4.067000e+01  2.688690e+01  4.000000e+00
     vertex  3.688860e+01  2.118730e+01  4.000000e+00
     vertex  4.008860e+01  2.118730e+01  4.000000e+00
   endloop
 endfacet
 facet normal  0.000000e+00  0.000000e+00  1.000000e+00
   outer loop
     vertex  2.677110e+01  4.078710e+01  4.000000e+00
     vertex  2.162010e+01  2.688690e+01  4.000000e+00
     vertex  2.677110e+01  2.688690e+01  4.000000e+00
   endloop
 endfacet
 facet normal  0.000000e+00  0.000000e+00  1.000000e+00
   outer loop
     vertex  2.677110e+01  4.078710e+01  4.000000e+00
     vertex  1.724610e+01  4.593700e+01  4.000000e+00
     vertex  2.162010e+01  4.078710e+01  4.000000e+00
   endloop
 endfacet
 facet normal  0.000000e+00  0.000000e+00  1.000000e+00
   outer loop
     vertex  2.677110e+01  4.078710e+01  4.000000e+00
     vertex  2.162010e+01  4.078710e+01  4.000000e+00
     vertex  2.162010e+01  2.688690e+01  4.000000e+00
   endloop
 endfacet
 facet normal  0.000000e+00  0.000000e+00  1.000000e+00
   outer loop
     vertex  6.068870e+01  7.087230e+00  4.000000e+00
     vertex  4.343860e+01  7.836890e+00  4.000000e+00
     vertex  4.008860e+01  7.087230e+00  4.000000e+00
   endloop
 endfacet
 facet normal  0.000000e+00  0.000000e+00  1.000000e+00
   outer loop
     vertex  6.068870e+01  7.087230e+00  4.000000e+00
     vertex  5.896360e+01  8.067040e+00  4.000000e+00
     vertex  5.733870e+01  7.836890e+00  4.000000e+00
   endloop
 endfacet
 facet normal  0.000000e+00  0.000000e+00  1.000000e+00
   outer loop
     vertex  6.068870e+01  7.087230e+00  4.000000e+00
     vertex  5.733870e+01  7.836890e+00  4.000000e+00
     vertex  4.343860e+01  7.836890e+00  4.000000e+00
   endloop
 endfacet
 facet normal  0.000000e+00  0.000000e+00  1.000000e+00
   outer loop
     vertex  6.068870e+01  7.087230e+00  4.000000e+00
     vertex  4.008860e+01  7.087230e+00  4.000000e+00
     vertex  5.221140e+00 -4.127700e-01  4.000000e+00
   endloop
 endfacet
 facet normal  0.000000e+00  0.000000e+00  1.000000e+00
   outer loop
     vertex  6.068870e+01  8.067040e+00  4.000000e+00
     vertex  5.896360e+01  8.067040e+00  4.000000e+00
     vertex  6.068870e+01  7.087230e+00  4.000000e+00
   endloop
 endfacet
 facet normal  0.000000e+00  0.000000e+00  1.000000e+00
   outer loop
     vertex  5.733870e+01  1.253740e+01  4.000000e+00
     vertex  5.733870e+01  7.836890e+00  4.000000e+00
     vertex  5.896360e+01  8.067040e+00  4.000000e+00
   endloop
 endfacet
 facet normal  0.000000e+00  0.000000e+00  1.000000e+00
   outer loop
     vertex  6.388880e+01  7.087230e+00  4.000000e+00
     vertex  6.068870e+01  7.087230e+00  4.000000e+00
     vertex  5.221140e+00 -4.127700e-01  4.000000e+00
   endloop
 endfacet
 facet normal  0.000000e+00  0.000000e+00  1.000000e+00
   outer loop
     vertex  5.896360e+01  1.253740e+01  4.000000e+00
     vertex  5.733870e+01  1.253740e+01  4.000000e+00
     vertex  5.896360e+01  8.067040e+00  4.000000e+00
   endloop
 endfacet
 facet normal  0.000000e+00  0.000000e+00  1.000000e+00
   outer loop
     vertex  4.581980e+01  2.688690e+01  4.000000e+00
     vertex  4.067000e+01  2.688690e+01  4.000000e+00
     vertex  4.343860e+01  2.173720e+01  4.000000e+00
   endloop
 endfacet
 facet normal  0.000000e+00  0.000000e+00  1.000000e+00
   outer loop
     vertex  6.561380e+01  8.067040e+00  4.000000e+00
     vertex  6.388880e+01  8.067040e+00  4.000000e+00
     vertex  6.388880e+01  7.087230e+00  4.000000e+00
   endloop
 endfacet
 facet normal  0.000000e+00  0.000000e+00  1.000000e+00
   outer loop
     vertex  3.114510e+01  4.593700e+01  4.000000e+00
     vertex  1.724610e+01  4.593700e+01  4.000000e+00
     vertex  2.677110e+01  4.078710e+01  4.000000e+00
   endloop
 endfacet
 facet normal  0.000000e+00  0.000000e+00  1.000000e+00
   outer loop
     vertex  1.724610e+01  5.983710e+01  4.000000e+00
     vertex  7.721140e+00  4.078710e+01  4.000000e+00
     vertex  1.724610e+01  4.593700e+01  4.000000e+00
   endloop
 endfacet
 facet normal  0.000000e+00  0.000000e+00  1.000000e+00
   outer loop
     vertex  1.248230e+01  6.498700e+01  4.000000e+00
     vertex  7.721140e+00  4.078710e+01  4.000000e+00
     vertex  1.724610e+01  5.983710e+01  4.000000e+00
   endloop
 endfacet
 facet normal  0.000000e+00  0.000000e+00  1.000000e+00
   outer loop
     vertex  5.733870e+01  2.173720e+01  4.000000e+00
     vertex  4.581980e+01  2.688690e+01  4.000000e+00
     vertex  4.343860e+01  2.173720e+01  4.000000e+00
   endloop
 endfacet
 facet normal  0.000000e+00  0.000000e+00  1.000000e+00
   outer loop
     vertex  5.896360e+01  2.026680e+01  4.000000e+00
     vertex  5.733870e+01  2.173720e+01  4.000000e+00
     vertex  5.733870e+01  1.703670e+01  4.000000e+00
   endloop
 endfacet
 facet normal  0.000000e+00  0.000000e+00  1.000000e+00
   outer loop
     vertex  5.896360e+01  2.026680e+01  4.000000e+00
     vertex  5.733870e+01  1.703670e+01  4.000000e+00
     vertex  5.896360e+01  1.703670e+01  4.000000e+00
   endloop
 endfacet
 facet normal  0.000000e+00  0.000000e+00  1.000000e+00
   outer loop
     vertex  6.643790e+01  1.433710e+01  4.000000e+00
     vertex  6.561380e+01  1.433710e+01  4.000000e+00
     vertex  6.561380e+01  8.067040e+00  4.000000e+00
   endloop
 endfacet
 facet normal  0.000000e+00  0.000000e+00  1.000000e+00
   outer loop
     vertex  4.067000e+01  4.078710e+01  4.000000e+00
     vertex  4.067000e+01  2.688690e+01  4.000000e+00
     vertex  4.581980e+01  2.688690e+01  4.000000e+00
   endloop
 endfacet
 facet normal  0.000000e+00  0.000000e+00  1.000000e+00
   outer loop
     vertex  4.067000e+01  4.078710e+01  4.000000e+00
     vertex  3.114510e+01  4.593700e+01  4.000000e+00
     vertex  2.677110e+01  4.078710e+01  4.000000e+00
   endloop
 endfacet
 facet normal  0.000000e+00  0.000000e+00  1.000000e+00
   outer loop
     vertex  6.068870e+01  2.118730e+01  4.000000e+00
     vertex  5.896360e+01  2.026680e+01  4.000000e+00
     vertex  6.068870e+01  2.026680e+01  4.000000e+00
   endloop
 endfacet
 facet normal  0.000000e+00  0.000000e+00  1.000000e+00
   outer loop
     vertex  6.068870e+01  2.118730e+01  4.000000e+00
     vertex  5.733870e+01  2.173720e+01  4.000000e+00
     vertex  5.896360e+01  2.026680e+01  4.000000e+00
   endloop
 endfacet
 facet normal  0.000000e+00  0.000000e+00  1.000000e+00
   outer loop
     vertex  3.629620e+01  4.593700e+01  4.000000e+00
     vertex  3.114510e+01  4.593700e+01  4.000000e+00
     vertex  4.067000e+01  4.078710e+01  4.000000e+00
   endloop
 endfacet
 facet normal  0.000000e+00  0.000000e+00  1.000000e+00
   outer loop
     vertex  6.561380e+01  2.026680e+01  4.000000e+00
     vertex  6.388880e+01  2.118730e+01  4.000000e+00
     vertex  6.388880e+01  2.026680e+01  4.000000e+00
   endloop
 endfacet
 facet normal  0.000000e+00  0.000000e+00  1.000000e+00
   outer loop
     vertex  6.561380e+01  2.026680e+01  4.000000e+00
     vertex  6.561380e+01  1.703670e+01  4.000000e+00
     vertex  6.643790e+01  1.703670e+01  4.000000e+00
   endloop
 endfacet
 facet normal  0.000000e+00  0.000000e+00  1.000000e+00
   outer loop
     vertex  4.581980e+01  4.078710e+01  4.000000e+00
     vertex  4.067000e+01  4.078710e+01  4.000000e+00
     vertex  4.581980e+01  2.688690e+01  4.000000e+00
   endloop
 endfacet
 facet normal  0.000000e+00  0.000000e+00  1.000000e+00
   outer loop
     vertex  4.581980e+01  4.078710e+01  4.000000e+00
     vertex  3.629620e+01  4.593700e+01  4.000000e+00
     vertex  4.067000e+01  4.078710e+01  4.000000e+00
   endloop
 endfacet
 facet normal  0.000000e+00  0.000000e+00  1.000000e+00
   outer loop
     vertex  5.972000e+01  2.688690e+01  4.000000e+00
     vertex  4.581980e+01  2.688690e+01  4.000000e+00
     vertex  5.733870e+01  2.173720e+01  4.000000e+00
   endloop
 endfacet
 facet normal  0.000000e+00  0.000000e+00  1.000000e+00
   outer loop
     vertex  5.972000e+01  2.688690e+01  4.000000e+00
     vertex  6.068870e+01  2.118730e+01  4.000000e+00
     vertex  6.388880e+01  2.118730e+01  4.000000e+00
   endloop
 endfacet
 facet normal  0.000000e+00  0.000000e+00  1.000000e+00
   outer loop
     vertex  5.972000e+01  2.688690e+01  4.000000e+00
     vertex  5.733870e+01  2.173720e+01  4.000000e+00
     vertex  6.068870e+01  2.118730e+01  4.000000e+00
   endloop
 endfacet
 facet normal  0.000000e+00  0.000000e+00  1.000000e+00
   outer loop
     vertex  7.915730e+01  7.836890e+00  4.000000e+00
     vertex  6.561380e+01  8.067040e+00  4.000000e+00
     vertex  6.388880e+01  7.087230e+00  4.000000e+00
   endloop
 endfacet
 facet normal  0.000000e+00  0.000000e+00  1.000000e+00
   outer loop
     vertex  7.915730e+01  7.836890e+00  4.000000e+00
     vertex  6.643790e+01  1.433710e+01  4.000000e+00
     vertex  6.561380e+01  8.067040e+00  4.000000e+00
   endloop
 endfacet
 facet normal  0.000000e+00  0.000000e+00  1.000000e+00
   outer loop
     vertex  1.248230e+01  7.888710e+01  4.000000e+00
     vertex  7.721140e+00  4.078710e+01  4.000000e+00
     vertex  1.248230e+01  6.498700e+01  4.000000e+00
   endloop
 endfacet
 facet normal  0.000000e+00  0.000000e+00  1.000000e+00
   outer loop
     vertex  2.638260e+01  6.498700e+01  4.000000e+00
     vertex  1.724610e+01  5.983710e+01  4.000000e+00
     vertex  3.114510e+01  5.983710e+01  4.000000e+00
   endloop
 endfacet
 facet normal  0.000000e+00  0.000000e+00  1.000000e+00
   outer loop
     vertex  2.638260e+01  6.498700e+01  4.000000e+00
     vertex  1.248230e+01  6.498700e+01  4.000000e+00
     vertex  1.724610e+01  5.983710e+01  4.000000e+00
   endloop
 endfacet
 facet normal  0.000000e+00  0.000000e+00  1.000000e+00
   outer loop
     vertex  6.486980e+01  2.688690e+01  4.000000e+00
     vertex  6.388880e+01  2.118730e+01  4.000000e+00
     vertex  6.561380e+01  2.026680e+01  4.000000e+00
   endloop
 endfacet
 facet normal  0.000000e+00  0.000000e+00  1.000000e+00
   outer loop
     vertex  6.486980e+01  2.688690e+01  4.000000e+00
     vertex  5.972000e+01  2.688690e+01  4.000000e+00
     vertex  6.388880e+01  2.118730e+01  4.000000e+00
   endloop
 endfacet
 facet normal  0.000000e+00  0.000000e+00  1.000000e+00
   outer loop
     vertex  5.019500e+01  4.593700e+01  4.000000e+00
     vertex  3.629620e+01  4.593700e+01  4.000000e+00
     vertex  4.581980e+01  4.078710e+01  4.000000e+00
   endloop
 endfacet
 facet normal  0.000000e+00  0.000000e+00  1.000000e+00
   outer loop
     vertex  3.629620e+01  5.983710e+01  4.000000e+00
     vertex  3.114510e+01  5.983710e+01  4.000000e+00
     vertex  3.114510e+01  4.593700e+01  4.000000e+00
   endloop
 endfacet
 facet normal  0.000000e+00  0.000000e+00  1.000000e+00
   outer loop
     vertex  3.629620e+01  5.983710e+01  4.000000e+00
     vertex  3.114510e+01  4.593700e+01  4.000000e+00
     vertex  3.629620e+01  4.593700e+01  4.000000e+00
   endloop
 endfacet
 facet normal  0.000000e+00  0.000000e+00  1.000000e+00
   outer loop
     vertex  3.153230e+01  6.498700e+01  4.000000e+00
     vertex  2.638260e+01  6.498700e+01  4.000000e+00
     vertex  3.114510e+01  5.983710e+01  4.000000e+00
   endloop
 endfacet
 facet normal  0.000000e+00  0.000000e+00  1.000000e+00
   outer loop
     vertex  3.153230e+01  6.498700e+01  4.000000e+00
     vertex  3.114510e+01  5.983710e+01  4.000000e+00
     vertex  3.629620e+01  5.983710e+01  4.000000e+00
   endloop
 endfacet
 facet normal  0.000000e+00  0.000000e+00  1.000000e+00
   outer loop
     vertex  5.972000e+01  4.078710e+01  4.000000e+00
     vertex  5.019500e+01  4.593700e+01  4.000000e+00
     vertex  4.581980e+01  4.078710e+01  4.000000e+00
   endloop
 endfacet
 facet normal  0.000000e+00  0.000000e+00  1.000000e+00
   outer loop
     vertex  9.305750e+01  7.836890e+00  4.000000e+00
     vertex  6.388880e+01  7.087230e+00  4.000000e+00
     vertex  5.221140e+00 -4.127700e-01  4.000000e+00
   endloop
 endfacet
 facet normal  0.000000e+00  0.000000e+00  1.000000e+00
   outer loop
     vertex  9.305750e+01  7.836890e+00  4.000000e+00
     vertex  7.915730e+01  7.836890e+00  4.000000e+00
     vertex  6.388880e+01  7.087230e+00  4.000000e+00
   endloop
 endfacet
 facet normal  0.000000e+00  0.000000e+00  1.000000e+00
   outer loop
     vertex  7.915730e+01  2.173720e+01  4.000000e+00
     vertex  6.643790e+01  1.703670e+01  4.000000e+00
     vertex  6.643790e+01  1.433710e+01  4.000000e+00
   endloop
 endfacet
 facet normal  0.000000e+00  0.000000e+00  1.000000e+00
   outer loop
     vertex  7.915730e+01  2.173720e+01  4.000000e+00
     vertex  6.561380e+01  2.026680e+01  4.000000e+00
     vertex  6.643790e+01  1.703670e+01  4.000000e+00
   endloop
 endfacet
 facet normal  0.000000e+00  0.000000e+00  1.000000e+00
   outer loop
     vertex  7.915730e+01  2.173720e+01  4.000000e+00
     vertex  6.643790e+01  1.433710e+01  4.000000e+00
     vertex  7.915730e+01  7.836890e+00  4.000000e+00
   endloop
 endfacet
 facet normal  0.000000e+00  0.000000e+00  1.000000e+00
   outer loop
     vertex  5.534620e+01  4.593700e+01  4.000000e+00
     vertex  5.019500e+01  4.593700e+01  4.000000e+00
     vertex  5.972000e+01  4.078710e+01  4.000000e+00
   endloop
 endfacet
 facet normal  0.000000e+00  0.000000e+00  1.000000e+00
   outer loop
     vertex  7.877000e+01  2.688690e+01  4.000000e+00
     vertex  6.561380e+01  2.026680e+01  4.000000e+00
     vertex  7.915730e+01  2.173720e+01  4.000000e+00
   endloop
 endfacet
 facet normal  0.000000e+00  0.000000e+00  1.000000e+00
   outer loop
     vertex  7.877000e+01  2.688690e+01  4.000000e+00
     vertex  6.486980e+01  2.688690e+01  4.000000e+00
     vertex  6.561380e+01  2.026680e+01  4.000000e+00
   endloop
 endfacet
 facet normal  0.000000e+00  0.000000e+00  1.000000e+00
   outer loop
     vertex  6.486980e+01  4.078710e+01  4.000000e+00
     vertex  5.534620e+01  4.593700e+01  4.000000e+00
     vertex  5.972000e+01  4.078710e+01  4.000000e+00
   endloop
 endfacet
 facet normal  0.000000e+00  0.000000e+00  1.000000e+00
   outer loop
     vertex  6.486980e+01  4.078710e+01  4.000000e+00
     vertex  5.972000e+01  4.078710e+01  4.000000e+00
     vertex  5.972000e+01  2.688690e+01  4.000000e+00
   endloop
 endfacet
 facet normal  0.000000e+00  0.000000e+00  1.000000e+00
   outer loop
     vertex  6.486980e+01  4.078710e+01  4.000000e+00
     vertex  5.972000e+01  2.688690e+01  4.000000e+00
     vertex  6.486980e+01  2.688690e+01  4.000000e+00
   endloop
 endfacet
 facet normal  0.000000e+00  0.000000e+00  1.000000e+00
   outer loop
     vertex  9.820730e+01  7.836890e+00  4.000000e+00
     vertex  9.305750e+01  7.836890e+00  4.000000e+00
     vertex  5.221140e+00 -4.127700e-01  4.000000e+00
   endloop
 endfacet
 facet normal  0.000000e+00  0.000000e+00  1.000000e+00
   outer loop
     vertex  2.200730e+01  8.403700e+01  4.000000e+00
     vertex  1.248230e+01  7.888710e+01  4.000000e+00
     vertex  2.638260e+01  7.888710e+01  4.000000e+00
   endloop
 endfacet
 facet normal  0.000000e+00  0.000000e+00  1.000000e+00
   outer loop
     vertex  3.153230e+01  7.888710e+01  4.000000e+00
     vertex  2.638260e+01  7.888710e+01  4.000000e+00
     vertex  2.638260e+01  6.498700e+01  4.000000e+00
   endloop
 endfacet
 facet normal  0.000000e+00  0.000000e+00  1.000000e+00
   outer loop
     vertex  3.153230e+01  7.888710e+01  4.000000e+00
     vertex  2.638260e+01  6.498700e+01  4.000000e+00
     vertex  3.153230e+01  6.498700e+01  4.000000e+00
   endloop
 endfacet
 facet normal  0.000000e+00  0.000000e+00  1.000000e+00
   outer loop
     vertex  4.543250e+01  6.498700e+01  4.000000e+00
     vertex  3.629620e+01  5.983710e+01  4.000000e+00
     vertex  5.019500e+01  5.983710e+01  4.000000e+00
   endloop
 endfacet
 facet normal  0.000000e+00  0.000000e+00  1.000000e+00
   outer loop
     vertex  4.543250e+01  6.498700e+01  4.000000e+00
     vertex  3.153230e+01  6.498700e+01  4.000000e+00
     vertex  3.629620e+01  5.983710e+01  4.000000e+00
   endloop
 endfacet
 facet normal  0.000000e+00  0.000000e+00  1.000000e+00
   outer loop
     vertex  8.391980e+01  2.688690e+01  4.000000e+00
     vertex  7.877000e+01  2.688690e+01  4.000000e+00
     vertex  7.915730e+01  2.173720e+01  4.000000e+00
   endloop
 endfacet
 facet normal  0.000000e+00  0.000000e+00  1.000000e+00
   outer loop
     vertex  9.305750e+01  2.173720e+01  4.000000e+00
     vertex  9.305750e+01  7.836890e+00  4.000000e+00
     vertex  9.820730e+01  7.836890e+00  4.000000e+00
   endloop
 endfacet
 facet normal  0.000000e+00  0.000000e+00  1.000000e+00
   outer loop
     vertex  9.305750e+01  2.173720e+01  4.000000e+00
     vertex  8.391980e+01  2.688690e+01  4.000000e+00
     vertex  7.915730e+01  2.173720e+01  4.000000e+00
   endloop
 endfacet
 facet normal  0.000000e+00  0.000000e+00  1.000000e+00
   outer loop
     vertex  6.924500e+01  4.593700e+01  4.000000e+00
     vertex  5.534620e+01  4.593700e+01  4.000000e+00
     vertex  6.486980e+01  4.078710e+01  4.000000e+00
   endloop
 endfacet
 facet normal  0.000000e+00  0.000000e+00  1.000000e+00
   outer loop
     vertex  5.534620e+01  5.983710e+01  4.000000e+00
     vertex  5.019500e+01  5.983710e+01  4.000000e+00
     vertex  5.019500e+01  4.593700e+01  4.000000e+00
   endloop
 endfacet
 facet normal  0.000000e+00  0.000000e+00  1.000000e+00
   outer loop
     vertex  5.534620e+01  5.983710e+01  4.000000e+00
     vertex  5.019500e+01  4.593700e+01  4.000000e+00
     vertex  5.534620e+01  4.593700e+01  4.000000e+00
   endloop
 endfacet
 facet normal  0.000000e+00  0.000000e+00  1.000000e+00
   outer loop
     vertex  5.058230e+01  6.498700e+01  4.000000e+00
     vertex  4.543250e+01  6.498700e+01  4.000000e+00
     vertex  5.019500e+01  5.983710e+01  4.000000e+00
   endloop
 endfacet
 facet normal  0.000000e+00  0.000000e+00  1.000000e+00
   outer loop
     vertex  5.058230e+01  6.498700e+01  4.000000e+00
     vertex  5.019500e+01  5.983710e+01  4.000000e+00
     vertex  5.534620e+01  5.983710e+01  4.000000e+00
   endloop
 endfacet
 facet normal  0.000000e+00  0.000000e+00  1.000000e+00
   outer loop
     vertex  7.877000e+01  4.078710e+01  4.000000e+00
     vertex  7.877000e+01  2.688690e+01  4.000000e+00
     vertex  8.391980e+01  2.688690e+01  4.000000e+00
   endloop
 endfacet
 facet normal  0.000000e+00  0.000000e+00  1.000000e+00
   outer loop
     vertex  7.877000e+01  4.078710e+01  4.000000e+00
     vertex  6.924500e+01  4.593700e+01  4.000000e+00
     vertex  6.486980e+01  4.078710e+01  4.000000e+00
   endloop
 endfacet
 facet normal  0.000000e+00  0.000000e+00  1.000000e+00
   outer loop
     vertex  2.200730e+01  9.793710e+01  4.000000e+00
     vertex  1.248230e+01  7.888710e+01  4.000000e+00
     vertex  2.200730e+01  8.403700e+01  4.000000e+00
   endloop
 endfacet
 facet normal  0.000000e+00  0.000000e+00  1.000000e+00
   outer loop
     vertex  9.820730e+01  2.173720e+01  4.000000e+00
     vertex  9.305750e+01  2.173720e+01  4.000000e+00
     vertex  9.820730e+01  7.836890e+00  4.000000e+00
   endloop
 endfacet
 facet normal  0.000000e+00  0.000000e+00  1.000000e+00
   outer loop
     vertex  3.590750e+01  8.403700e+01  4.000000e+00
     vertex  2.638260e+01  7.888710e+01  4.000000e+00
     vertex  3.153230e+01  7.888710e+01  4.000000e+00
   endloop
 endfacet
 facet normal  0.000000e+00  0.000000e+00  1.000000e+00
   outer loop
     vertex  3.590750e+01  8.403700e+01  4.000000e+00
     vertex  2.200730e+01  8.403700e+01  4.000000e+00
     vertex  2.638260e+01  7.888710e+01  4.000000e+00
   endloop
 endfacet
 facet normal  0.000000e+00  0.000000e+00  1.000000e+00
   outer loop
     vertex  7.439620e+01  4.593700e+01  4.000000e+00
     vertex  6.924500e+01  4.593700e+01  4.000000e+00
     vertex  7.877000e+01  4.078710e+01  4.000000e+00
   endloop
 endfacet
 facet normal  0.000000e+00  0.000000e+00  1.000000e+00
   outer loop
     vertex  2.211400e-01  1.242480e+02  4.000000e+00
     vertex  2.211400e-01  4.587230e+00  4.000000e+00
     vertex  7.721140e+00  4.078710e+01  4.000000e+00
   endloop
 endfacet
 facet normal  0.000000e+00  0.000000e+00  1.000000e+00
   outer loop
     vertex  2.211400e-01  1.242480e+02  4.000000e+00
     vertex  7.721140e+00  4.078710e+01  4.000000e+00
     vertex  1.248230e+01  7.888710e+01  4.000000e+00
   endloop
 endfacet
 facet normal  0.000000e+00  0.000000e+00  1.000000e+00
   outer loop
     vertex  9.782000e+01  2.688690e+01  4.000000e+00
     vertex  8.391980e+01  2.688690e+01  4.000000e+00
     vertex  9.305750e+01  2.173720e+01  4.000000e+00
   endloop
 endfacet
 facet normal  0.000000e+00  0.000000e+00  1.000000e+00
   outer loop
     vertex  9.782000e+01  2.688690e+01  4.000000e+00
     vertex  9.305750e+01  2.173720e+01  4.000000e+00
     vertex  9.820730e+01  2.173720e+01  4.000000e+00
   endloop
 endfacet
 facet normal  0.000000e+00  0.000000e+00  1.000000e+00
   outer loop
     vertex  8.391980e+01  4.078710e+01  4.000000e+00
     vertex  7.439620e+01  4.593700e+01  4.000000e+00
     vertex  7.877000e+01  4.078710e+01  4.000000e+00
   endloop
 endfacet
 facet normal  0.000000e+00  0.000000e+00  1.000000e+00
   outer loop
     vertex  8.391980e+01  4.078710e+01  4.000000e+00
     vertex  7.877000e+01  4.078710e+01  4.000000e+00
     vertex  8.391980e+01  2.688690e+01  4.000000e+00
   endloop
 endfacet
 facet normal  0.000000e+00  0.000000e+00  1.000000e+00
   outer loop
     vertex  2.284729e-01  1.245187e+02  4.000000e+00
     vertex  2.229736e-01  1.243834e+02  4.000000e+00
     vertex  2.211400e-01  1.242480e+02  4.000000e+00
   endloop
 endfacet
 facet normal  0.000000e+00  0.000000e+00  1.000000e+00
   outer loop
     vertex  2.376341e-01  1.246538e+02  4.000000e+00
     vertex  2.284729e-01  1.245187e+02  4.000000e+00
     vertex  2.211400e-01  1.242480e+02  4.000000e+00
   endloop
 endfacet
 facet normal  0.000000e+00  0.000000e+00  1.000000e+00
   outer loop
     vertex  4.105730e+01  8.403700e+01  4.000000e+00
     vertex  3.153230e+01  7.888710e+01  4.000000e+00
     vertex  4.543250e+01  7.888710e+01  4.000000e+00
   endloop
 endfacet
 facet normal  0.000000e+00  0.000000e+00  1.000000e+00
   outer loop
     vertex  4.105730e+01  8.403700e+01  4.000000e+00
     vertex  3.590750e+01  8.403700e+01  4.000000e+00
     vertex  3.153230e+01  7.888710e+01  4.000000e+00
   endloop
 endfacet
 facet normal  0.000000e+00  0.000000e+00  1.000000e+00
   outer loop
     vertex  1.724610e+01  1.078490e+02  4.000000e+00
     vertex  2.211400e-01  1.242480e+02  4.000000e+00
     vertex  1.248230e+01  7.888710e+01  4.000000e+00
   endloop
 endfacet
 facet normal  0.000000e+00  0.000000e+00  1.000000e+00
   outer loop
     vertex  1.724610e+01  1.078490e+02  4.000000e+00
     vertex  1.248230e+01  7.888710e+01  4.000000e+00
     vertex  2.200730e+01  9.793710e+01  4.000000e+00
   endloop
 endfacet
 facet normal  0.000000e+00  0.000000e+00  1.000000e+00
   outer loop
     vertex  2.870074e-01  1.250569e+02  4.000000e+00
     vertex  2.669120e-01  1.249230e+02  4.000000e+00
     vertex  2.504502e-01  1.247886e+02  4.000000e+00
   endloop
 endfacet
 facet normal  0.000000e+00  0.000000e+00  1.000000e+00
   outer loop
     vertex  2.870074e-01  1.250569e+02  4.000000e+00
     vertex  2.504502e-01  1.247886e+02  4.000000e+00
     vertex  2.376341e-01  1.246538e+02  4.000000e+00
   endloop
 endfacet
 facet normal  0.000000e+00  0.000000e+00  1.000000e+00
   outer loop
     vertex  2.870074e-01  1.250569e+02  4.000000e+00
     vertex  2.376341e-01  1.246538e+02  4.000000e+00
     vertex  2.211400e-01  1.242480e+02  4.000000e+00
   endloop
 endfacet
 facet normal  0.000000e+00  0.000000e+00  1.000000e+00
   outer loop
     vertex  3.107216e-01  1.251902e+02  4.000000e+00
     vertex  2.870074e-01  1.250569e+02  4.000000e+00
     vertex  2.211400e-01  1.242480e+02  4.000000e+00
   endloop
 endfacet
 facet normal  0.000000e+00  0.000000e+00  1.000000e+00
   outer loop
     vertex  3.689343e-01  1.254547e+02  4.000000e+00
     vertex  3.380372e-01  1.253229e+02  4.000000e+00
     vertex  3.107216e-01  1.251902e+02  4.000000e+00
   endloop
 endfacet
 facet normal  0.000000e+00  0.000000e+00  1.000000e+00
   outer loop
     vertex  3.689343e-01  1.254547e+02  4.000000e+00
     vertex  3.107216e-01  1.251902e+02  4.000000e+00
     vertex  2.211400e-01  1.242480e+02  4.000000e+00
   endloop
 endfacet
 facet normal  0.000000e+00  0.000000e+00  1.000000e+00
   outer loop
     vertex  4.413793e-01  1.257156e+02  4.000000e+00
     vertex  3.689343e-01  1.254547e+02  4.000000e+00
     vertex  2.211400e-01  1.242480e+02  4.000000e+00
   endloop
 endfacet
 facet normal  0.000000e+00  0.000000e+00  1.000000e+00
   outer loop
     vertex  4.413793e-01  1.257156e+02  4.000000e+00
     vertex  4.033900e-01  1.255856e+02  4.000000e+00
     vertex  3.689343e-01  1.254547e+02  4.000000e+00
   endloop
 endfacet
 facet normal  0.000000e+00  0.000000e+00  1.000000e+00
   outer loop
     vertex  5.278442e-01  1.259722e+02  4.000000e+00
     vertex  4.828741e-01  1.258445e+02  4.000000e+00
     vertex  4.413793e-01  1.257156e+02  4.000000e+00
   endloop
 endfacet
 facet normal  0.000000e+00  0.000000e+00  1.000000e+00
   outer loop
     vertex  5.762564e-01  1.260987e+02  4.000000e+00
     vertex  5.278442e-01  1.259722e+02  4.000000e+00
     vertex  4.413793e-01  1.257156e+02  4.000000e+00
   endloop
 endfacet
 facet normal  0.000000e+00  0.000000e+00  1.000000e+00
   outer loop
     vertex  6.280753e-01  1.262238e+02  4.000000e+00
     vertex  5.762564e-01  1.260987e+02  4.000000e+00
     vertex  4.413793e-01  1.257156e+02  4.000000e+00
   endloop
 endfacet
 facet normal  0.000000e+00  0.000000e+00  1.000000e+00
   outer loop
     vertex  6.832629e-01  1.263474e+02  4.000000e+00
     vertex  4.413793e-01  1.257156e+02  4.000000e+00
     vertex  2.211400e-01  1.242480e+02  4.000000e+00
   endloop
 endfacet
 facet normal  0.000000e+00  0.000000e+00  1.000000e+00
   outer loop
     vertex  6.832629e-01  1.263474e+02  4.000000e+00
     vertex  6.280753e-01  1.262238e+02  4.000000e+00
     vertex  4.413793e-01  1.257156e+02  4.000000e+00
   endloop
 endfacet
 facet normal  0.000000e+00  0.000000e+00  1.000000e+00
   outer loop
     vertex  7.417787e-01  1.264696e+02  4.000000e+00
     vertex  6.832629e-01  1.263474e+02  4.000000e+00
     vertex  2.211400e-01  1.242480e+02  4.000000e+00
   endloop
 endfacet
 facet normal  0.000000e+00  0.000000e+00  1.000000e+00
   outer loop
     vertex  8.686208e-01  1.267088e+02  4.000000e+00
     vertex  8.035798e-01  1.265900e+02  4.000000e+00
     vertex  7.417787e-01  1.264696e+02  4.000000e+00
   endloop
 endfacet
 facet normal  0.000000e+00  0.000000e+00  1.000000e+00
   outer loop
     vertex  9.368541e-01  1.268258e+02  4.000000e+00
     vertex  8.686208e-01  1.267088e+02  4.000000e+00
     vertex  7.417787e-01  1.264696e+02  4.000000e+00
   endloop
 endfacet
 facet normal  0.000000e+00  0.000000e+00  1.000000e+00
   outer loop
     vertex  1.082695e+00  1.270539e+02  4.000000e+00
     vertex  1.008230e+00  1.269408e+02  4.000000e+00
     vertex  9.368541e-01  1.268258e+02  4.000000e+00
   endloop
 endfacet
 facet normal  0.000000e+00  0.000000e+00  1.000000e+00
   outer loop
     vertex  1.240675e+00  1.272739e+02  4.000000e+00
     vertex  1.082695e+00  1.270539e+02  4.000000e+00
     vertex  9.368541e-01  1.268258e+02  4.000000e+00
   endloop
 endfacet
 facet normal  0.000000e+00  0.000000e+00  1.000000e+00
   outer loop
     vertex  1.240675e+00  1.272739e+02  4.000000e+00
     vertex  1.160196e+00  1.271650e+02  4.000000e+00
     vertex  1.082695e+00  1.270539e+02  4.000000e+00
   endloop
 endfacet
 facet normal  0.000000e+00  0.000000e+00  1.000000e+00
   outer loop
     vertex  1.324073e+00  1.273805e+02  4.000000e+00
     vertex  7.417787e-01  1.264696e+02  4.000000e+00
     vertex  2.211400e-01  1.242480e+02  4.000000e+00
   endloop
 endfacet
 facet normal  0.000000e+00  0.000000e+00  1.000000e+00
   outer loop
     vertex  1.324073e+00  1.273805e+02  4.000000e+00
     vertex  9.368541e-01  1.268258e+02  4.000000e+00
     vertex  7.417787e-01  1.264696e+02  4.000000e+00
   endloop
 endfacet
 facet normal  0.000000e+00  0.000000e+00  1.000000e+00
   outer loop
     vertex  1.324073e+00  1.273805e+02  4.000000e+00
     vertex  1.240675e+00  1.272739e+02  4.000000e+00
     vertex  9.368541e-01  1.268258e+02  4.000000e+00
   endloop
 endfacet
 facet normal  0.000000e+00  0.000000e+00  1.000000e+00
   outer loop
     vertex  6.924500e+01  5.983710e+01  4.000000e+00
     vertex  6.924500e+01  4.593700e+01  4.000000e+00
     vertex  7.439620e+01  4.593700e+01  4.000000e+00
   endloop
 endfacet
 facet normal  0.000000e+00  0.000000e+00  1.000000e+00
   outer loop
     vertex  5.058230e+01  7.888710e+01  4.000000e+00
     vertex  4.543250e+01  7.888710e+01  4.000000e+00
     vertex  4.543250e+01  6.498700e+01  4.000000e+00
   endloop
 endfacet
 facet normal  0.000000e+00  0.000000e+00  1.000000e+00
   outer loop
     vertex  5.058230e+01  7.888710e+01  4.000000e+00
     vertex  4.543250e+01  6.498700e+01  4.000000e+00
     vertex  5.058230e+01  6.498700e+01  4.000000e+00
   endloop
 endfacet
 facet normal  0.000000e+00  0.000000e+00  1.000000e+00
   outer loop
     vertex  6.448250e+01  6.498700e+01  4.000000e+00
     vertex  5.534620e+01  5.983710e+01  4.000000e+00
     vertex  6.924500e+01  5.983710e+01  4.000000e+00
   endloop
 endfacet
 facet normal  0.000000e+00  0.000000e+00  1.000000e+00
   outer loop
     vertex  6.448250e+01  6.498700e+01  4.000000e+00
     vertex  5.058230e+01  6.498700e+01  4.000000e+00
     vertex  5.534620e+01  5.983710e+01  4.000000e+00
   endloop
 endfacet
 facet normal  0.000000e+00  0.000000e+00  1.000000e+00
   outer loop
     vertex  1.782643e+00  1.278780e+02  4.000000e+00
     vertex  1.685606e+00  1.277835e+02  4.000000e+00
     vertex  1.591163e+00  1.276865e+02  4.000000e+00
   endloop
 endfacet
 facet normal  0.000000e+00  0.000000e+00  1.000000e+00
   outer loop
     vertex  1.782643e+00  1.278780e+02  4.000000e+00
     vertex  1.591163e+00  1.276865e+02  4.000000e+00
     vertex  1.499381e+00  1.275869e+02  4.000000e+00
   endloop
 endfacet
 facet normal  0.000000e+00  0.000000e+00  1.000000e+00
   outer loop
     vertex  1.782643e+00  1.278780e+02  4.000000e+00
     vertex  1.499381e+00  1.275869e+02  4.000000e+00
     vertex  1.410330e+00  1.274849e+02  4.000000e+00
   endloop
 endfacet
 facet normal  0.000000e+00  0.000000e+00  1.000000e+00
   outer loop
     vertex  1.029700e+02  2.688690e+01  4.000000e+00
     vertex  9.782000e+01  2.688690e+01  4.000000e+00
     vertex  9.820730e+01  2.173720e+01  4.000000e+00
   endloop
 endfacet
 facet normal  0.000000e+00  0.000000e+00  1.000000e+00
   outer loop
     vertex  2.088590e+00  1.281451e+02  4.000000e+00
     vertex  1.984209e+00  1.280588e+02  4.000000e+00
     vertex  1.882201e+00  1.279698e+02  4.000000e+00
   endloop
 endfacet
 facet normal  0.000000e+00  0.000000e+00  1.000000e+00
   outer loop
     vertex  2.088590e+00  1.281451e+02  4.000000e+00
     vertex  1.882201e+00  1.279698e+02  4.000000e+00
     vertex  1.782643e+00  1.278780e+02  4.000000e+00
   endloop
 endfacet
 facet normal  0.000000e+00  0.000000e+00  1.000000e+00
   outer loop
     vertex  2.088590e+00  1.281451e+02  4.000000e+00
     vertex  1.782643e+00  1.278780e+02  4.000000e+00
     vertex  1.410330e+00  1.274849e+02  4.000000e+00
   endloop
 endfacet
 facet normal  0.000000e+00  0.000000e+00  1.000000e+00
   outer loop
     vertex  2.195269e+00  1.282285e+02  4.000000e+00
     vertex  1.410330e+00  1.274849e+02  4.000000e+00
     vertex  1.324073e+00  1.273805e+02  4.000000e+00
   endloop
 endfacet
 facet normal  0.000000e+00  0.000000e+00  1.000000e+00
   outer loop
     vertex  2.195269e+00  1.282285e+02  4.000000e+00
     vertex  2.088590e+00  1.281451e+02  4.000000e+00
     vertex  1.410330e+00  1.274849e+02  4.000000e+00
   endloop
 endfacet
 facet normal  0.000000e+00  0.000000e+00  1.000000e+00
   outer loop
     vertex  2.415205e+00  1.283864e+02  4.000000e+00
     vertex  2.304167e+00  1.283089e+02  4.000000e+00
     vertex  2.195269e+00  1.282285e+02  4.000000e+00
   endloop
 endfacet
 facet normal  0.000000e+00  0.000000e+00  1.000000e+00
   outer loop
     vertex  2.415205e+00  1.283864e+02  4.000000e+00
     vertex  2.195269e+00  1.282285e+02  4.000000e+00
     vertex  1.324073e+00  1.273805e+02  4.000000e+00
   endloop
 endfacet
 facet normal  0.000000e+00  0.000000e+00  1.000000e+00
   outer loop
     vertex  2.643371e+00  1.285323e+02  4.000000e+00
     vertex  2.528300e+00  1.284609e+02  4.000000e+00
     vertex  2.415205e+00  1.283864e+02  4.000000e+00
   endloop
 endfacet
 facet normal  0.000000e+00  0.000000e+00  1.000000e+00
   outer loop
     vertex  2.760332e+00  1.286005e+02  4.000000e+00
     vertex  2.415205e+00  1.283864e+02  4.000000e+00
     vertex  1.324073e+00  1.273805e+02  4.000000e+00
   endloop
 endfacet
 facet normal  0.000000e+00  0.000000e+00  1.000000e+00
   outer loop
     vertex  2.760332e+00  1.286005e+02  4.000000e+00
     vertex  2.643371e+00  1.285323e+02  4.000000e+00
     vertex  2.415205e+00  1.283864e+02  4.000000e+00
   endloop
 endfacet
 facet normal  0.000000e+00  0.000000e+00  1.000000e+00
   outer loop
     vertex  2.999581e+00  1.287274e+02  4.000000e+00
     vertex  2.879098e+00  1.286656e+02  4.000000e+00
     vertex  2.760332e+00  1.286005e+02  4.000000e+00
   endloop
 endfacet
 facet normal  0.000000e+00  0.000000e+00  1.000000e+00
   outer loop
     vertex  3.121694e+00  1.287859e+02  4.000000e+00
     vertex  2.999581e+00  1.287274e+02  4.000000e+00
     vertex  2.760332e+00  1.286005e+02  4.000000e+00
   endloop
 endfacet
 facet normal  0.000000e+00  0.000000e+00  1.000000e+00
   outer loop
     vertex  3.245347e+00  1.288411e+02  4.000000e+00
     vertex  1.324073e+00  1.273805e+02  4.000000e+00
     vertex  2.211400e-01  1.242480e+02  4.000000e+00
   endloop
 endfacet
 facet normal  0.000000e+00  0.000000e+00  1.000000e+00
   outer loop
     vertex  3.245347e+00  1.288411e+02  4.000000e+00
     vertex  2.760332e+00  1.286005e+02  4.000000e+00
     vertex  1.324073e+00  1.273805e+02  4.000000e+00
   endloop
 endfacet
 facet normal  0.000000e+00  0.000000e+00  1.000000e+00
   outer loop
     vertex  3.245347e+00  1.288411e+02  4.000000e+00
     vertex  3.121694e+00  1.287859e+02  4.000000e+00
     vertex  2.760332e+00  1.286005e+02  4.000000e+00
   endloop
 endfacet
 facet normal  0.000000e+00  0.000000e+00  1.000000e+00
   outer loop
     vertex  3.624632e+00  1.289863e+02  4.000000e+00
     vertex  3.496908e+00  1.289413e+02  4.000000e+00
     vertex  3.370449e+00  1.288929e+02  4.000000e+00
   endloop
 endfacet
 facet normal  0.000000e+00  0.000000e+00  1.000000e+00
   outer loop
     vertex  3.753527e+00  1.290278e+02  4.000000e+00
     vertex  3.624632e+00  1.289863e+02  4.000000e+00
     vertex  3.370449e+00  1.288929e+02  4.000000e+00
   endloop
 endfacet
 facet normal  0.000000e+00  0.000000e+00  1.000000e+00
   outer loop
     vertex  3.883498e+00  1.290657e+02  4.000000e+00
     vertex  3.370449e+00  1.288929e+02  4.000000e+00
     vertex  3.245347e+00  1.288411e+02  4.000000e+00
   endloop
 endfacet
 facet normal  0.000000e+00  0.000000e+00  1.000000e+00
   outer loop
     vertex  3.883498e+00  1.290657e+02  4.000000e+00
     vertex  3.753527e+00  1.290278e+02  4.000000e+00
     vertex  3.370449e+00  1.288929e+02  4.000000e+00
   endloop
 endfacet
 facet normal  0.000000e+00  0.000000e+00  1.000000e+00
   outer loop
     vertex  4.146288e+00  1.291311e+02  4.000000e+00
     vertex  4.014451e+00  1.291002e+02  4.000000e+00
     vertex  3.883498e+00  1.290657e+02  4.000000e+00
   endloop
 endfacet
 facet normal  0.000000e+00  0.000000e+00  1.000000e+00
   outer loop
     vertex  4.146288e+00  1.291311e+02  4.000000e+00
     vertex  3.883498e+00  1.290657e+02  4.000000e+00
     vertex  3.245347e+00  1.288411e+02  4.000000e+00
   endloop
 endfacet
 facet normal  0.000000e+00  0.000000e+00  1.000000e+00
   outer loop
     vertex  4.546140e+00  1.292022e+02  4.000000e+00
     vertex  4.412230e+00  1.291821e+02  4.000000e+00
     vertex  4.278913e+00  1.291584e+02  4.000000e+00
   endloop
 endfacet
 facet normal  0.000000e+00  0.000000e+00  1.000000e+00
   outer loop
     vertex  4.546140e+00  1.292022e+02  4.000000e+00
     vertex  4.278913e+00  1.291584e+02  4.000000e+00
     vertex  4.146288e+00  1.291311e+02  4.000000e+00
   endloop
 endfacet
 facet normal  0.000000e+00  0.000000e+00  1.000000e+00
   outer loop
     vertex  4.546140e+00  1.292022e+02  4.000000e+00
     vertex  4.146288e+00  1.291311e+02  4.000000e+00
     vertex  3.245347e+00  1.288411e+02  4.000000e+00
   endloop
 endfacet
 facet normal  0.000000e+00  0.000000e+00  1.000000e+00
   outer loop
     vertex  1.121070e+02  2.173720e+01  4.000000e+00
     vertex  1.029700e+02  2.688690e+01  4.000000e+00
     vertex  9.820730e+01  2.173720e+01  4.000000e+00
   endloop
 endfacet
 facet normal  0.000000e+00  0.000000e+00  1.000000e+00
   outer loop
     vertex  1.121070e+02  2.173720e+01  4.000000e+00
     vertex  1.121070e+02  7.836890e+00  4.000000e+00
     vertex  1.172570e+02  7.836890e+00  4.000000e+00
   endloop
 endfacet
 facet normal  0.000000e+00  0.000000e+00  1.000000e+00
   outer loop
     vertex  3.590750e+01  9.793710e+01  4.000000e+00
     vertex  3.590750e+01  8.403700e+01  4.000000e+00
     vertex  4.105730e+01  8.403700e+01  4.000000e+00
   endloop
 endfacet
 facet normal  0.000000e+00  0.000000e+00  1.000000e+00
   outer loop
     vertex  8.829500e+01  4.593700e+01  4.000000e+00
     vertex  7.439620e+01  4.593700e+01  4.000000e+00
     vertex  8.391980e+01  4.078710e+01  4.000000e+00
   endloop
 endfacet
 facet normal  0.000000e+00  0.000000e+00  1.000000e+00
   outer loop
     vertex  7.439620e+01  5.983710e+01  4.000000e+00
     vertex  6.924500e+01  5.983710e+01  4.000000e+00
     vertex  7.439620e+01  4.593700e+01  4.000000e+00
   endloop
 endfacet
 facet normal  0.000000e+00  0.000000e+00  1.000000e+00
   outer loop
     vertex  5.221140e+00  1.292480e+02  4.000000e+00
     vertex  5.085743e+00  1.292462e+02  4.000000e+00
     vertex  4.950445e+00  1.292407e+02  4.000000e+00
   endloop
 endfacet
 facet normal  0.000000e+00  0.000000e+00  1.000000e+00
   outer loop
     vertex  5.221140e+00  1.292480e+02  4.000000e+00
     vertex  4.950445e+00  1.292407e+02  4.000000e+00
     vertex  4.815346e+00  1.292315e+02  4.000000e+00
   endloop
 endfacet
 facet normal  0.000000e+00  0.000000e+00  1.000000e+00
   outer loop
     vertex  5.221140e+00  1.292480e+02  4.000000e+00
     vertex  4.815346e+00  1.292315e+02  4.000000e+00
     vertex  4.680545e+00  1.292187e+02  4.000000e+00
   endloop
 endfacet
 facet normal  0.000000e+00  0.000000e+00  1.000000e+00
   outer loop
     vertex  5.221140e+00  1.292480e+02  4.000000e+00
     vertex  4.680545e+00  1.292187e+02  4.000000e+00
     vertex  4.546140e+00  1.292022e+02  4.000000e+00
   endloop
 endfacet
 facet normal  0.000000e+00  0.000000e+00  1.000000e+00
   outer loop
     vertex  5.221140e+00  1.292480e+02  4.000000e+00
     vertex  3.245347e+00  1.288411e+02  4.000000e+00
     vertex  2.211400e-01  1.242480e+02  4.000000e+00
   endloop
 endfacet
 facet normal  0.000000e+00  0.000000e+00  1.000000e+00
   outer loop
     vertex  5.221140e+00  1.292480e+02  4.000000e+00
     vertex  4.546140e+00  1.292022e+02  4.000000e+00
     vertex  3.245347e+00  1.288411e+02  4.000000e+00
   endloop
 endfacet
 facet normal  0.000000e+00  0.000000e+00  1.000000e+00
   outer loop
     vertex  6.963230e+01  6.498700e+01  4.000000e+00
     vertex  6.448250e+01  6.498700e+01  4.000000e+00
     vertex  6.924500e+01  5.983710e+01  4.000000e+00
   endloop
 endfacet
 facet normal  0.000000e+00  0.000000e+00  1.000000e+00
   outer loop
     vertex  6.963230e+01  6.498700e+01  4.000000e+00
     vertex  6.924500e+01  5.983710e+01  4.000000e+00
     vertex  7.439620e+01  5.983710e+01  4.000000e+00
   endloop
 endfacet
 facet normal  0.000000e+00  0.000000e+00  1.000000e+00
   outer loop
     vertex  9.782000e+01  4.078710e+01  4.000000e+00
     vertex  8.829500e+01  4.593700e+01  4.000000e+00
     vertex  8.391980e+01  4.078710e+01  4.000000e+00
   endloop
 endfacet
 facet normal  0.000000e+00  0.000000e+00  1.000000e+00
   outer loop
     vertex  3.114510e+01  1.078490e+02  4.000000e+00
     vertex  2.200730e+01  9.793710e+01  4.000000e+00
     vertex  3.590750e+01  9.793710e+01  4.000000e+00
   endloop
 endfacet
 facet normal  0.000000e+00  0.000000e+00  1.000000e+00
   outer loop
     vertex  3.114510e+01  1.078490e+02  4.000000e+00
     vertex  1.724610e+01  1.078490e+02  4.000000e+00
     vertex  2.200730e+01  9.793710e+01  4.000000e+00
   endloop
 endfacet
 facet normal  0.000000e+00  0.000000e+00  1.000000e+00
   outer loop
     vertex  1.724610e+01  1.217480e+02  4.000000e+00
     vertex  5.221140e+00  1.292480e+02  4.000000e+00
     vertex  2.211400e-01  1.242480e+02  4.000000e+00
   endloop
 endfacet
 facet normal  0.000000e+00  0.000000e+00  1.000000e+00
   outer loop
     vertex  1.724610e+01  1.217480e+02  4.000000e+00
     vertex  2.211400e-01  1.242480e+02  4.000000e+00
     vertex  1.724610e+01  1.078490e+02  4.000000e+00
   endloop
 endfacet
 facet normal  0.000000e+00  0.000000e+00  1.000000e+00
   outer loop
     vertex  1.172570e+02  2.173720e+01  4.000000e+00
     vertex  1.121070e+02  2.173720e+01  4.000000e+00
     vertex  1.172570e+02  7.836890e+00  4.000000e+00
   endloop
 endfacet
 facet normal  0.000000e+00  0.000000e+00  1.000000e+00
   outer loop
     vertex  4.105730e+01  9.793710e+01  4.000000e+00
     vertex  3.590750e+01  9.793710e+01  4.000000e+00
     vertex  4.105730e+01  8.403700e+01  4.000000e+00
   endloop
 endfacet
 facet normal  0.000000e+00  0.000000e+00  1.000000e+00
   outer loop
     vertex  5.495750e+01  8.403700e+01  4.000000e+00
     vertex  4.105730e+01  8.403700e+01  4.000000e+00
     vertex  4.543250e+01  7.888710e+01  4.000000e+00
   endloop
 endfacet
 facet normal  0.000000e+00  0.000000e+00  1.000000e+00
   outer loop
     vertex  5.495750e+01  8.403700e+01  4.000000e+00
     vertex  4.543250e+01  7.888710e+01  4.000000e+00
     vertex  5.058230e+01  7.888710e+01  4.000000e+00
   endloop
 endfacet
 facet normal  0.000000e+00  0.000000e+00  1.000000e+00
   outer loop
     vertex  9.344620e+01  4.593700e+01  4.000000e+00
     vertex  8.829500e+01  4.593700e+01  4.000000e+00
     vertex  9.782000e+01  4.078710e+01  4.000000e+00
   endloop
 endfacet
 facet normal  0.000000e+00  0.000000e+00  1.000000e+00
   outer loop
     vertex  1.168700e+02  2.688690e+01  4.000000e+00
     vertex  1.121070e+02  2.173720e+01  4.000000e+00
     vertex  1.172570e+02  2.173720e+01  4.000000e+00
   endloop
 endfacet
 facet normal  0.000000e+00  0.000000e+00  1.000000e+00
   outer loop
     vertex  1.168700e+02  2.688690e+01  4.000000e+00
     vertex  1.029700e+02  2.688690e+01  4.000000e+00
     vertex  1.121070e+02  2.173720e+01  4.000000e+00
   endloop
 endfacet
 facet normal  0.000000e+00  0.000000e+00  1.000000e+00
   outer loop
     vertex  1.029700e+02  4.078710e+01  4.000000e+00
     vertex  9.782000e+01  4.078710e+01  4.000000e+00
     vertex  9.782000e+01  2.688690e+01  4.000000e+00
   endloop
 endfacet
 facet normal  0.000000e+00  0.000000e+00  1.000000e+00
   outer loop
     vertex  1.029700e+02  4.078710e+01  4.000000e+00
     vertex  9.344620e+01  4.593700e+01  4.000000e+00
     vertex  9.782000e+01  4.078710e+01  4.000000e+00
   endloop
 endfacet
 facet normal  0.000000e+00  0.000000e+00  1.000000e+00
   outer loop
     vertex  1.029700e+02  4.078710e+01  4.000000e+00
     vertex  9.782000e+01  2.688690e+01  4.000000e+00
     vertex  1.029700e+02  2.688690e+01  4.000000e+00
   endloop
 endfacet
 facet normal  0.000000e+00  0.000000e+00  1.000000e+00
   outer loop
     vertex  6.010730e+01  8.403700e+01  4.000000e+00
     vertex  5.058230e+01  7.888710e+01  4.000000e+00
     vertex  6.448250e+01  7.888710e+01  4.000000e+00
   endloop
 endfacet
 facet normal  0.000000e+00  0.000000e+00  1.000000e+00
   outer loop
     vertex  6.010730e+01  8.403700e+01  4.000000e+00
     vertex  5.495750e+01  8.403700e+01  4.000000e+00
     vertex  5.058230e+01  7.888710e+01  4.000000e+00
   endloop
 endfacet
 facet normal  0.000000e+00  0.000000e+00  1.000000e+00
   outer loop
     vertex  3.629620e+01  1.078490e+02  4.000000e+00
     vertex  3.114510e+01  1.078490e+02  4.000000e+00
     vertex  3.590750e+01  9.793710e+01  4.000000e+00
   endloop
 endfacet
 facet normal  0.000000e+00  0.000000e+00  1.000000e+00
   outer loop
     vertex  3.629620e+01  1.078490e+02  4.000000e+00
     vertex  3.590750e+01  9.793710e+01  4.000000e+00
     vertex  4.105730e+01  9.793710e+01  4.000000e+00
   endloop
 endfacet
 facet normal  0.000000e+00  0.000000e+00  1.000000e+00
   outer loop
     vertex  6.963230e+01  7.888710e+01  4.000000e+00
     vertex  6.010730e+01  8.403700e+01  4.000000e+00
     vertex  6.448250e+01  7.888710e+01  4.000000e+00
   endloop
 endfacet
 facet normal  0.000000e+00  0.000000e+00  1.000000e+00
   outer loop
     vertex  6.963230e+01  7.888710e+01  4.000000e+00
     vertex  6.448250e+01  7.888710e+01  4.000000e+00
     vertex  6.448250e+01  6.498700e+01  4.000000e+00
   endloop
 endfacet
 facet normal  0.000000e+00  0.000000e+00  1.000000e+00
   outer loop
     vertex  6.963230e+01  7.888710e+01  4.000000e+00
     vertex  6.448250e+01  6.498700e+01  4.000000e+00
     vertex  6.963230e+01  6.498700e+01  4.000000e+00
   endloop
 endfacet
 facet normal  0.000000e+00  0.000000e+00  1.000000e+00
   outer loop
     vertex  8.353250e+01  6.498700e+01  4.000000e+00
     vertex  6.963230e+01  6.498700e+01  4.000000e+00
     vertex  7.439620e+01  5.983710e+01  4.000000e+00
   endloop
 endfacet
 facet normal  0.000000e+00  0.000000e+00  1.000000e+00
   outer loop
     vertex  8.353250e+01  6.498700e+01  4.000000e+00
     vertex  7.439620e+01  5.983710e+01  4.000000e+00
     vertex  8.829500e+01  5.983710e+01  4.000000e+00
   endloop
 endfacet
 facet normal  0.000000e+00  0.000000e+00  1.000000e+00
   outer loop
     vertex  3.114510e+01  1.217480e+02  4.000000e+00
     vertex  3.114510e+01  1.078490e+02  4.000000e+00
     vertex  3.629620e+01  1.078490e+02  4.000000e+00
   endloop
 endfacet
 facet normal  0.000000e+00  0.000000e+00  1.000000e+00
   outer loop
     vertex  3.114510e+01  1.217480e+02  4.000000e+00
     vertex  5.221140e+00  1.292480e+02  4.000000e+00
     vertex  1.724610e+01  1.217480e+02  4.000000e+00
   endloop
 endfacet
 facet normal  0.000000e+00  0.000000e+00  1.000000e+00
   outer loop
     vertex  1.073450e+02  4.593700e+01  4.000000e+00
     vertex  9.344620e+01  4.593700e+01  4.000000e+00
     vertex  1.029700e+02  4.078710e+01  4.000000e+00
   endloop
 endfacet
 facet normal  0.000000e+00  0.000000e+00  1.000000e+00
   outer loop
     vertex  9.344620e+01  5.983710e+01  4.000000e+00
     vertex  8.829500e+01  5.983710e+01  4.000000e+00
     vertex  8.829500e+01  4.593700e+01  4.000000e+00
   endloop
 endfacet
 facet normal  0.000000e+00  0.000000e+00  1.000000e+00
   outer loop
     vertex  9.344620e+01  5.983710e+01  4.000000e+00
     vertex  8.829500e+01  4.593700e+01  4.000000e+00
     vertex  9.344620e+01  4.593700e+01  4.000000e+00
   endloop
 endfacet
 facet normal  0.000000e+00  0.000000e+00  1.000000e+00
   outer loop
     vertex  8.868230e+01  6.498700e+01  4.000000e+00
     vertex  8.353250e+01  6.498700e+01  4.000000e+00
     vertex  8.829500e+01  5.983710e+01  4.000000e+00
   endloop
 endfacet
 facet normal  0.000000e+00  0.000000e+00  1.000000e+00
   outer loop
     vertex  8.868230e+01  6.498700e+01  4.000000e+00
     vertex  8.829500e+01  5.983710e+01  4.000000e+00
     vertex  9.344620e+01  5.983710e+01  4.000000e+00
   endloop
 endfacet
 facet normal  0.000000e+00  0.000000e+00  1.000000e+00
   outer loop
     vertex  1.291640e+02  2.688690e+01  4.000000e+00
     vertex  1.168700e+02  2.688690e+01  4.000000e+00
     vertex  1.172570e+02  2.173720e+01  4.000000e+00
   endloop
 endfacet
 facet normal  0.000000e+00  0.000000e+00  1.000000e+00
   outer loop
     vertex  1.291640e+02  2.688690e+01  4.000000e+00
     vertex  1.172570e+02  2.173720e+01  4.000000e+00
     vertex  1.311570e+02  2.173720e+01  4.000000e+00
   endloop
 endfacet
 facet normal  0.000000e+00  0.000000e+00  1.000000e+00
   outer loop
     vertex  1.168700e+02  4.078710e+01  4.000000e+00
     vertex  1.168700e+02  2.688690e+01  4.000000e+00
     vertex  1.291640e+02  2.688690e+01  4.000000e+00
   endloop
 endfacet
 facet normal  0.000000e+00  0.000000e+00  1.000000e+00
   outer loop
     vertex  5.019500e+01  1.078490e+02  4.000000e+00
     vertex  4.105730e+01  9.793710e+01  4.000000e+00
     vertex  5.495750e+01  9.793710e+01  4.000000e+00
   endloop
 endfacet
 facet normal  0.000000e+00  0.000000e+00  1.000000e+00
   outer loop
     vertex  5.019500e+01  1.078490e+02  4.000000e+00
     vertex  3.629620e+01  1.078490e+02  4.000000e+00
     vertex  4.105730e+01  9.793710e+01  4.000000e+00
   endloop
 endfacet
 facet normal  0.000000e+00  0.000000e+00  1.000000e+00
   outer loop
     vertex  1.363070e+02  2.173720e+01  4.000000e+00
     vertex  1.311570e+02  2.173720e+01  4.000000e+00
     vertex  1.311570e+02  7.836890e+00  4.000000e+00
   endloop
 endfacet
 facet normal  0.000000e+00  0.000000e+00  1.000000e+00
   outer loop
     vertex  1.363070e+02  2.173720e+01  4.000000e+00
     vertex  1.291640e+02  2.688690e+01  4.000000e+00
     vertex  1.311570e+02  2.173720e+01  4.000000e+00
   endloop
 endfacet
 facet normal  0.000000e+00  0.000000e+00  1.000000e+00
   outer loop
     vertex  1.363070e+02  2.173720e+01  4.000000e+00
     vertex  1.311570e+02  7.836890e+00  4.000000e+00
     vertex  1.363070e+02  7.836890e+00  4.000000e+00
   endloop
 endfacet
 facet normal  0.000000e+00  0.000000e+00  1.000000e+00
   outer loop
     vertex  3.629620e+01  1.217480e+02  4.000000e+00
     vertex  5.221140e+00  1.292480e+02  4.000000e+00
     vertex  3.114510e+01  1.217480e+02  4.000000e+00
   endloop
 endfacet
 facet normal  0.000000e+00  0.000000e+00  1.000000e+00
   outer loop
     vertex  3.629620e+01  1.217480e+02  4.000000e+00
     vertex  3.114510e+01  1.217480e+02  4.000000e+00
     vertex  3.629620e+01  1.078490e+02  4.000000e+00
   endloop
 endfacet
 facet normal  0.000000e+00  0.000000e+00  1.000000e+00
   outer loop
     vertex  6.010730e+01  9.793710e+01  4.000000e+00
     vertex  5.495750e+01  9.793710e+01  4.000000e+00
     vertex  5.495750e+01  8.403700e+01  4.000000e+00
   endloop
 endfacet
 facet normal  0.000000e+00  0.000000e+00  1.000000e+00
   outer loop
     vertex  6.010730e+01  9.793710e+01  4.000000e+00
     vertex  5.495750e+01  8.403700e+01  4.000000e+00
     vertex  6.010730e+01  8.403700e+01  4.000000e+00
   endloop
 endfacet
 facet normal  0.000000e+00  0.000000e+00  1.000000e+00
   outer loop
     vertex  7.400750e+01  8.403700e+01  4.000000e+00
     vertex  6.010730e+01  8.403700e+01  4.000000e+00
     vertex  6.963230e+01  7.888710e+01  4.000000e+00
   endloop
 endfacet
 facet normal  0.000000e+00  0.000000e+00  1.000000e+00
   outer loop
     vertex  1.124950e+02  4.593700e+01  4.000000e+00
     vertex  1.029700e+02  4.078710e+01  4.000000e+00
     vertex  1.168700e+02  4.078710e+01  4.000000e+00
   endloop
 endfacet
 facet normal  0.000000e+00  0.000000e+00  1.000000e+00
   outer loop
     vertex  1.124950e+02  4.593700e+01  4.000000e+00
     vertex  1.073450e+02  4.593700e+01  4.000000e+00
     vertex  1.029700e+02  4.078710e+01  4.000000e+00
   endloop
 endfacet
 facet normal  0.000000e+00  0.000000e+00  1.000000e+00
   outer loop
     vertex  8.353250e+01  7.888710e+01  4.000000e+00
     vertex  8.353250e+01  6.498700e+01  4.000000e+00
     vertex  8.868230e+01  6.498700e+01  4.000000e+00
   endloop
 endfacet
 facet normal  0.000000e+00  0.000000e+00  1.000000e+00
   outer loop
     vertex  7.915730e+01  8.403700e+01  4.000000e+00
     vertex  6.963230e+01  7.888710e+01  4.000000e+00
     vertex  8.353250e+01  7.888710e+01  4.000000e+00
   endloop
 endfacet
 facet normal  0.000000e+00  0.000000e+00  1.000000e+00
   outer loop
     vertex  7.915730e+01  8.403700e+01  4.000000e+00
     vertex  7.400750e+01  8.403700e+01  4.000000e+00
     vertex  6.963230e+01  7.888710e+01  4.000000e+00
   endloop
 endfacet
 facet normal  0.000000e+00  0.000000e+00  1.000000e+00
   outer loop
     vertex  5.534620e+01  1.078490e+02  4.000000e+00
     vertex  5.019500e+01  1.078490e+02  4.000000e+00
     vertex  5.495750e+01  9.793710e+01  4.000000e+00
   endloop
 endfacet
 facet normal  0.000000e+00  0.000000e+00  1.000000e+00
   outer loop
     vertex  5.534620e+01  1.078490e+02  4.000000e+00
     vertex  5.495750e+01  9.793710e+01  4.000000e+00
     vertex  6.010730e+01  9.793710e+01  4.000000e+00
   endloop
 endfacet
 facet normal  0.000000e+00  0.000000e+00  1.000000e+00
   outer loop
     vertex  1.025820e+02  6.498700e+01  4.000000e+00
     vertex  9.344620e+01  5.983710e+01  4.000000e+00
     vertex  1.073450e+02  5.983710e+01  4.000000e+00
   endloop
 endfacet
 facet normal  0.000000e+00  0.000000e+00  1.000000e+00
   outer loop
     vertex  1.025820e+02  6.498700e+01  4.000000e+00
     vertex  8.868230e+01  6.498700e+01  4.000000e+00
     vertex  9.344620e+01  5.983710e+01  4.000000e+00
   endloop
 endfacet
 facet normal  0.000000e+00  0.000000e+00  1.000000e+00
   outer loop
     vertex  8.868230e+01  7.888710e+01  4.000000e+00
     vertex  8.353250e+01  7.888710e+01  4.000000e+00
     vertex  8.868230e+01  6.498700e+01  4.000000e+00
   endloop
 endfacet
 facet normal  0.000000e+00  0.000000e+00  1.000000e+00
   outer loop
     vertex  1.430640e+02  2.688690e+01  4.000000e+00
     vertex  1.291640e+02  2.688690e+01  4.000000e+00
     vertex  1.363070e+02  2.173720e+01  4.000000e+00
   endloop
 endfacet
 facet normal  0.000000e+00  0.000000e+00  1.000000e+00
   outer loop
     vertex  1.291640e+02  4.078710e+01  4.000000e+00
     vertex  1.168700e+02  4.078710e+01  4.000000e+00
     vertex  1.291640e+02  2.688690e+01  4.000000e+00
   endloop
 endfacet
 facet normal  0.000000e+00  0.000000e+00  1.000000e+00
   outer loop
     vertex  5.019500e+01  1.217480e+02  4.000000e+00
     vertex  5.221140e+00  1.292480e+02  4.000000e+00
     vertex  3.629620e+01  1.217480e+02  4.000000e+00
   endloop
 endfacet
 facet normal  0.000000e+00  0.000000e+00  1.000000e+00
   outer loop
     vertex  1.502070e+02  2.173720e+01  4.000000e+00
     vertex  1.430640e+02  2.688690e+01  4.000000e+00
     vertex  1.363070e+02  2.173720e+01  4.000000e+00
   endloop
 endfacet
 facet normal  0.000000e+00  0.000000e+00  1.000000e+00
   outer loop
     vertex  1.263950e+02  4.593700e+01  4.000000e+00
     vertex  1.168700e+02  4.078710e+01  4.000000e+00
     vertex  1.291640e+02  4.078710e+01  4.000000e+00
   endloop
 endfacet
 facet normal  0.000000e+00  0.000000e+00  1.000000e+00
   outer loop
     vertex  1.263950e+02  4.593700e+01  4.000000e+00
     vertex  1.124950e+02  4.593700e+01  4.000000e+00
     vertex  1.168700e+02  4.078710e+01  4.000000e+00
   endloop
 endfacet
 facet normal  0.000000e+00  0.000000e+00  1.000000e+00
   outer loop
     vertex  1.124950e+02  5.983710e+01  4.000000e+00
     vertex  1.073450e+02  4.593700e+01  4.000000e+00
     vertex  1.124950e+02  4.593700e+01  4.000000e+00
   endloop
 endfacet
 facet normal  0.000000e+00  0.000000e+00  1.000000e+00
   outer loop
     vertex  1.124950e+02  5.983710e+01  4.000000e+00
     vertex  1.073450e+02  5.983710e+01  4.000000e+00
     vertex  1.073450e+02  4.593700e+01  4.000000e+00
   endloop
 endfacet
 facet normal  0.000000e+00  0.000000e+00  1.000000e+00
   outer loop
     vertex  1.077320e+02  6.498700e+01  4.000000e+00
     vertex  1.025820e+02  6.498700e+01  4.000000e+00
     vertex  1.073450e+02  5.983710e+01  4.000000e+00
   endloop
 endfacet
 facet normal  0.000000e+00  0.000000e+00  1.000000e+00
   outer loop
     vertex  1.077320e+02  6.498700e+01  4.000000e+00
     vertex  1.073450e+02  5.983710e+01  4.000000e+00
     vertex  1.124950e+02  5.983710e+01  4.000000e+00
   endloop
 endfacet
 facet normal  0.000000e+00  0.000000e+00  1.000000e+00
   outer loop
     vertex  6.924500e+01  1.078490e+02  4.000000e+00
     vertex  6.010730e+01  9.793710e+01  4.000000e+00
     vertex  7.400750e+01  9.793710e+01  4.000000e+00
   endloop
 endfacet
 facet normal  0.000000e+00  0.000000e+00  1.000000e+00
   outer loop
     vertex  6.924500e+01  1.078490e+02  4.000000e+00
     vertex  5.534620e+01  1.078490e+02  4.000000e+00
     vertex  6.010730e+01  9.793710e+01  4.000000e+00
   endloop
 endfacet
 facet normal  0.000000e+00  0.000000e+00  1.000000e+00
   outer loop
     vertex  5.534620e+01  1.217480e+02  4.000000e+00
     vertex  5.019500e+01  1.217480e+02  4.000000e+00
     vertex  5.019500e+01  1.078490e+02  4.000000e+00
   endloop
 endfacet
 facet normal  0.000000e+00  0.000000e+00  1.000000e+00
   outer loop
     vertex  5.534620e+01  1.217480e+02  4.000000e+00
     vertex  5.019500e+01  1.078490e+02  4.000000e+00
     vertex  5.534620e+01  1.078490e+02  4.000000e+00
   endloop
 endfacet
 facet normal  0.000000e+00  0.000000e+00  1.000000e+00
   outer loop
     vertex  1.553570e+02  2.173720e+01  4.000000e+00
     vertex  1.502070e+02  2.173720e+01  4.000000e+00
     vertex  1.502070e+02  7.836890e+00  4.000000e+00
   endloop
 endfacet
 facet normal  0.000000e+00  0.000000e+00  1.000000e+00
   outer loop
     vertex  1.553570e+02  2.173720e+01  4.000000e+00
     vertex  1.502070e+02  7.836890e+00  4.000000e+00
     vertex  1.553570e+02  7.836890e+00  4.000000e+00
   endloop
 endfacet
 facet normal  0.000000e+00  0.000000e+00  1.000000e+00
   outer loop
     vertex  7.915730e+01  9.793710e+01  4.000000e+00
     vertex  7.400750e+01  9.793710e+01  4.000000e+00
     vertex  7.400750e+01  8.403700e+01  4.000000e+00
   endloop
 endfacet
 facet normal  0.000000e+00  0.000000e+00  1.000000e+00
   outer loop
     vertex  7.915730e+01  9.793710e+01  4.000000e+00
     vertex  7.400750e+01  8.403700e+01  4.000000e+00
     vertex  7.915730e+01  8.403700e+01  4.000000e+00
   endloop
 endfacet
 facet normal  0.000000e+00  0.000000e+00  1.000000e+00
   outer loop
     vertex  9.305750e+01  8.403700e+01  4.000000e+00
     vertex  8.353250e+01  7.888710e+01  4.000000e+00
     vertex  8.868230e+01  7.888710e+01  4.000000e+00
   endloop
 endfacet
 facet normal  0.000000e+00  0.000000e+00  1.000000e+00
   outer loop
     vertex  9.305750e+01  8.403700e+01  4.000000e+00
     vertex  7.915730e+01  8.403700e+01  4.000000e+00
     vertex  8.353250e+01  7.888710e+01  4.000000e+00
   endloop
 endfacet
 facet normal  0.000000e+00  0.000000e+00  1.000000e+00
   outer loop
     vertex  1.351760e+02  4.616700e+01  4.000000e+00
     vertex  1.263950e+02  4.593700e+01  4.000000e+00
     vertex  1.291640e+02  4.078710e+01  4.000000e+00
   endloop
 endfacet
 facet normal  0.000000e+00  0.000000e+00  1.000000e+00
   outer loop
     vertex  1.025820e+02  7.888710e+01  4.000000e+00
     vertex  9.305750e+01  8.403700e+01  4.000000e+00
     vertex  8.868230e+01  7.888710e+01  4.000000e+00
   endloop
 endfacet
 facet normal  0.000000e+00  0.000000e+00  1.000000e+00
   outer loop
     vertex  1.369010e+02  4.518730e+01  4.000000e+00
     vertex  1.351760e+02  4.616700e+01  4.000000e+00
     vertex  1.291640e+02  4.078710e+01  4.000000e+00
   endloop
 endfacet
 facet normal  0.000000e+00  0.000000e+00  1.000000e+00
   outer loop
     vertex  1.553570e+02  2.688690e+01  4.000000e+00
     vertex  1.430640e+02  2.688690e+01  4.000000e+00
     vertex  1.502070e+02  2.173720e+01  4.000000e+00
   endloop
 endfacet
 facet normal  0.000000e+00  0.000000e+00  1.000000e+00
   outer loop
     vertex  1.553570e+02  2.688690e+01  4.000000e+00
     vertex  1.502070e+02  2.173720e+01  4.000000e+00
     vertex  1.553570e+02  2.173720e+01  4.000000e+00
   endloop
 endfacet
 facet normal  0.000000e+00  0.000000e+00  1.000000e+00
   outer loop
     vertex  9.820730e+01  8.403700e+01  4.000000e+00
     vertex  9.305750e+01  8.403700e+01  4.000000e+00
     vertex  1.025820e+02  7.888710e+01  4.000000e+00
   endloop
 endfacet
 facet normal  0.000000e+00  0.000000e+00  1.000000e+00
   outer loop
     vertex  7.439620e+01  1.078490e+02  4.000000e+00
     vertex  7.400750e+01  9.793710e+01  4.000000e+00
     vertex  7.915730e+01  9.793710e+01  4.000000e+00
   endloop
 endfacet
 facet normal  0.000000e+00  0.000000e+00  1.000000e+00
   outer loop
     vertex  7.439620e+01  1.078490e+02  4.000000e+00
     vertex  6.924500e+01  1.078490e+02  4.000000e+00
     vertex  7.400750e+01  9.793710e+01  4.000000e+00
   endloop
 endfacet
 facet normal  0.000000e+00  0.000000e+00  1.000000e+00
   outer loop
     vertex  1.369010e+02  4.616700e+01  4.000000e+00
     vertex  1.351760e+02  4.616700e+01  4.000000e+00
     vertex  1.369010e+02  4.518730e+01  4.000000e+00
   endloop
 endfacet
 facet normal  0.000000e+00  0.000000e+00  1.000000e+00
   outer loop
     vertex  1.430640e+02  4.078710e+01  4.000000e+00
     vertex  1.369010e+02  4.518730e+01  4.000000e+00
     vertex  1.291640e+02  4.078710e+01  4.000000e+00
   endloop
 endfacet
 facet normal  0.000000e+00  0.000000e+00  1.000000e+00
   outer loop
     vertex  1.401010e+02  4.518730e+01  4.000000e+00
     vertex  1.369010e+02  4.518730e+01  4.000000e+00
     vertex  1.430640e+02  4.078710e+01  4.000000e+00
   endloop
 endfacet
 facet normal  0.000000e+00  0.000000e+00  1.000000e+00
   outer loop
     vertex  1.216320e+02  6.498700e+01  4.000000e+00
     vertex  1.077320e+02  6.498700e+01  4.000000e+00
     vertex  1.124950e+02  5.983710e+01  4.000000e+00
   endloop
 endfacet
 facet normal  0.000000e+00  0.000000e+00  1.000000e+00
   outer loop
     vertex  1.216320e+02  6.498700e+01  4.000000e+00
     vertex  1.124950e+02  5.983710e+01  4.000000e+00
     vertex  1.263950e+02  5.983710e+01  4.000000e+00
   endloop
 endfacet
 facet normal  0.000000e+00  0.000000e+00  1.000000e+00
   outer loop
     vertex  1.077320e+02  7.888710e+01  4.000000e+00
     vertex  1.025820e+02  6.498700e+01  4.000000e+00
     vertex  1.077320e+02  6.498700e+01  4.000000e+00
   endloop
 endfacet
 facet normal  0.000000e+00  0.000000e+00  1.000000e+00
   outer loop
     vertex  1.077320e+02  7.888710e+01  4.000000e+00
     vertex  1.025820e+02  7.888710e+01  4.000000e+00
     vertex  1.025820e+02  6.498700e+01  4.000000e+00
   endloop
 endfacet
 facet normal  0.000000e+00  0.000000e+00  1.000000e+00
   outer loop
     vertex  1.077320e+02  7.888710e+01  4.000000e+00
     vertex  9.820730e+01  8.403700e+01  4.000000e+00
     vertex  1.025820e+02  7.888710e+01  4.000000e+00
   endloop
 endfacet
 facet normal  0.000000e+00  0.000000e+00  1.000000e+00
   outer loop
     vertex  1.343520e+02  5.243720e+01  4.000000e+00
     vertex  1.263950e+02  5.983710e+01  4.000000e+00
     vertex  1.263950e+02  4.593700e+01  4.000000e+00
   endloop
 endfacet
 facet normal  0.000000e+00  0.000000e+00  1.000000e+00
   outer loop
     vertex  1.343520e+02  5.243720e+01  4.000000e+00
     vertex  1.263950e+02  4.593700e+01  4.000000e+00
     vertex  1.351760e+02  4.616700e+01  4.000000e+00
   endloop
 endfacet
 facet normal  0.000000e+00  0.000000e+00  1.000000e+00
   outer loop
     vertex  1.351760e+02  5.243720e+01  4.000000e+00
     vertex  1.343520e+02  5.243720e+01  4.000000e+00
     vertex  1.351760e+02  4.616700e+01  4.000000e+00
   endloop
 endfacet
 facet normal  0.000000e+00  0.000000e+00  1.000000e+00
   outer loop
     vertex  1.418260e+02  4.616700e+01  4.000000e+00
     vertex  1.401010e+02  4.518730e+01  4.000000e+00
     vertex  1.430640e+02  4.078710e+01  4.000000e+00
   endloop
 endfacet
 facet normal  0.000000e+00  0.000000e+00  1.000000e+00
   outer loop
     vertex  1.418260e+02  4.616700e+01  4.000000e+00
     vertex  1.401010e+02  4.616700e+01  4.000000e+00
     vertex  1.401010e+02  4.518730e+01  4.000000e+00
   endloop
 endfacet
 facet normal  0.000000e+00  0.000000e+00  1.000000e+00
   outer loop
     vertex  1.434510e+02  4.593700e+01  4.000000e+00
     vertex  1.418260e+02  4.616700e+01  4.000000e+00
     vertex  1.430640e+02  4.078710e+01  4.000000e+00
   endloop
 endfacet
 facet normal  0.000000e+00  0.000000e+00  1.000000e+00
   outer loop
     vertex  1.343520e+02  5.513670e+01  4.000000e+00
     vertex  1.263950e+02  5.983710e+01  4.000000e+00
     vertex  1.343520e+02  5.243720e+01  4.000000e+00
   endloop
 endfacet
 facet normal  0.000000e+00  0.000000e+00  1.000000e+00
   outer loop
     vertex  1.908070e+02 -4.127700e-01  4.000000e+00
     vertex  1.121070e+02  7.836890e+00  4.000000e+00
     vertex  9.820730e+01  7.836890e+00  4.000000e+00
   endloop
 endfacet
 facet normal  0.000000e+00  0.000000e+00  1.000000e+00
   outer loop
     vertex  1.908070e+02 -4.127700e-01  4.000000e+00
     vertex  1.311570e+02  7.836890e+00  4.000000e+00
     vertex  1.172570e+02  7.836890e+00  4.000000e+00
   endloop
 endfacet
 facet normal  0.000000e+00  0.000000e+00  1.000000e+00
   outer loop
     vertex  1.908070e+02 -4.127700e-01  4.000000e+00
     vertex  9.820730e+01  7.836890e+00  4.000000e+00
     vertex  5.221140e+00 -4.127700e-01  4.000000e+00
   endloop
 endfacet
 facet normal  0.000000e+00  0.000000e+00  1.000000e+00
   outer loop
     vertex  1.908070e+02 -4.127700e-01  4.000000e+00
     vertex  1.502070e+02  7.836890e+00  4.000000e+00
     vertex  1.363070e+02  7.836890e+00  4.000000e+00
   endloop
 endfacet
 facet normal  0.000000e+00  0.000000e+00  1.000000e+00
   outer loop
     vertex  1.908070e+02 -4.127700e-01  4.000000e+00
     vertex  1.692570e+02  7.836890e+00  4.000000e+00
     vertex  1.553570e+02  7.836890e+00  4.000000e+00
   endloop
 endfacet
 facet normal  0.000000e+00  0.000000e+00  1.000000e+00
   outer loop
     vertex  1.908070e+02 -4.127700e-01  4.000000e+00
     vertex  1.553570e+02  7.836890e+00  4.000000e+00
     vertex  1.502070e+02  7.836890e+00  4.000000e+00
   endloop
 endfacet
 facet normal  0.000000e+00  0.000000e+00  1.000000e+00
   outer loop
     vertex  1.908070e+02 -4.127700e-01  4.000000e+00
     vertex  1.744070e+02  7.836890e+00  4.000000e+00
     vertex  1.692570e+02  7.836890e+00  4.000000e+00
   endloop
 endfacet
 facet normal  0.000000e+00  0.000000e+00  1.000000e+00
   outer loop
     vertex  1.908070e+02 -4.127700e-01  4.000000e+00
     vertex  1.172570e+02  7.836890e+00  4.000000e+00
     vertex  1.121070e+02  7.836890e+00  4.000000e+00
   endloop
 endfacet
 facet normal  0.000000e+00  0.000000e+00  1.000000e+00
   outer loop
     vertex  1.908070e+02 -4.127700e-01  4.000000e+00
     vertex  1.363070e+02  7.836890e+00  4.000000e+00
     vertex  1.311570e+02  7.836890e+00  4.000000e+00
   endloop
 endfacet
 facet normal  0.000000e+00  0.000000e+00  1.000000e+00
   outer loop
     vertex  1.267820e+02  6.498700e+01  4.000000e+00
     vertex  1.216320e+02  6.498700e+01  4.000000e+00
     vertex  1.263950e+02  5.983710e+01  4.000000e+00
   endloop
 endfacet
 facet normal  0.000000e+00  0.000000e+00  1.000000e+00
   outer loop
     vertex  1.351760e+02  5.836670e+01  4.000000e+00
     vertex  1.343520e+02  5.513670e+01  4.000000e+00
     vertex  1.351760e+02  5.513670e+01  4.000000e+00
   endloop
 endfacet
 facet normal  0.000000e+00  0.000000e+00  1.000000e+00
   outer loop
     vertex  1.351760e+02  5.836670e+01  4.000000e+00
     vertex  1.267820e+02  6.498700e+01  4.000000e+00
     vertex  1.263950e+02  5.983710e+01  4.000000e+00
   endloop
 endfacet
 facet normal  0.000000e+00  0.000000e+00  1.000000e+00
   outer loop
     vertex  1.351760e+02  5.836670e+01  4.000000e+00
     vertex  1.263950e+02  5.983710e+01  4.000000e+00
     vertex  1.343520e+02  5.513670e+01  4.000000e+00
   endloop
 endfacet
 facet normal  0.000000e+00  0.000000e+00  1.000000e+00
   outer loop
     vertex  1.434510e+02  5.063740e+01  4.000000e+00
     vertex  1.418260e+02  4.616700e+01  4.000000e+00
     vertex  1.434510e+02  4.593700e+01  4.000000e+00
   endloop
 endfacet
 facet normal  0.000000e+00  0.000000e+00  1.000000e+00
   outer loop
     vertex  1.434510e+02  5.063740e+01  4.000000e+00
     vertex  1.418260e+02  5.063740e+01  4.000000e+00
     vertex  1.418260e+02  4.616700e+01  4.000000e+00
   endloop
 endfacet
 facet normal  0.000000e+00  0.000000e+00  1.000000e+00
   outer loop
     vertex  1.883070e+02  7.836890e+00  4.000000e+00
     vertex  1.908070e+02 -4.127700e-01  4.000000e+00
     vertex  1.909424e+02 -4.109364e-01  4.000000e+00
   endloop
 endfacet
 facet normal  0.000000e+00  0.000000e+00  1.000000e+00
   outer loop
     vertex  1.883070e+02  7.836890e+00  4.000000e+00
     vertex  1.909424e+02 -4.109364e-01  4.000000e+00
     vertex  1.910777e+02 -4.054371e-01  4.000000e+00
   endloop
 endfacet
 facet normal  0.000000e+00  0.000000e+00  1.000000e+00
   outer loop
     vertex  1.883070e+02  7.836890e+00  4.000000e+00
     vertex  1.910777e+02 -4.054371e-01  4.000000e+00
     vertex  1.912128e+02 -3.962759e-01  4.000000e+00
   endloop
 endfacet
 facet normal  0.000000e+00  0.000000e+00  1.000000e+00
   outer loop
     vertex  1.883070e+02  7.836890e+00  4.000000e+00
     vertex  1.912128e+02 -3.962759e-01  4.000000e+00
     vertex  1.913476e+02 -3.834598e-01  4.000000e+00
   endloop
 endfacet
 facet normal  0.000000e+00  0.000000e+00  1.000000e+00
   outer loop
     vertex  1.883070e+02  7.836890e+00  4.000000e+00
     vertex  1.913476e+02 -3.834598e-01  4.000000e+00
     vertex  1.914820e+02 -3.669980e-01  4.000000e+00
   endloop
 endfacet
 facet normal  0.000000e+00  0.000000e+00  1.000000e+00
   outer loop
     vertex  1.883070e+02  7.836890e+00  4.000000e+00
     vertex  1.914820e+02 -3.669980e-01  4.000000e+00
     vertex  1.916159e+02 -3.469026e-01  4.000000e+00
   endloop
 endfacet
 facet normal  0.000000e+00  0.000000e+00  1.000000e+00
   outer loop
     vertex  1.883070e+02  7.836890e+00  4.000000e+00
     vertex  1.916159e+02 -3.469026e-01  4.000000e+00
     vertex  1.917492e+02 -3.231884e-01  4.000000e+00
   endloop
 endfacet
 facet normal  0.000000e+00  0.000000e+00  1.000000e+00
   outer loop
     vertex  1.883070e+02  7.836890e+00  4.000000e+00
     vertex  1.917492e+02 -3.231884e-01  4.000000e+00
     vertex  1.918819e+02 -2.958728e-01  4.000000e+00
   endloop
 endfacet
 facet normal  0.000000e+00  0.000000e+00  1.000000e+00
   outer loop
     vertex  1.883070e+02  7.836890e+00  4.000000e+00
     vertex  1.918819e+02 -2.958728e-01  4.000000e+00
     vertex  1.920137e+02 -2.649757e-01  4.000000e+00
   endloop
 endfacet
 facet normal  0.000000e+00  0.000000e+00  1.000000e+00
   outer loop
     vertex  1.883070e+02  7.836890e+00  4.000000e+00
     vertex  1.920137e+02 -2.649757e-01  4.000000e+00
     vertex  1.921446e+02 -2.305200e-01  4.000000e+00
   endloop
 endfacet
 facet normal  0.000000e+00  0.000000e+00  1.000000e+00
   outer loop
     vertex  1.883070e+02  7.836890e+00  4.000000e+00
     vertex  1.921446e+02 -2.305200e-01  4.000000e+00
     vertex  1.922746e+02 -1.925307e-01  4.000000e+00
   endloop
 endfacet
 facet normal  0.000000e+00  0.000000e+00  1.000000e+00
   outer loop
     vertex  1.883070e+02  7.836890e+00  4.000000e+00
     vertex  1.922746e+02 -1.925307e-01  4.000000e+00
     vertex  1.924035e+02 -1.510359e-01  4.000000e+00
   endloop
 endfacet
 facet normal  0.000000e+00  0.000000e+00  1.000000e+00
   outer loop
     vertex  1.883070e+02  7.836890e+00  4.000000e+00
     vertex  1.924035e+02 -1.510359e-01  4.000000e+00
     vertex  1.925312e+02 -1.060658e-01  4.000000e+00
   endloop
 endfacet
 facet normal  0.000000e+00  0.000000e+00  1.000000e+00
   outer loop
     vertex  1.883070e+02  7.836890e+00  4.000000e+00
     vertex  1.925312e+02 -1.060658e-01  4.000000e+00
     vertex  1.926577e+02 -5.765360e-02  4.000000e+00
   endloop
 endfacet
 facet normal  0.000000e+00  0.000000e+00  1.000000e+00
   outer loop
     vertex  1.883070e+02  7.836890e+00  4.000000e+00
     vertex  1.926577e+02 -5.765360e-02  4.000000e+00
     vertex  1.927828e+02 -5.834689e-03  4.000000e+00
   endloop
 endfacet
 facet normal  0.000000e+00  0.000000e+00  1.000000e+00
   outer loop
     vertex  1.883070e+02  7.836890e+00  4.000000e+00
     vertex  1.927828e+02 -5.834689e-03  4.000000e+00
     vertex  1.929064e+02  4.935290e-02  4.000000e+00
   endloop
 endfacet
 facet normal  0.000000e+00  0.000000e+00  1.000000e+00
   outer loop
     vertex  1.883070e+02  7.836890e+00  4.000000e+00
     vertex  1.929064e+02  4.935290e-02  4.000000e+00
     vertex  1.930286e+02  1.078687e-01  4.000000e+00
   endloop
 endfacet
 facet normal  0.000000e+00  0.000000e+00  1.000000e+00
   outer loop
     vertex  1.883070e+02  7.836890e+00  4.000000e+00
     vertex  1.930286e+02  1.078687e-01  4.000000e+00
     vertex  1.931490e+02  1.696698e-01  4.000000e+00
   endloop
 endfacet
 facet normal  0.000000e+00  0.000000e+00  1.000000e+00
   outer loop
     vertex  1.883070e+02  7.836890e+00  4.000000e+00
     vertex  1.931490e+02  1.696698e-01  4.000000e+00
     vertex  1.932678e+02  2.347108e-01  4.000000e+00
   endloop
 endfacet
 facet normal  0.000000e+00  0.000000e+00  1.000000e+00
   outer loop
     vertex  1.883070e+02  7.836890e+00  4.000000e+00
     vertex  1.932678e+02  2.347108e-01  4.000000e+00
     vertex  1.933848e+02  3.029441e-01  4.000000e+00
   endloop
 endfacet
 facet normal  0.000000e+00  0.000000e+00  1.000000e+00
   outer loop
     vertex  1.883070e+02  7.836890e+00  4.000000e+00
     vertex  1.933848e+02  3.029441e-01  4.000000e+00
     vertex  1.934998e+02  3.743196e-01  4.000000e+00
   endloop
 endfacet
 facet normal  0.000000e+00  0.000000e+00  1.000000e+00
   outer loop
     vertex  1.883070e+02  7.836890e+00  4.000000e+00
     vertex  1.934998e+02  3.743196e-01  4.000000e+00
     vertex  1.936129e+02  4.487850e-01  4.000000e+00
   endloop
 endfacet
 facet normal  0.000000e+00  0.000000e+00  1.000000e+00
   outer loop
     vertex  1.883070e+02  7.836890e+00  4.000000e+00
     vertex  1.936129e+02  4.487850e-01  4.000000e+00
     vertex  1.937240e+02  5.262856e-01  4.000000e+00
   endloop
 endfacet
 facet normal  0.000000e+00  0.000000e+00  1.000000e+00
   outer loop
     vertex  1.883070e+02  7.836890e+00  4.000000e+00
     vertex  1.937240e+02  5.262856e-01  4.000000e+00
     vertex  1.938329e+02  6.067647e-01  4.000000e+00
   endloop
 endfacet
 facet normal  0.000000e+00  0.000000e+00  1.000000e+00
   outer loop
     vertex  1.883070e+02  7.836890e+00  4.000000e+00
     vertex  1.938329e+02  6.067647e-01  4.000000e+00
     vertex  1.939395e+02  6.901631e-01  4.000000e+00
   endloop
 endfacet
 facet normal  0.000000e+00  0.000000e+00  1.000000e+00
   outer loop
     vertex  1.883070e+02  7.836890e+00  4.000000e+00
     vertex  1.939395e+02  6.901631e-01  4.000000e+00
     vertex  1.940439e+02  7.764197e-01  4.000000e+00
   endloop
 endfacet
 facet normal  0.000000e+00  0.000000e+00  1.000000e+00
   outer loop
     vertex  1.883070e+02  7.836890e+00  4.000000e+00
     vertex  1.940439e+02  7.764197e-01  4.000000e+00
     vertex  1.941459e+02  8.654713e-01  4.000000e+00
   endloop
 endfacet
 facet normal  0.000000e+00  0.000000e+00  1.000000e+00
   outer loop
     vertex  1.883070e+02  7.836890e+00  4.000000e+00
     vertex  1.941459e+02  8.654713e-01  4.000000e+00
     vertex  1.942455e+02  9.572525e-01  4.000000e+00
   endloop
 endfacet
 facet normal  0.000000e+00  0.000000e+00  1.000000e+00
   outer loop
     vertex  1.883070e+02  7.836890e+00  4.000000e+00
     vertex  1.942455e+02  9.572525e-01  4.000000e+00
     vertex  1.943425e+02  1.051696e+00  4.000000e+00
   endloop
 endfacet
 facet normal  0.000000e+00  0.000000e+00  1.000000e+00
   outer loop
     vertex  1.883070e+02  7.836890e+00  4.000000e+00
     vertex  1.943425e+02  1.051696e+00  4.000000e+00
     vertex  1.944370e+02  1.148733e+00  4.000000e+00
   endloop
 endfacet
 facet normal  0.000000e+00  0.000000e+00  1.000000e+00
   outer loop
     vertex  1.883070e+02  7.836890e+00  4.000000e+00
     vertex  1.944370e+02  1.148733e+00  4.000000e+00
     vertex  1.945288e+02  1.248291e+00  4.000000e+00
   endloop
 endfacet
 facet normal  0.000000e+00  0.000000e+00  1.000000e+00
   outer loop
     vertex  1.883070e+02  7.836890e+00  4.000000e+00
     vertex  1.945288e+02  1.248291e+00  4.000000e+00
     vertex  1.946178e+02  1.350299e+00  4.000000e+00
   endloop
 endfacet
 facet normal  0.000000e+00  0.000000e+00  1.000000e+00
   outer loop
     vertex  1.883070e+02  7.836890e+00  4.000000e+00
     vertex  1.744070e+02  7.836890e+00  4.000000e+00
     vertex  1.908070e+02 -4.127700e-01  4.000000e+00
   endloop
 endfacet
 facet normal  0.000000e+00  0.000000e+00  1.000000e+00
   outer loop
     vertex  1.692570e+02  2.688690e+01  4.000000e+00
     vertex  1.553570e+02  2.173720e+01  4.000000e+00
     vertex  1.692570e+02  2.173720e+01  4.000000e+00
   endloop
 endfacet
 facet normal  0.000000e+00  0.000000e+00  1.000000e+00
   outer loop
     vertex  1.692570e+02  2.688690e+01  4.000000e+00
     vertex  1.553570e+02  2.688690e+01  4.000000e+00
     vertex  1.553570e+02  2.173720e+01  4.000000e+00
   endloop
 endfacet
 facet normal  0.000000e+00  0.000000e+00  1.000000e+00
   outer loop
     vertex  1.121070e+02  8.403700e+01  4.000000e+00
     vertex  9.820730e+01  8.403700e+01  4.000000e+00
     vertex  1.077320e+02  7.888710e+01  4.000000e+00
   endloop
 endfacet
 facet normal  0.000000e+00  0.000000e+00  1.000000e+00
   outer loop
     vertex  8.829500e+01  1.078490e+02  4.000000e+00
     vertex  7.439620e+01  1.078490e+02  4.000000e+00
     vertex  7.915730e+01  9.793710e+01  4.000000e+00
   endloop
 endfacet
 facet normal  0.000000e+00  0.000000e+00  1.000000e+00
   outer loop
     vertex  8.829500e+01  1.078490e+02  4.000000e+00
     vertex  7.915730e+01  9.793710e+01  4.000000e+00
     vertex  9.305750e+01  9.793710e+01  4.000000e+00
   endloop
 endfacet
 facet normal  0.000000e+00  0.000000e+00  1.000000e+00
   outer loop
     vertex  1.553570e+02  4.078710e+01  4.000000e+00
     vertex  1.430640e+02  2.688690e+01  4.000000e+00
     vertex  1.553570e+02  2.688690e+01  4.000000e+00
   endloop
 endfacet
 facet normal  0.000000e+00  0.000000e+00  1.000000e+00
   outer loop
     vertex  1.553570e+02  4.078710e+01  4.000000e+00
     vertex  1.430640e+02  4.078710e+01  4.000000e+00
     vertex  1.430640e+02  2.688690e+01  4.000000e+00
   endloop
 endfacet
 facet normal  0.000000e+00  0.000000e+00  1.000000e+00
   outer loop
     vertex  1.553570e+02  4.078710e+01  4.000000e+00
     vertex  1.434510e+02  4.593700e+01  4.000000e+00
     vertex  1.430640e+02  4.078710e+01  4.000000e+00
   endloop
 endfacet
 facet normal  0.000000e+00  0.000000e+00  1.000000e+00
   outer loop
     vertex  7.439620e+01  1.217480e+02  4.000000e+00
     vertex  6.924500e+01  1.217480e+02  4.000000e+00
     vertex  6.924500e+01  1.078490e+02  4.000000e+00
   endloop
 endfacet
 facet normal  0.000000e+00  0.000000e+00  1.000000e+00
   outer loop
     vertex  7.439620e+01  1.217480e+02  4.000000e+00
     vertex  6.924500e+01  1.078490e+02  4.000000e+00
     vertex  7.439620e+01  1.078490e+02  4.000000e+00
   endloop
 endfacet
 facet normal  0.000000e+00  0.000000e+00  1.000000e+00
   outer loop
     vertex  1.744070e+02  2.173720e+01  4.000000e+00
     vertex  1.692570e+02  2.173720e+01  4.000000e+00
     vertex  1.692570e+02  7.836890e+00  4.000000e+00
   endloop
 endfacet
 facet normal  0.000000e+00  0.000000e+00  1.000000e+00
   outer loop
     vertex  1.744070e+02  2.173720e+01  4.000000e+00
     vertex  1.692570e+02  7.836890e+00  4.000000e+00
     vertex  1.744070e+02  7.836890e+00  4.000000e+00
   endloop
 endfacet
 facet normal  0.000000e+00  0.000000e+00  1.000000e+00
   outer loop
     vertex  9.820730e+01  9.793710e+01  4.000000e+00
     vertex  9.305750e+01  9.793710e+01  4.000000e+00
     vertex  9.305750e+01  8.403700e+01  4.000000e+00
   endloop
 endfacet
 facet normal  0.000000e+00  0.000000e+00  1.000000e+00
   outer loop
     vertex  9.820730e+01  9.793710e+01  4.000000e+00
     vertex  9.305750e+01  8.403700e+01  4.000000e+00
     vertex  9.820730e+01  8.403700e+01  4.000000e+00
   endloop
 endfacet
 facet normal  0.000000e+00  0.000000e+00  1.000000e+00
   outer loop
     vertex  1.947041e+02  1.454680e+00  4.000000e+00
     vertex  1.883070e+02  7.836890e+00  4.000000e+00
     vertex  1.946178e+02  1.350299e+00  4.000000e+00
   endloop
 endfacet
 facet normal  0.000000e+00  0.000000e+00  1.000000e+00
   outer loop
     vertex  1.369010e+02  5.928750e+01  4.000000e+00
     vertex  1.351760e+02  5.836670e+01  4.000000e+00
     vertex  1.369010e+02  5.836670e+01  4.000000e+00
   endloop
 endfacet
 facet normal  0.000000e+00  0.000000e+00  1.000000e+00
   outer loop
     vertex  1.369010e+02  5.928750e+01  4.000000e+00
     vertex  1.267820e+02  6.498700e+01  4.000000e+00
     vertex  1.351760e+02  5.836670e+01  4.000000e+00
   endloop
 endfacet
 facet normal  0.000000e+00  0.000000e+00  1.000000e+00
   outer loop
     vertex  1.947875e+02  1.561359e+00  4.000000e+00
     vertex  1.883070e+02  7.836890e+00  4.000000e+00
     vertex  1.947041e+02  1.454680e+00  4.000000e+00
   endloop
 endfacet
 facet normal  0.000000e+00  0.000000e+00  1.000000e+00
   outer loop
     vertex  1.948679e+02  1.670257e+00  4.000000e+00
     vertex  1.883070e+02  7.836890e+00  4.000000e+00
     vertex  1.947875e+02  1.561359e+00  4.000000e+00
   endloop
 endfacet
 facet normal  0.000000e+00  0.000000e+00  1.000000e+00
   outer loop
     vertex  1.949454e+02  1.781295e+00  4.000000e+00
     vertex  1.883070e+02  7.836890e+00  4.000000e+00
     vertex  1.948679e+02  1.670257e+00  4.000000e+00
   endloop
 endfacet
 facet normal  0.000000e+00  0.000000e+00  1.000000e+00
   outer loop
     vertex  1.950199e+02  1.894390e+00  4.000000e+00
     vertex  1.883070e+02  7.836890e+00  4.000000e+00
     vertex  1.949454e+02  1.781295e+00  4.000000e+00
   endloop
 endfacet
 facet normal  0.000000e+00  0.000000e+00  1.000000e+00
   outer loop
     vertex  1.950913e+02  2.009461e+00  4.000000e+00
     vertex  1.883070e+02  7.836890e+00  4.000000e+00
     vertex  1.950199e+02  1.894390e+00  4.000000e+00
   endloop
 endfacet
 facet normal  0.000000e+00  0.000000e+00  1.000000e+00
   outer loop
     vertex  1.951595e+02  2.126422e+00  4.000000e+00
     vertex  1.883070e+02  7.836890e+00  4.000000e+00
     vertex  1.950913e+02  2.009461e+00  4.000000e+00
   endloop
 endfacet
 facet normal  0.000000e+00  0.000000e+00  1.000000e+00
   outer loop
     vertex  1.952246e+02  2.245188e+00  4.000000e+00
     vertex  1.883070e+02  7.836890e+00  4.000000e+00
     vertex  1.951595e+02  2.126422e+00  4.000000e+00
   endloop
 endfacet
 facet normal  0.000000e+00  0.000000e+00  1.000000e+00
   outer loop
     vertex  1.952864e+02  2.365671e+00  4.000000e+00
     vertex  1.883070e+02  7.836890e+00  4.000000e+00
     vertex  1.952246e+02  2.245188e+00  4.000000e+00
   endloop
 endfacet
 facet normal  0.000000e+00  0.000000e+00  1.000000e+00
   outer loop
     vertex  1.953449e+02  2.487784e+00  4.000000e+00
     vertex  1.883070e+02  7.836890e+00  4.000000e+00
     vertex  1.952864e+02  2.365671e+00  4.000000e+00
   endloop
 endfacet
 facet normal  0.000000e+00  0.000000e+00  1.000000e+00
   outer loop
     vertex  1.954001e+02  2.611437e+00  4.000000e+00
     vertex  1.883070e+02  7.836890e+00  4.000000e+00
     vertex  1.953449e+02  2.487784e+00  4.000000e+00
   endloop
 endfacet
 facet normal  0.000000e+00  0.000000e+00  1.000000e+00
   outer loop
     vertex  1.954519e+02  2.736539e+00  4.000000e+00
     vertex  1.883070e+02  7.836890e+00  4.000000e+00
     vertex  1.954001e+02  2.611437e+00  4.000000e+00
   endloop
 endfacet
 facet normal  0.000000e+00  0.000000e+00  1.000000e+00
   outer loop
     vertex  1.955003e+02  2.862998e+00  4.000000e+00
     vertex  1.883070e+02  7.836890e+00  4.000000e+00
     vertex  1.954519e+02  2.736539e+00  4.000000e+00
   endloop
 endfacet
 facet normal  0.000000e+00  0.000000e+00  1.000000e+00
   outer loop
     vertex  1.955453e+02  2.990722e+00  4.000000e+00
     vertex  1.883070e+02  7.836890e+00  4.000000e+00
     vertex  1.955003e+02  2.862998e+00  4.000000e+00
   endloop
 endfacet
 facet normal  0.000000e+00  0.000000e+00  1.000000e+00
   outer loop
     vertex  1.955868e+02  3.119617e+00  4.000000e+00
     vertex  1.883070e+02  7.836890e+00  4.000000e+00
     vertex  1.955453e+02  2.990722e+00  4.000000e+00
   endloop
 endfacet
 facet normal  0.000000e+00  0.000000e+00  1.000000e+00
   outer loop
     vertex  1.956247e+02  3.249588e+00  4.000000e+00
     vertex  1.883070e+02  7.836890e+00  4.000000e+00
     vertex  1.955868e+02  3.119617e+00  4.000000e+00
   endloop
 endfacet
 facet normal  0.000000e+00  0.000000e+00  1.000000e+00
   outer loop
     vertex  1.956592e+02  3.380541e+00  4.000000e+00
     vertex  1.883070e+02  7.836890e+00  4.000000e+00
     vertex  1.956247e+02  3.249588e+00  4.000000e+00
   endloop
 endfacet
 facet normal  0.000000e+00  0.000000e+00  1.000000e+00
   outer loop
     vertex  1.956901e+02  3.512378e+00  4.000000e+00
     vertex  1.883070e+02  7.836890e+00  4.000000e+00
     vertex  1.956592e+02  3.380541e+00  4.000000e+00
   endloop
 endfacet
 facet normal  0.000000e+00  0.000000e+00  1.000000e+00
   outer loop
     vertex  1.957174e+02  3.645003e+00  4.000000e+00
     vertex  1.883070e+02  7.836890e+00  4.000000e+00
     vertex  1.956901e+02  3.512378e+00  4.000000e+00
   endloop
 endfacet
 facet normal  0.000000e+00  0.000000e+00  1.000000e+00
   outer loop
     vertex  1.957411e+02  3.778320e+00  4.000000e+00
     vertex  1.883070e+02  7.836890e+00  4.000000e+00
     vertex  1.957174e+02  3.645003e+00  4.000000e+00
   endloop
 endfacet
 facet normal  0.000000e+00  0.000000e+00  1.000000e+00
   outer loop
     vertex  1.957612e+02  3.912230e+00  4.000000e+00
     vertex  1.883070e+02  7.836890e+00  4.000000e+00
     vertex  1.957411e+02  3.778320e+00  4.000000e+00
   endloop
 endfacet
 facet normal  0.000000e+00  0.000000e+00  1.000000e+00
   outer loop
     vertex  1.957777e+02  4.046635e+00  4.000000e+00
     vertex  1.883070e+02  7.836890e+00  4.000000e+00
     vertex  1.957612e+02  3.912230e+00  4.000000e+00
   endloop
 endfacet
 facet normal  0.000000e+00  0.000000e+00  1.000000e+00
   outer loop
     vertex  1.957905e+02  4.181436e+00  4.000000e+00
     vertex  1.883070e+02  7.836890e+00  4.000000e+00
     vertex  1.957777e+02  4.046635e+00  4.000000e+00
   endloop
 endfacet
 facet normal  0.000000e+00  0.000000e+00  1.000000e+00
   outer loop
     vertex  1.957997e+02  4.316535e+00  4.000000e+00
     vertex  1.883070e+02  7.836890e+00  4.000000e+00
     vertex  1.957905e+02  4.181436e+00  4.000000e+00
   endloop
 endfacet
 facet normal  0.000000e+00  0.000000e+00  1.000000e+00
   outer loop
     vertex  1.418260e+02  5.836670e+01  4.000000e+00
     vertex  1.401010e+02  5.928750e+01  4.000000e+00
     vertex  1.401010e+02  5.836670e+01  4.000000e+00
   endloop
 endfacet
 facet normal  0.000000e+00  0.000000e+00  1.000000e+00
   outer loop
     vertex  1.418260e+02  5.836670e+01  4.000000e+00
     vertex  1.418260e+02  5.513670e+01  4.000000e+00
     vertex  1.434510e+02  5.513670e+01  4.000000e+00
   endloop
 endfacet
 facet normal  0.000000e+00  0.000000e+00  1.000000e+00
   outer loop
     vertex  1.958052e+02  4.451833e+00  4.000000e+00
     vertex  1.883070e+02  7.836890e+00  4.000000e+00
     vertex  1.957997e+02  4.316535e+00  4.000000e+00
   endloop
 endfacet
 facet normal  0.000000e+00  0.000000e+00  1.000000e+00
   outer loop
     vertex  1.958070e+02  4.587230e+00  4.000000e+00
     vertex  1.883070e+02  7.836890e+00  4.000000e+00
     vertex  1.958052e+02  4.451833e+00  4.000000e+00
   endloop
 endfacet
 facet normal  0.000000e+00  0.000000e+00  1.000000e+00
   outer loop
     vertex  1.216320e+02  7.888710e+01  4.000000e+00
     vertex  1.216320e+02  6.498700e+01  4.000000e+00
     vertex  1.267820e+02  6.498700e+01  4.000000e+00
   endloop
 endfacet
 facet normal  0.000000e+00  0.000000e+00  1.000000e+00
   outer loop
     vertex  1.744070e+02  2.688690e+01  4.000000e+00
     vertex  1.692570e+02  2.688690e+01  4.000000e+00
     vertex  1.692570e+02  2.173720e+01  4.000000e+00
   endloop
 endfacet
 facet normal  0.000000e+00  0.000000e+00  1.000000e+00
   outer loop
     vertex  1.744070e+02  2.688690e+01  4.000000e+00
     vertex  1.692570e+02  2.173720e+01  4.000000e+00
     vertex  1.744070e+02  2.173720e+01  4.000000e+00
   endloop
 endfacet
 facet normal  0.000000e+00  0.000000e+00  1.000000e+00
   outer loop
     vertex  1.172570e+02  8.403700e+01  4.000000e+00
     vertex  1.077320e+02  7.888710e+01  4.000000e+00
     vertex  1.216320e+02  7.888710e+01  4.000000e+00
   endloop
 endfacet
 facet normal  0.000000e+00  0.000000e+00  1.000000e+00
   outer loop
     vertex  1.172570e+02  8.403700e+01  4.000000e+00
     vertex  1.121070e+02  8.403700e+01  4.000000e+00
     vertex  1.077320e+02  7.888710e+01  4.000000e+00
   endloop
 endfacet
 facet normal  0.000000e+00  0.000000e+00  1.000000e+00
   outer loop
     vertex  9.344620e+01  1.078490e+02  4.000000e+00
     vertex  8.829500e+01  1.078490e+02  4.000000e+00
     vertex  9.305750e+01  9.793710e+01  4.000000e+00
   endloop
 endfacet
 facet normal  0.000000e+00  0.000000e+00  1.000000e+00
   outer loop
     vertex  9.344620e+01  1.078490e+02  4.000000e+00
     vertex  9.305750e+01  9.793710e+01  4.000000e+00
     vertex  9.820730e+01  9.793710e+01  4.000000e+00
   endloop
 endfacet
 facet normal  0.000000e+00  0.000000e+00  1.000000e+00
   outer loop
     vertex  1.573510e+02  4.593700e+01  4.000000e+00
     vertex  1.434510e+02  4.593700e+01  4.000000e+00
     vertex  1.553570e+02  4.078710e+01  4.000000e+00
   endloop
 endfacet
 facet normal  0.000000e+00  0.000000e+00  1.000000e+00
   outer loop
     vertex  1.434510e+02  5.983710e+01  4.000000e+00
     vertex  1.401010e+02  5.928750e+01  4.000000e+00
     vertex  1.418260e+02  5.836670e+01  4.000000e+00
   endloop
 endfacet
 facet normal  0.000000e+00  0.000000e+00  1.000000e+00
   outer loop
     vertex  1.434510e+02  5.983710e+01  4.000000e+00
     vertex  1.418260e+02  5.836670e+01  4.000000e+00
     vertex  1.434510e+02  5.513670e+01  4.000000e+00
   endloop
 endfacet
 facet normal  0.000000e+00  0.000000e+00  1.000000e+00
   outer loop
     vertex  1.406820e+02  6.498700e+01  4.000000e+00
     vertex  1.369010e+02  5.928750e+01  4.000000e+00
     vertex  1.401010e+02  5.928750e+01  4.000000e+00
   endloop
 endfacet
 facet normal  0.000000e+00  0.000000e+00  1.000000e+00
   outer loop
     vertex  1.406820e+02  6.498700e+01  4.000000e+00
     vertex  1.401010e+02  5.928750e+01  4.000000e+00
     vertex  1.434510e+02  5.983710e+01  4.000000e+00
   endloop
 endfacet
 facet normal  0.000000e+00  0.000000e+00  1.000000e+00
   outer loop
     vertex  1.406820e+02  6.498700e+01  4.000000e+00
     vertex  1.267820e+02  6.498700e+01  4.000000e+00
     vertex  1.369010e+02  5.928750e+01  4.000000e+00
   endloop
 endfacet
 facet normal  0.000000e+00  0.000000e+00  1.000000e+00
   outer loop
     vertex  1.267820e+02  7.888710e+01  4.000000e+00
     vertex  1.216320e+02  7.888710e+01  4.000000e+00
     vertex  1.267820e+02  6.498700e+01  4.000000e+00
   endloop
 endfacet
 facet normal  0.000000e+00  0.000000e+00  1.000000e+00
   outer loop
     vertex  1.607010e+02  4.518730e+01  4.000000e+00
     vertex  1.589760e+02  4.616700e+01  4.000000e+00
     vertex  1.573510e+02  4.593700e+01  4.000000e+00
   endloop
 endfacet
 facet normal  0.000000e+00  0.000000e+00  1.000000e+00
   outer loop
     vertex  1.607010e+02  4.518730e+01  4.000000e+00
     vertex  1.573510e+02  4.593700e+01  4.000000e+00
     vertex  1.553570e+02  4.078710e+01  4.000000e+00
   endloop
 endfacet
 facet normal  0.000000e+00  0.000000e+00  1.000000e+00
   outer loop
     vertex  1.607010e+02  4.616700e+01  4.000000e+00
     vertex  1.589760e+02  4.616700e+01  4.000000e+00
     vertex  1.607010e+02  4.518730e+01  4.000000e+00
   endloop
 endfacet
 facet normal  0.000000e+00  0.000000e+00  1.000000e+00
   outer loop
     vertex  1.573510e+02  5.063740e+01  4.000000e+00
     vertex  1.573510e+02  4.593700e+01  4.000000e+00
     vertex  1.589760e+02  4.616700e+01  4.000000e+00
   endloop
 endfacet
 facet normal  0.000000e+00  0.000000e+00  1.000000e+00
   outer loop
     vertex  1.639010e+02  4.518730e+01  4.000000e+00
     vertex  1.607010e+02  4.518730e+01  4.000000e+00
     vertex  1.553570e+02  4.078710e+01  4.000000e+00
   endloop
 endfacet
 facet normal  0.000000e+00  0.000000e+00  1.000000e+00
   outer loop
     vertex  1.589760e+02  5.063740e+01  4.000000e+00
     vertex  1.573510e+02  5.063740e+01  4.000000e+00
     vertex  1.589760e+02  4.616700e+01  4.000000e+00
   endloop
 endfacet
 facet normal  0.000000e+00  0.000000e+00  1.000000e+00
   outer loop
     vertex  1.692570e+02  4.078710e+01  4.000000e+00
     vertex  1.639010e+02  4.518730e+01  4.000000e+00
     vertex  1.553570e+02  4.078710e+01  4.000000e+00
   endloop
 endfacet
 facet normal  0.000000e+00  0.000000e+00  1.000000e+00
   outer loop
     vertex  1.883070e+02  2.173720e+01  4.000000e+00
     vertex  1.883070e+02  7.836890e+00  4.000000e+00
     vertex  1.958070e+02  4.587230e+00  4.000000e+00
   endloop
 endfacet
 facet normal  0.000000e+00  0.000000e+00  1.000000e+00
   outer loop
     vertex  1.656260e+02  4.616700e+01  4.000000e+00
     vertex  1.639010e+02  4.518730e+01  4.000000e+00
     vertex  1.692570e+02  4.078710e+01  4.000000e+00
   endloop
 endfacet
 facet normal  0.000000e+00  0.000000e+00  1.000000e+00
   outer loop
     vertex  1.656260e+02  4.616700e+01  4.000000e+00
     vertex  1.639010e+02  4.616700e+01  4.000000e+00
     vertex  1.639010e+02  4.518730e+01  4.000000e+00
   endloop
 endfacet
 facet normal  0.000000e+00  0.000000e+00  1.000000e+00
   outer loop
     vertex  1.883070e+02  2.688690e+01  4.000000e+00
     vertex  1.883070e+02  2.173720e+01  4.000000e+00
     vertex  1.958070e+02  4.587230e+00  4.000000e+00
   endloop
 endfacet
 facet normal  0.000000e+00  0.000000e+00  1.000000e+00
   outer loop
     vertex  1.883070e+02  2.688690e+01  4.000000e+00
     vertex  1.744070e+02  2.688690e+01  4.000000e+00
     vertex  1.744070e+02  2.173720e+01  4.000000e+00
   endloop
 endfacet
 facet normal  0.000000e+00  0.000000e+00  1.000000e+00
   outer loop
     vertex  1.883070e+02  2.688690e+01  4.000000e+00
     vertex  1.744070e+02  2.173720e+01  4.000000e+00
     vertex  1.883070e+02  2.173720e+01  4.000000e+00
   endloop
 endfacet
 facet normal  0.000000e+00  0.000000e+00  1.000000e+00
   outer loop
     vertex  1.311570e+02  8.403700e+01  4.000000e+00
     vertex  1.172570e+02  8.403700e+01  4.000000e+00
     vertex  1.216320e+02  7.888710e+01  4.000000e+00
   endloop
 endfacet
 facet normal  0.000000e+00  0.000000e+00  1.000000e+00
   outer loop
     vertex  1.311570e+02  8.403700e+01  4.000000e+00
     vertex  1.216320e+02  7.888710e+01  4.000000e+00
     vertex  1.267820e+02  7.888710e+01  4.000000e+00
   endloop
 endfacet
 facet normal  0.000000e+00  0.000000e+00  1.000000e+00
   outer loop
     vertex  1.073450e+02  1.078490e+02  4.000000e+00
     vertex  9.344620e+01  1.078490e+02  4.000000e+00
     vertex  9.820730e+01  9.793710e+01  4.000000e+00
   endloop
 endfacet
 facet normal  0.000000e+00  0.000000e+00  1.000000e+00
   outer loop
     vertex  1.073450e+02  1.078490e+02  4.000000e+00
     vertex  9.820730e+01  9.793710e+01  4.000000e+00
     vertex  1.121070e+02  9.793710e+01  4.000000e+00
   endloop
 endfacet
 facet normal  0.000000e+00  0.000000e+00  1.000000e+00
   outer loop
     vertex  1.172570e+02  9.793710e+01  4.000000e+00
     vertex  1.121070e+02  8.403700e+01  4.000000e+00
     vertex  1.172570e+02  8.403700e+01  4.000000e+00
   endloop
 endfacet
 facet normal  0.000000e+00  0.000000e+00  1.000000e+00
   outer loop
     vertex  1.172570e+02  9.793710e+01  4.000000e+00
     vertex  1.121070e+02  9.793710e+01  4.000000e+00
     vertex  1.121070e+02  8.403700e+01  4.000000e+00
   endloop
 endfacet
 facet normal  0.000000e+00  0.000000e+00  1.000000e+00
   outer loop
     vertex  1.744070e+02  4.078710e+01  4.000000e+00
     vertex  1.692570e+02  2.688690e+01  4.000000e+00
     vertex  1.744070e+02  2.688690e+01  4.000000e+00
   endloop
 endfacet
 facet normal  0.000000e+00  0.000000e+00  1.000000e+00
   outer loop
     vertex  1.744070e+02  4.078710e+01  4.000000e+00
     vertex  1.692570e+02  4.078710e+01  4.000000e+00
     vertex  1.692570e+02  2.688690e+01  4.000000e+00
   endloop
 endfacet
 facet normal  0.000000e+00  0.000000e+00  1.000000e+00
   outer loop
     vertex  9.344620e+01  1.217480e+02  4.000000e+00
     vertex  8.829500e+01  1.078490e+02  4.000000e+00
     vertex  9.344620e+01  1.078490e+02  4.000000e+00
   endloop
 endfacet
 facet normal  0.000000e+00  0.000000e+00  1.000000e+00
   outer loop
     vertex  9.344620e+01  1.217480e+02  4.000000e+00
     vertex  8.829500e+01  1.217480e+02  4.000000e+00
     vertex  8.829500e+01  1.078490e+02  4.000000e+00
   endloop
 endfacet
 facet normal  0.000000e+00  0.000000e+00  1.000000e+00
   outer loop
     vertex  1.505960e+02  6.498700e+01  4.000000e+00
     vertex  1.406820e+02  6.498700e+01  4.000000e+00
     vertex  1.434510e+02  5.983710e+01  4.000000e+00
   endloop
 endfacet
 facet normal  0.000000e+00  0.000000e+00  1.000000e+00
   outer loop
     vertex  1.573510e+02  5.983710e+01  4.000000e+00
     vertex  1.505960e+02  6.498700e+01  4.000000e+00
     vertex  1.434510e+02  5.983710e+01  4.000000e+00
   endloop
 endfacet
 facet normal  0.000000e+00  0.000000e+00  1.000000e+00
   outer loop
     vertex  1.589760e+02  5.836670e+01  4.000000e+00
     vertex  1.573510e+02  5.983710e+01  4.000000e+00
     vertex  1.573510e+02  5.513670e+01  4.000000e+00
   endloop
 endfacet
 facet normal  0.000000e+00  0.000000e+00  1.000000e+00
   outer loop
     vertex  1.589760e+02  5.836670e+01  4.000000e+00
     vertex  1.573510e+02  5.513670e+01  4.000000e+00
     vertex  1.589760e+02  5.513670e+01  4.000000e+00
   endloop
 endfacet
 facet normal  0.000000e+00  0.000000e+00  1.000000e+00
   outer loop
     vertex  1.664520e+02  5.243720e+01  4.000000e+00
     vertex  1.656260e+02  5.243720e+01  4.000000e+00
     vertex  1.656260e+02  4.616700e+01  4.000000e+00
   endloop
 endfacet
 facet normal  0.000000e+00  0.000000e+00  1.000000e+00
   outer loop
     vertex  1.406820e+02  7.888710e+01  4.000000e+00
     vertex  1.311570e+02  8.403700e+01  4.000000e+00
     vertex  1.267820e+02  7.888710e+01  4.000000e+00
   endloop
 endfacet
 facet normal  0.000000e+00  0.000000e+00  1.000000e+00
   outer loop
     vertex  1.607010e+02  5.928750e+01  4.000000e+00
     vertex  1.573510e+02  5.983710e+01  4.000000e+00
     vertex  1.589760e+02  5.836670e+01  4.000000e+00
   endloop
 endfacet
 facet normal  0.000000e+00  0.000000e+00  1.000000e+00
   outer loop
     vertex  1.607010e+02  5.928750e+01  4.000000e+00
     vertex  1.589760e+02  5.836670e+01  4.000000e+00
     vertex  1.607010e+02  5.836670e+01  4.000000e+00
   endloop
 endfacet
 facet normal  0.000000e+00  0.000000e+00  1.000000e+00
   outer loop
     vertex  1.744070e+02  4.593700e+01  4.000000e+00
     vertex  1.656260e+02  4.616700e+01  4.000000e+00
     vertex  1.692570e+02  4.078710e+01  4.000000e+00
   endloop
 endfacet
 facet normal  0.000000e+00  0.000000e+00  1.000000e+00
   outer loop
     vertex  1.744070e+02  4.593700e+01  4.000000e+00
     vertex  1.692570e+02  4.078710e+01  4.000000e+00
     vertex  1.744070e+02  4.078710e+01  4.000000e+00
   endloop
 endfacet
 facet normal  0.000000e+00  0.000000e+00  1.000000e+00
   outer loop
     vertex  1.744070e+02  4.593700e+01  4.000000e+00
     vertex  1.664520e+02  5.243720e+01  4.000000e+00
     vertex  1.656260e+02  4.616700e+01  4.000000e+00
   endloop
 endfacet
 facet normal  0.000000e+00  0.000000e+00  1.000000e+00
   outer loop
     vertex  1.124950e+02  1.078490e+02  4.000000e+00
     vertex  1.073450e+02  1.078490e+02  4.000000e+00
     vertex  1.121070e+02  9.793710e+01  4.000000e+00
   endloop
 endfacet
 facet normal  0.000000e+00  0.000000e+00  1.000000e+00
   outer loop
     vertex  1.124950e+02  1.078490e+02  4.000000e+00
     vertex  1.121070e+02  9.793710e+01  4.000000e+00
     vertex  1.172570e+02  9.793710e+01  4.000000e+00
   endloop
 endfacet
 facet normal  0.000000e+00  0.000000e+00  1.000000e+00
   outer loop
     vertex  1.375570e+02  8.426700e+01  4.000000e+00
     vertex  1.311570e+02  8.403700e+01  4.000000e+00
     vertex  1.406820e+02  7.888710e+01  4.000000e+00
   endloop
 endfacet
 facet normal  0.000000e+00  0.000000e+00  1.000000e+00
   outer loop
     vertex  1.392820e+02  8.328730e+01  4.000000e+00
     vertex  1.375570e+02  8.426700e+01  4.000000e+00
     vertex  1.406820e+02  7.888710e+01  4.000000e+00
   endloop
 endfacet
 facet normal  0.000000e+00  0.000000e+00  1.000000e+00
   outer loop
     vertex  1.392820e+02  8.426700e+01  4.000000e+00
     vertex  1.375570e+02  8.426700e+01  4.000000e+00
     vertex  1.392820e+02  8.328730e+01  4.000000e+00
   endloop
 endfacet
 facet normal  0.000000e+00  0.000000e+00  1.000000e+00
   outer loop
     vertex  1.656260e+02  5.836670e+01  4.000000e+00
     vertex  1.639010e+02  5.928750e+01  4.000000e+00
     vertex  1.639010e+02  5.836670e+01  4.000000e+00
   endloop
 endfacet
 facet normal  0.000000e+00  0.000000e+00  1.000000e+00
   outer loop
     vertex  1.656260e+02  5.836670e+01  4.000000e+00
     vertex  1.656260e+02  5.513670e+01  4.000000e+00
     vertex  1.664520e+02  5.513670e+01  4.000000e+00
   endloop
 endfacet
 facet normal  0.000000e+00  0.000000e+00  1.000000e+00
   outer loop
     vertex  1.424820e+02  8.328730e+01  4.000000e+00
     vertex  1.392820e+02  8.328730e+01  4.000000e+00
     vertex  1.406820e+02  7.888710e+01  4.000000e+00
   endloop
 endfacet
 facet normal  0.000000e+00  0.000000e+00  1.000000e+00
   outer loop
     vertex  1.367330e+02  9.053720e+01  4.000000e+00
     vertex  1.311570e+02  8.403700e+01  4.000000e+00
     vertex  1.375570e+02  8.426700e+01  4.000000e+00
   endloop
 endfacet
 facet normal  0.000000e+00  0.000000e+00  1.000000e+00
   outer loop
     vertex  1.375570e+02  9.053720e+01  4.000000e+00
     vertex  1.367330e+02  9.053720e+01  4.000000e+00
     vertex  1.375570e+02  8.426700e+01  4.000000e+00
   endloop
 endfacet
 facet normal  0.000000e+00  0.000000e+00  1.000000e+00
   outer loop
     vertex  1.442070e+02  8.426700e+01  4.000000e+00
     vertex  1.424820e+02  8.426700e+01  4.000000e+00
     vertex  1.424820e+02  8.328730e+01  4.000000e+00
   endloop
 endfacet
 facet normal  0.000000e+00  0.000000e+00  1.000000e+00
   outer loop
     vertex  1.311570e+02  9.793710e+01  4.000000e+00
     vertex  1.311570e+02  8.403700e+01  4.000000e+00
     vertex  1.367330e+02  9.053720e+01  4.000000e+00
   endloop
 endfacet
 facet normal  0.000000e+00  0.000000e+00  1.000000e+00
   outer loop
     vertex  1.883070e+02  4.078710e+01  4.000000e+00
     vertex  1.883070e+02  2.688690e+01  4.000000e+00
     vertex  1.958070e+02  4.587230e+00  4.000000e+00
   endloop
 endfacet
 facet normal  0.000000e+00  0.000000e+00  1.000000e+00
   outer loop
     vertex  1.883070e+02  4.078710e+01  4.000000e+00
     vertex  1.744070e+02  4.593700e+01  4.000000e+00
     vertex  1.744070e+02  4.078710e+01  4.000000e+00
   endloop
 endfacet
 facet normal  0.000000e+00  0.000000e+00  1.000000e+00
   outer loop
     vertex  1.644950e+02  6.498700e+01  4.000000e+00
     vertex  1.639010e+02  5.928750e+01  4.000000e+00
     vertex  1.656260e+02  5.836670e+01  4.000000e+00
   endloop
 endfacet
 facet normal  0.000000e+00  0.000000e+00  1.000000e+00
   outer loop
     vertex  1.644950e+02  6.498700e+01  4.000000e+00
     vertex  1.607010e+02  5.928750e+01  4.000000e+00
     vertex  1.639010e+02  5.928750e+01  4.000000e+00
   endloop
 endfacet
 facet normal  0.000000e+00  0.000000e+00  1.000000e+00
   outer loop
     vertex  1.644950e+02  6.498700e+01  4.000000e+00
     vertex  1.505960e+02  6.498700e+01  4.000000e+00
     vertex  1.573510e+02  5.983710e+01  4.000000e+00
   endloop
 endfacet
 facet normal  0.000000e+00  0.000000e+00  1.000000e+00
   outer loop
     vertex  1.644950e+02  6.498700e+01  4.000000e+00
     vertex  1.573510e+02  5.983710e+01  4.000000e+00
     vertex  1.607010e+02  5.928750e+01  4.000000e+00
   endloop
 endfacet
 facet normal  0.000000e+00  0.000000e+00  1.000000e+00
   outer loop
     vertex  1.505960e+02  7.888710e+01  4.000000e+00
     vertex  1.406820e+02  6.498700e+01  4.000000e+00
     vertex  1.505960e+02  6.498700e+01  4.000000e+00
   endloop
 endfacet
 facet normal  0.000000e+00  0.000000e+00  1.000000e+00
   outer loop
     vertex  1.505960e+02  7.888710e+01  4.000000e+00
     vertex  1.406820e+02  7.888710e+01  4.000000e+00
     vertex  1.406820e+02  6.498700e+01  4.000000e+00
   endloop
 endfacet
 facet normal  0.000000e+00  0.000000e+00  1.000000e+00
   outer loop
     vertex  1.458320e+02  8.403700e+01  4.000000e+00
     vertex  1.442070e+02  8.426700e+01  4.000000e+00
     vertex  1.424820e+02  8.328730e+01  4.000000e+00
   endloop
 endfacet
 facet normal  0.000000e+00  0.000000e+00  1.000000e+00
   outer loop
     vertex  1.458320e+02  8.403700e+01  4.000000e+00
     vertex  1.406820e+02  7.888710e+01  4.000000e+00
     vertex  1.505960e+02  7.888710e+01  4.000000e+00
   endloop
 endfacet
 facet normal  0.000000e+00  0.000000e+00  1.000000e+00
   outer loop
     vertex  1.458320e+02  8.403700e+01  4.000000e+00
     vertex  1.424820e+02  8.328730e+01  4.000000e+00
     vertex  1.406820e+02  7.888710e+01  4.000000e+00
   endloop
 endfacet
 facet normal  0.000000e+00  0.000000e+00  1.000000e+00
   outer loop
     vertex  1.367330e+02  9.323670e+01  4.000000e+00
     vertex  1.311570e+02  9.793710e+01  4.000000e+00
     vertex  1.367330e+02  9.053720e+01  4.000000e+00
   endloop
 endfacet
 facet normal  0.000000e+00  0.000000e+00  1.000000e+00
   outer loop
     vertex  1.375570e+02  9.646670e+01  4.000000e+00
     vertex  1.311570e+02  9.793710e+01  4.000000e+00
     vertex  1.367330e+02  9.323670e+01  4.000000e+00
   endloop
 endfacet
 facet normal  0.000000e+00  0.000000e+00  1.000000e+00
   outer loop
     vertex  1.375570e+02  9.646670e+01  4.000000e+00
     vertex  1.367330e+02  9.323670e+01  4.000000e+00
     vertex  1.375570e+02  9.323670e+01  4.000000e+00
   endloop
 endfacet
 facet normal  0.000000e+00  0.000000e+00  1.000000e+00
   outer loop
     vertex  1.124950e+02  1.217480e+02  4.000000e+00
     vertex  1.073450e+02  1.217480e+02  4.000000e+00
     vertex  1.073450e+02  1.078490e+02  4.000000e+00
   endloop
 endfacet
 facet normal  0.000000e+00  0.000000e+00  1.000000e+00
   outer loop
     vertex  1.124950e+02  1.217480e+02  4.000000e+00
     vertex  1.073450e+02  1.078490e+02  4.000000e+00
     vertex  1.124950e+02  1.078490e+02  4.000000e+00
   endloop
 endfacet
 facet normal  0.000000e+00  0.000000e+00  1.000000e+00
   outer loop
     vertex  1.883070e+02  4.593700e+01  4.000000e+00
     vertex  1.744070e+02  4.593700e+01  4.000000e+00
     vertex  1.883070e+02  4.078710e+01  4.000000e+00
   endloop
 endfacet
 facet normal  0.000000e+00  0.000000e+00  1.000000e+00
   outer loop
     vertex  1.883070e+02  4.593700e+01  4.000000e+00
     vertex  1.883070e+02  4.078710e+01  4.000000e+00
     vertex  1.958070e+02  4.587230e+00  4.000000e+00
   endloop
 endfacet
 facet normal  0.000000e+00  0.000000e+00  1.000000e+00
   outer loop
     vertex  1.263950e+02  1.078490e+02  4.000000e+00
     vertex  1.172570e+02  9.793710e+01  4.000000e+00
     vertex  1.311570e+02  9.793710e+01  4.000000e+00
   endloop
 endfacet
 facet normal  0.000000e+00  0.000000e+00  1.000000e+00
   outer loop
     vertex  1.263950e+02  1.078490e+02  4.000000e+00
     vertex  1.124950e+02  1.078490e+02  4.000000e+00
     vertex  1.172570e+02  9.793710e+01  4.000000e+00
   endloop
 endfacet
 facet normal  0.000000e+00  0.000000e+00  1.000000e+00
   outer loop
     vertex  1.744070e+02  5.983710e+01  4.000000e+00
     vertex  1.664520e+02  5.513670e+01  4.000000e+00
     vertex  1.664520e+02  5.243720e+01  4.000000e+00
   endloop
 endfacet
 facet normal  0.000000e+00  0.000000e+00  1.000000e+00
   outer loop
     vertex  1.744070e+02  5.983710e+01  4.000000e+00
     vertex  1.664520e+02  5.243720e+01  4.000000e+00
     vertex  1.744070e+02  4.593700e+01  4.000000e+00
   endloop
 endfacet
 facet normal  0.000000e+00  0.000000e+00  1.000000e+00
   outer loop
     vertex  1.744070e+02  5.983710e+01  4.000000e+00
     vertex  1.656260e+02  5.836670e+01  4.000000e+00
     vertex  1.664520e+02  5.513670e+01  4.000000e+00
   endloop
 endfacet
 facet normal  0.000000e+00  0.000000e+00  1.000000e+00
   outer loop
     vertex  1.458320e+02  8.873740e+01  4.000000e+00
     vertex  1.442070e+02  8.873740e+01  4.000000e+00
     vertex  1.442070e+02  8.426700e+01  4.000000e+00
   endloop
 endfacet
 facet normal  0.000000e+00  0.000000e+00  1.000000e+00
   outer loop
     vertex  1.458320e+02  8.873740e+01  4.000000e+00
     vertex  1.442070e+02  8.426700e+01  4.000000e+00
     vertex  1.458320e+02  8.403700e+01  4.000000e+00
   endloop
 endfacet
 facet normal  0.000000e+00  0.000000e+00  1.000000e+00
   outer loop
     vertex  1.392820e+02  9.738750e+01  4.000000e+00
     vertex  1.375570e+02  9.646670e+01  4.000000e+00
     vertex  1.392820e+02  9.646670e+01  4.000000e+00
   endloop
 endfacet
 facet normal  0.000000e+00  0.000000e+00  1.000000e+00
   outer loop
     vertex  1.744070e+02  6.498700e+01  4.000000e+00
     vertex  1.644950e+02  6.498700e+01  4.000000e+00
     vertex  1.656260e+02  5.836670e+01  4.000000e+00
   endloop
 endfacet
 facet normal  0.000000e+00  0.000000e+00  1.000000e+00
   outer loop
     vertex  1.744070e+02  6.498700e+01  4.000000e+00
     vertex  1.656260e+02  5.836670e+01  4.000000e+00
     vertex  1.744070e+02  5.983710e+01  4.000000e+00
   endloop
 endfacet
 facet normal  0.000000e+00  0.000000e+00  1.000000e+00
   outer loop
     vertex  1.442070e+02  9.646670e+01  4.000000e+00
     vertex  1.424820e+02  9.738750e+01  4.000000e+00
     vertex  1.424820e+02  9.646670e+01  4.000000e+00
   endloop
 endfacet
 facet normal  0.000000e+00  0.000000e+00  1.000000e+00
   outer loop
     vertex  1.442070e+02  9.646670e+01  4.000000e+00
     vertex  1.442070e+02  9.323670e+01  4.000000e+00
     vertex  1.458320e+02  9.323670e+01  4.000000e+00
   endloop
 endfacet
 facet normal  0.000000e+00  0.000000e+00  1.000000e+00
   outer loop
     vertex  1.597320e+02  8.403700e+01  4.000000e+00
     vertex  1.458320e+02  8.403700e+01  4.000000e+00
     vertex  1.505960e+02  7.888710e+01  4.000000e+00
   endloop
 endfacet
 facet normal  0.000000e+00  0.000000e+00  1.000000e+00
   outer loop
     vertex  1.597320e+02  8.403700e+01  4.000000e+00
     vertex  1.505960e+02  7.888710e+01  4.000000e+00
     vertex  1.644950e+02  7.888710e+01  4.000000e+00
   endloop
 endfacet
 facet normal  0.000000e+00  0.000000e+00  1.000000e+00
   outer loop
     vertex  1.458320e+02  9.793710e+01  4.000000e+00
     vertex  1.424820e+02  9.738750e+01  4.000000e+00
     vertex  1.442070e+02  9.646670e+01  4.000000e+00
   endloop
 endfacet
 facet normal  0.000000e+00  0.000000e+00  1.000000e+00
   outer loop
     vertex  1.458320e+02  9.793710e+01  4.000000e+00
     vertex  1.442070e+02  9.646670e+01  4.000000e+00
     vertex  1.458320e+02  9.323670e+01  4.000000e+00
   endloop
 endfacet
 facet normal  0.000000e+00  0.000000e+00  1.000000e+00
   outer loop
     vertex  1.363070e+02  1.078490e+02  4.000000e+00
     vertex  1.263950e+02  1.078490e+02  4.000000e+00
     vertex  1.311570e+02  9.793710e+01  4.000000e+00
   endloop
 endfacet
 facet normal  0.000000e+00  0.000000e+00  1.000000e+00
   outer loop
     vertex  1.363070e+02  1.078490e+02  4.000000e+00
     vertex  1.392820e+02  9.738750e+01  4.000000e+00
     vertex  1.424820e+02  9.738750e+01  4.000000e+00
   endloop
 endfacet
 facet normal  0.000000e+00  0.000000e+00  1.000000e+00
   outer loop
     vertex  1.363070e+02  1.078490e+02  4.000000e+00
     vertex  1.311570e+02  9.793710e+01  4.000000e+00
     vertex  1.375570e+02  9.646670e+01  4.000000e+00
   endloop
 endfacet
 facet normal  0.000000e+00  0.000000e+00  1.000000e+00
   outer loop
     vertex  1.363070e+02  1.078490e+02  4.000000e+00
     vertex  1.375570e+02  9.646670e+01  4.000000e+00
     vertex  1.392820e+02  9.738750e+01  4.000000e+00
   endloop
 endfacet
 facet normal  0.000000e+00  0.000000e+00  1.000000e+00
   outer loop
     vertex  1.363070e+02  1.078490e+02  4.000000e+00
     vertex  1.424820e+02  9.738750e+01  4.000000e+00
     vertex  1.458320e+02  9.793710e+01  4.000000e+00
   endloop
 endfacet
 facet normal  0.000000e+00  0.000000e+00  1.000000e+00
   outer loop
     vertex  1.630820e+02  8.328730e+01  4.000000e+00
     vertex  1.597320e+02  8.403700e+01  4.000000e+00
     vertex  1.644950e+02  7.888710e+01  4.000000e+00
   endloop
 endfacet
 facet normal  0.000000e+00  0.000000e+00  1.000000e+00
   outer loop
     vertex  1.630820e+02  8.328730e+01  4.000000e+00
     vertex  1.613570e+02  8.426700e+01  4.000000e+00
     vertex  1.597320e+02  8.403700e+01  4.000000e+00
   endloop
 endfacet
 facet normal  0.000000e+00  0.000000e+00  1.000000e+00
   outer loop
     vertex  1.630820e+02  8.426700e+01  4.000000e+00
     vertex  1.613570e+02  8.426700e+01  4.000000e+00
     vertex  1.630820e+02  8.328730e+01  4.000000e+00
   endloop
 endfacet
 facet normal  0.000000e+00  0.000000e+00  1.000000e+00
   outer loop
     vertex  1.263950e+02  1.217480e+02  4.000000e+00
     vertex  1.263950e+02  1.078490e+02  4.000000e+00
     vertex  1.363070e+02  1.078490e+02  4.000000e+00
   endloop
 endfacet
 facet normal  0.000000e+00  0.000000e+00  1.000000e+00
   outer loop
     vertex  1.883070e+02  5.983710e+01  4.000000e+00
     vertex  1.883070e+02  4.593700e+01  4.000000e+00
     vertex  1.958070e+02  4.587230e+00  4.000000e+00
   endloop
 endfacet
 facet normal  0.000000e+00  0.000000e+00  1.000000e+00
   outer loop
     vertex  1.597320e+02  8.873740e+01  4.000000e+00
     vertex  1.597320e+02  8.403700e+01  4.000000e+00
     vertex  1.613570e+02  8.426700e+01  4.000000e+00
   endloop
 endfacet
 facet normal  0.000000e+00  0.000000e+00  1.000000e+00
   outer loop
     vertex  1.662830e+02  8.328730e+01  4.000000e+00
     vertex  1.630820e+02  8.328730e+01  4.000000e+00
     vertex  1.644950e+02  7.888710e+01  4.000000e+00
   endloop
 endfacet
 facet normal  0.000000e+00  0.000000e+00  1.000000e+00
   outer loop
     vertex  1.613570e+02  8.873740e+01  4.000000e+00
     vertex  1.597320e+02  8.873740e+01  4.000000e+00
     vertex  1.613570e+02  8.426700e+01  4.000000e+00
   endloop
 endfacet
 facet normal  0.000000e+00  0.000000e+00  1.000000e+00
   outer loop
     vertex  1.680080e+02  8.426700e+01  4.000000e+00
     vertex  1.662830e+02  8.426700e+01  4.000000e+00
     vertex  1.662830e+02  8.328730e+01  4.000000e+00
   endloop
 endfacet
 facet normal  0.000000e+00  0.000000e+00  1.000000e+00
   outer loop
     vertex  1.883070e+02  6.498700e+01  4.000000e+00
     vertex  1.744070e+02  5.983710e+01  4.000000e+00
     vertex  1.883070e+02  5.983710e+01  4.000000e+00
   endloop
 endfacet
 facet normal  0.000000e+00  0.000000e+00  1.000000e+00
   outer loop
     vertex  1.883070e+02  6.498700e+01  4.000000e+00
     vertex  1.744070e+02  6.498700e+01  4.000000e+00
     vertex  1.744070e+02  5.983710e+01  4.000000e+00
   endloop
 endfacet
 facet normal  0.000000e+00  0.000000e+00  1.000000e+00
   outer loop
     vertex  1.744070e+02  7.888710e+01  4.000000e+00
     vertex  1.644950e+02  6.498700e+01  4.000000e+00
     vertex  1.744070e+02  6.498700e+01  4.000000e+00
   endloop
 endfacet
 facet normal  0.000000e+00  0.000000e+00  1.000000e+00
   outer loop
     vertex  1.744070e+02  7.888710e+01  4.000000e+00
     vertex  1.662830e+02  8.328730e+01  4.000000e+00
     vertex  1.644950e+02  7.888710e+01  4.000000e+00
   endloop
 endfacet
 facet normal  0.000000e+00  0.000000e+00  1.000000e+00
   outer loop
     vertex  1.744070e+02  7.888710e+01  4.000000e+00
     vertex  1.644950e+02  7.888710e+01  4.000000e+00
     vertex  1.644950e+02  6.498700e+01  4.000000e+00
   endloop
 endfacet
 facet normal  0.000000e+00  0.000000e+00  1.000000e+00
   outer loop
     vertex  1.744070e+02  7.888710e+01  4.000000e+00
     vertex  1.680080e+02  8.426700e+01  4.000000e+00
     vertex  1.662830e+02  8.328730e+01  4.000000e+00
   endloop
 endfacet
 facet normal  0.000000e+00  0.000000e+00  1.000000e+00
   outer loop
     vertex  1.613570e+02  9.646670e+01  4.000000e+00
     vertex  1.597320e+02  9.793710e+01  4.000000e+00
     vertex  1.597320e+02  9.323670e+01  4.000000e+00
   endloop
 endfacet
 facet normal  0.000000e+00  0.000000e+00  1.000000e+00
   outer loop
     vertex  1.613570e+02  9.646670e+01  4.000000e+00
     vertex  1.597320e+02  9.323670e+01  4.000000e+00
     vertex  1.613570e+02  9.323670e+01  4.000000e+00
   endloop
 endfacet
 facet normal  0.000000e+00  0.000000e+00  1.000000e+00
   outer loop
     vertex  1.363070e+02  1.217480e+02  4.000000e+00
     vertex  1.263950e+02  1.217480e+02  4.000000e+00
     vertex  1.363070e+02  1.078490e+02  4.000000e+00
   endloop
 endfacet
 facet normal  0.000000e+00  0.000000e+00  1.000000e+00
   outer loop
     vertex  1.502070e+02  1.078490e+02  4.000000e+00
     vertex  1.363070e+02  1.078490e+02  4.000000e+00
     vertex  1.458320e+02  9.793710e+01  4.000000e+00
   endloop
 endfacet
 facet normal  0.000000e+00  0.000000e+00  1.000000e+00
   outer loop
     vertex  1.744070e+02  8.403700e+01  4.000000e+00
     vertex  1.680080e+02  8.426700e+01  4.000000e+00
     vertex  1.744070e+02  7.888710e+01  4.000000e+00
   endloop
 endfacet
 facet normal  0.000000e+00  0.000000e+00  1.000000e+00
   outer loop
     vertex  1.688330e+02  9.053720e+01  4.000000e+00
     vertex  1.680080e+02  9.053720e+01  4.000000e+00
     vertex  1.680080e+02  8.426700e+01  4.000000e+00
   endloop
 endfacet
 facet normal  0.000000e+00  0.000000e+00  1.000000e+00
   outer loop
     vertex  1.688330e+02  9.053720e+01  4.000000e+00
     vertex  1.680080e+02  8.426700e+01  4.000000e+00
     vertex  1.744070e+02  8.403700e+01  4.000000e+00
   endloop
 endfacet
 facet normal  0.000000e+00  0.000000e+00  1.000000e+00
   outer loop
     vertex  1.630820e+02  9.738750e+01  4.000000e+00
     vertex  1.597320e+02  9.793710e+01  4.000000e+00
     vertex  1.613570e+02  9.646670e+01  4.000000e+00
   endloop
 endfacet
 facet normal  0.000000e+00  0.000000e+00  1.000000e+00
   outer loop
     vertex  1.630820e+02  9.738750e+01  4.000000e+00
     vertex  1.613570e+02  9.646670e+01  4.000000e+00
     vertex  1.630820e+02  9.646670e+01  4.000000e+00
   endloop
 endfacet
 facet normal  0.000000e+00  0.000000e+00  1.000000e+00
   outer loop
     vertex  1.553570e+02  1.078490e+02  4.000000e+00
     vertex  1.502070e+02  1.078490e+02  4.000000e+00
     vertex  1.458320e+02  9.793710e+01  4.000000e+00
   endloop
 endfacet
 facet normal  0.000000e+00  0.000000e+00  1.000000e+00
   outer loop
     vertex  1.553570e+02  1.078490e+02  4.000000e+00
     vertex  1.458320e+02  9.793710e+01  4.000000e+00
     vertex  1.597320e+02  9.793710e+01  4.000000e+00
   endloop
 endfacet
 facet normal  0.000000e+00  0.000000e+00  1.000000e+00
   outer loop
     vertex  1.680080e+02  9.646670e+01  4.000000e+00
     vertex  1.680080e+02  9.323670e+01  4.000000e+00
     vertex  1.688330e+02  9.323670e+01  4.000000e+00
   endloop
 endfacet
 facet normal  0.000000e+00  0.000000e+00  1.000000e+00
   outer loop
     vertex  1.680080e+02  9.646670e+01  4.000000e+00
     vertex  1.662830e+02  9.738750e+01  4.000000e+00
     vertex  1.662830e+02  9.646670e+01  4.000000e+00
   endloop
 endfacet
 facet normal  0.000000e+00  0.000000e+00  1.000000e+00
   outer loop
     vertex  1.883070e+02  7.888710e+01  4.000000e+00
     vertex  1.744070e+02  8.403700e+01  4.000000e+00
     vertex  1.744070e+02  7.888710e+01  4.000000e+00
   endloop
 endfacet
 facet normal  0.000000e+00  0.000000e+00  1.000000e+00
   outer loop
     vertex  1.883070e+02  8.403700e+01  4.000000e+00
     vertex  1.744070e+02  8.403700e+01  4.000000e+00
     vertex  1.883070e+02  7.888710e+01  4.000000e+00
   endloop
 endfacet
 facet normal  0.000000e+00  0.000000e+00  1.000000e+00
   outer loop
     vertex  1.744070e+02  9.793710e+01  4.000000e+00
     vertex  1.688330e+02  9.323670e+01  4.000000e+00
     vertex  1.688330e+02  9.053720e+01  4.000000e+00
   endloop
 endfacet
 facet normal  0.000000e+00  0.000000e+00  1.000000e+00
   outer loop
     vertex  1.744070e+02  9.793710e+01  4.000000e+00
     vertex  1.680080e+02  9.646670e+01  4.000000e+00
     vertex  1.688330e+02  9.323670e+01  4.000000e+00
   endloop
 endfacet
 facet normal  0.000000e+00  0.000000e+00  1.000000e+00
   outer loop
     vertex  1.744070e+02  9.793710e+01  4.000000e+00
     vertex  1.688330e+02  9.053720e+01  4.000000e+00
     vertex  1.744070e+02  8.403700e+01  4.000000e+00
   endloop
 endfacet
 facet normal  0.000000e+00  0.000000e+00  1.000000e+00
   outer loop
     vertex  1.553570e+02  1.217480e+02  4.000000e+00
     vertex  1.502070e+02  1.078490e+02  4.000000e+00
     vertex  1.553570e+02  1.078490e+02  4.000000e+00
   endloop
 endfacet
 facet normal  0.000000e+00  0.000000e+00  1.000000e+00
   outer loop
     vertex  1.553570e+02  1.217480e+02  4.000000e+00
     vertex  1.502070e+02  1.217480e+02  4.000000e+00
     vertex  1.502070e+02  1.078490e+02  4.000000e+00
   endloop
 endfacet
 facet normal  0.000000e+00  0.000000e+00  1.000000e+00
   outer loop
     vertex  1.692570e+02  1.078490e+02  4.000000e+00
     vertex  1.553570e+02  1.078490e+02  4.000000e+00
     vertex  1.597320e+02  9.793710e+01  4.000000e+00
   endloop
 endfacet
 facet normal  0.000000e+00  0.000000e+00  1.000000e+00
   outer loop
     vertex  1.692570e+02  1.078490e+02  4.000000e+00
     vertex  1.597320e+02  9.793710e+01  4.000000e+00
     vertex  1.630820e+02  9.738750e+01  4.000000e+00
   endloop
 endfacet
 facet normal  0.000000e+00  0.000000e+00  1.000000e+00
   outer loop
     vertex  1.692570e+02  1.078490e+02  4.000000e+00
     vertex  1.680080e+02  9.646670e+01  4.000000e+00
     vertex  1.744070e+02  9.793710e+01  4.000000e+00
   endloop
 endfacet
 facet normal  0.000000e+00  0.000000e+00  1.000000e+00
   outer loop
     vertex  1.692570e+02  1.078490e+02  4.000000e+00
     vertex  1.662830e+02  9.738750e+01  4.000000e+00
     vertex  1.680080e+02  9.646670e+01  4.000000e+00
   endloop
 endfacet
 facet normal  0.000000e+00  0.000000e+00  1.000000e+00
   outer loop
     vertex  1.692570e+02  1.078490e+02  4.000000e+00
     vertex  1.630820e+02  9.738750e+01  4.000000e+00
     vertex  1.662830e+02  9.738750e+01  4.000000e+00
   endloop
 endfacet
 facet normal  0.000000e+00  0.000000e+00  1.000000e+00
   outer loop
     vertex  1.744070e+02  1.078490e+02  4.000000e+00
     vertex  1.692570e+02  1.078490e+02  4.000000e+00
     vertex  1.744070e+02  9.793710e+01  4.000000e+00
   endloop
 endfacet
 facet normal  0.000000e+00  0.000000e+00  1.000000e+00
   outer loop
     vertex  1.744070e+02  1.217480e+02  4.000000e+00
     vertex  1.692570e+02  1.078490e+02  4.000000e+00
     vertex  1.744070e+02  1.078490e+02  4.000000e+00
   endloop
 endfacet
 facet normal  0.000000e+00  0.000000e+00  1.000000e+00
   outer loop
     vertex  1.744070e+02  1.217480e+02  4.000000e+00
     vertex  1.692570e+02  1.217480e+02  4.000000e+00
     vertex  1.692570e+02  1.078490e+02  4.000000e+00
   endloop
 endfacet
 facet normal  0.000000e+00  0.000000e+00  1.000000e+00
   outer loop
     vertex  1.883070e+02  1.078490e+02  4.000000e+00
     vertex  1.744070e+02  9.793710e+01  4.000000e+00
     vertex  1.883070e+02  9.793710e+01  4.000000e+00
   endloop
 endfacet
 facet normal  0.000000e+00  0.000000e+00  1.000000e+00
   outer loop
     vertex  1.883070e+02  1.078490e+02  4.000000e+00
     vertex  1.744070e+02  1.078490e+02  4.000000e+00
     vertex  1.744070e+02  9.793710e+01  4.000000e+00
   endloop
 endfacet
 facet normal  0.000000e+00  0.000000e+00  1.000000e+00
   outer loop
     vertex  1.958070e+02  1.242480e+02  4.000000e+00
     vertex  1.883070e+02  9.793710e+01  4.000000e+00
     vertex  1.883070e+02  8.403700e+01  4.000000e+00
   endloop
 endfacet
 facet normal  0.000000e+00  0.000000e+00  1.000000e+00
   outer loop
     vertex  1.958070e+02  1.242480e+02  4.000000e+00
     vertex  1.883070e+02  1.078490e+02  4.000000e+00
     vertex  1.883070e+02  9.793710e+01  4.000000e+00
   endloop
 endfacet
 facet normal  0.000000e+00  0.000000e+00  1.000000e+00
   outer loop
     vertex  1.958070e+02  1.242480e+02  4.000000e+00
     vertex  1.883070e+02  1.217480e+02  4.000000e+00
     vertex  1.883070e+02  1.078490e+02  4.000000e+00
   endloop
 endfacet
 facet normal  0.000000e+00  0.000000e+00  1.000000e+00
   outer loop
     vertex  1.958070e+02  1.242480e+02  4.000000e+00
     vertex  1.883070e+02  7.888710e+01  4.000000e+00
     vertex  1.883070e+02  6.498700e+01  4.000000e+00
   endloop
 endfacet
 facet normal  0.000000e+00  0.000000e+00  1.000000e+00
   outer loop
     vertex  1.958070e+02  1.242480e+02  4.000000e+00
     vertex  1.883070e+02  8.403700e+01  4.000000e+00
     vertex  1.883070e+02  7.888710e+01  4.000000e+00
   endloop
 endfacet
 facet normal  0.000000e+00  0.000000e+00  1.000000e+00
   outer loop
     vertex  1.908070e+02  1.292480e+02  4.000000e+00
     vertex  1.502070e+02  1.217480e+02  4.000000e+00
     vertex  1.553570e+02  1.217480e+02  4.000000e+00
   endloop
 endfacet
 facet normal  0.000000e+00  0.000000e+00  1.000000e+00
   outer loop
     vertex  1.908070e+02  1.292480e+02  4.000000e+00
     vertex  1.692570e+02  1.217480e+02  4.000000e+00
     vertex  1.744070e+02  1.217480e+02  4.000000e+00
   endloop
 endfacet
 facet normal  0.000000e+00  0.000000e+00  1.000000e+00
   outer loop
     vertex  1.908070e+02  1.292480e+02  4.000000e+00
     vertex  1.553570e+02  1.217480e+02  4.000000e+00
     vertex  1.692570e+02  1.217480e+02  4.000000e+00
   endloop
 endfacet
 facet normal  0.000000e+00  0.000000e+00  1.000000e+00
   outer loop
     vertex  1.908070e+02  1.292480e+02  4.000000e+00
     vertex  1.744070e+02  1.217480e+02  4.000000e+00
     vertex  1.883070e+02  1.217480e+02  4.000000e+00
   endloop
 endfacet
 facet normal  0.000000e+00  0.000000e+00  1.000000e+00
   outer loop
     vertex  1.909424e+02  1.292462e+02  4.000000e+00
     vertex  1.908070e+02  1.292480e+02  4.000000e+00
     vertex  1.883070e+02  1.217480e+02  4.000000e+00
   endloop
 endfacet
 facet normal  0.000000e+00  0.000000e+00  1.000000e+00
   outer loop
     vertex  1.958052e+02  1.243834e+02  4.000000e+00
     vertex  1.883070e+02  1.217480e+02  4.000000e+00
     vertex  1.958070e+02  1.242480e+02  4.000000e+00
   endloop
 endfacet
 facet normal  0.000000e+00  0.000000e+00  1.000000e+00
   outer loop
     vertex  1.957997e+02  1.245187e+02  4.000000e+00
     vertex  1.883070e+02  1.217480e+02  4.000000e+00
     vertex  1.958052e+02  1.243834e+02  4.000000e+00
   endloop
 endfacet
 facet normal  0.000000e+00  0.000000e+00  1.000000e+00
   outer loop
     vertex  1.910777e+02  1.292407e+02  4.000000e+00
     vertex  1.909424e+02  1.292462e+02  4.000000e+00
     vertex  1.883070e+02  1.217480e+02  4.000000e+00
   endloop
 endfacet
 facet normal  0.000000e+00  0.000000e+00  1.000000e+00
   outer loop
     vertex  1.912128e+02  1.292315e+02  4.000000e+00
     vertex  1.910777e+02  1.292407e+02  4.000000e+00
     vertex  1.883070e+02  1.217480e+02  4.000000e+00
   endloop
 endfacet
 facet normal  0.000000e+00  0.000000e+00  1.000000e+00
   outer loop
     vertex  1.957905e+02  1.246538e+02  4.000000e+00
     vertex  1.883070e+02  1.217480e+02  4.000000e+00
     vertex  1.957997e+02  1.245187e+02  4.000000e+00
   endloop
 endfacet
 facet normal  0.000000e+00  0.000000e+00  1.000000e+00
   outer loop
     vertex  1.913476e+02  1.292187e+02  4.000000e+00
     vertex  1.912128e+02  1.292315e+02  4.000000e+00
     vertex  1.883070e+02  1.217480e+02  4.000000e+00
   endloop
 endfacet
 facet normal  0.000000e+00  0.000000e+00  1.000000e+00
   outer loop
     vertex  1.957777e+02  1.247886e+02  4.000000e+00
     vertex  1.883070e+02  1.217480e+02  4.000000e+00
     vertex  1.957905e+02  1.246538e+02  4.000000e+00
   endloop
 endfacet
 facet normal  0.000000e+00  0.000000e+00  1.000000e+00
   outer loop
     vertex  1.914820e+02  1.292022e+02  4.000000e+00
     vertex  1.913476e+02  1.292187e+02  4.000000e+00
     vertex  1.883070e+02  1.217480e+02  4.000000e+00
   endloop
 endfacet
 facet normal  0.000000e+00  0.000000e+00  1.000000e+00
   outer loop
     vertex  1.957612e+02  1.249230e+02  4.000000e+00
     vertex  1.883070e+02  1.217480e+02  4.000000e+00
     vertex  1.957777e+02  1.247886e+02  4.000000e+00
   endloop
 endfacet
 facet normal  0.000000e+00  0.000000e+00  1.000000e+00
   outer loop
     vertex  1.916159e+02  1.291821e+02  4.000000e+00
     vertex  1.914820e+02  1.292022e+02  4.000000e+00
     vertex  1.883070e+02  1.217480e+02  4.000000e+00
   endloop
 endfacet
 facet normal  0.000000e+00  0.000000e+00  1.000000e+00
   outer loop
     vertex  1.957411e+02  1.250569e+02  4.000000e+00
     vertex  1.883070e+02  1.217480e+02  4.000000e+00
     vertex  1.957612e+02  1.249230e+02  4.000000e+00
   endloop
 endfacet
 facet normal  0.000000e+00  0.000000e+00  1.000000e+00
   outer loop
     vertex  1.957174e+02  1.251902e+02  4.000000e+00
     vertex  1.883070e+02  1.217480e+02  4.000000e+00
     vertex  1.957411e+02  1.250569e+02  4.000000e+00
   endloop
 endfacet
 facet normal  0.000000e+00  0.000000e+00  1.000000e+00
   outer loop
     vertex  1.917492e+02  1.291584e+02  4.000000e+00
     vertex  1.916159e+02  1.291821e+02  4.000000e+00
     vertex  1.883070e+02  1.217480e+02  4.000000e+00
   endloop
 endfacet
 facet normal  0.000000e+00  0.000000e+00  1.000000e+00
   outer loop
     vertex  1.918819e+02  1.291311e+02  4.000000e+00
     vertex  1.917492e+02  1.291584e+02  4.000000e+00
     vertex  1.883070e+02  1.217480e+02  4.000000e+00
   endloop
 endfacet
 facet normal  0.000000e+00  0.000000e+00  1.000000e+00
   outer loop
     vertex  1.956901e+02  1.253229e+02  4.000000e+00
     vertex  1.883070e+02  1.217480e+02  4.000000e+00
     vertex  1.957174e+02  1.251902e+02  4.000000e+00
   endloop
 endfacet
 facet normal  0.000000e+00  0.000000e+00  1.000000e+00
   outer loop
     vertex  1.956592e+02  1.254547e+02  4.000000e+00
     vertex  1.883070e+02  1.217480e+02  4.000000e+00
     vertex  1.956901e+02  1.253229e+02  4.000000e+00
   endloop
 endfacet
 facet normal  0.000000e+00  0.000000e+00  1.000000e+00
   outer loop
     vertex  1.920137e+02  1.291002e+02  4.000000e+00
     vertex  1.918819e+02  1.291311e+02  4.000000e+00
     vertex  1.883070e+02  1.217480e+02  4.000000e+00
   endloop
 endfacet
 facet normal  0.000000e+00  0.000000e+00  1.000000e+00
   outer loop
     vertex  1.956247e+02  1.255856e+02  4.000000e+00
     vertex  1.883070e+02  1.217480e+02  4.000000e+00
     vertex  1.956592e+02  1.254547e+02  4.000000e+00
   endloop
 endfacet
 facet normal  0.000000e+00  0.000000e+00  1.000000e+00
   outer loop
     vertex  1.921446e+02  1.290657e+02  4.000000e+00
     vertex  1.920137e+02  1.291002e+02  4.000000e+00
     vertex  1.883070e+02  1.217480e+02  4.000000e+00
   endloop
 endfacet
 facet normal  0.000000e+00  0.000000e+00  1.000000e+00
   outer loop
     vertex  1.922746e+02  1.290278e+02  4.000000e+00
     vertex  1.921446e+02  1.290657e+02  4.000000e+00
     vertex  1.883070e+02  1.217480e+02  4.000000e+00
   endloop
 endfacet
 facet normal  0.000000e+00  0.000000e+00  1.000000e+00
   outer loop
     vertex  1.955868e+02  1.257156e+02  4.000000e+00
     vertex  1.883070e+02  1.217480e+02  4.000000e+00
     vertex  1.956247e+02  1.255856e+02  4.000000e+00
   endloop
 endfacet
 facet normal  0.000000e+00  0.000000e+00  1.000000e+00
   outer loop
     vertex  1.924035e+02  1.289863e+02  4.000000e+00
     vertex  1.922746e+02  1.290278e+02  4.000000e+00
     vertex  1.883070e+02  1.217480e+02  4.000000e+00
   endloop
 endfacet
 facet normal  0.000000e+00  0.000000e+00  1.000000e+00
   outer loop
     vertex  1.955453e+02  1.258445e+02  4.000000e+00
     vertex  1.883070e+02  1.217480e+02  4.000000e+00
     vertex  1.955868e+02  1.257156e+02  4.000000e+00
   endloop
 endfacet
 facet normal  0.000000e+00  0.000000e+00  1.000000e+00
   outer loop
     vertex  1.925312e+02  1.289413e+02  4.000000e+00
     vertex  1.924035e+02  1.289863e+02  4.000000e+00
     vertex  1.883070e+02  1.217480e+02  4.000000e+00
   endloop
 endfacet
 facet normal  0.000000e+00  0.000000e+00  1.000000e+00
   outer loop
     vertex  1.955003e+02  1.259722e+02  4.000000e+00
     vertex  1.883070e+02  1.217480e+02  4.000000e+00
     vertex  1.955453e+02  1.258445e+02  4.000000e+00
   endloop
 endfacet
 facet normal  0.000000e+00  0.000000e+00  1.000000e+00
   outer loop
     vertex  1.926577e+02  1.288929e+02  4.000000e+00
     vertex  1.925312e+02  1.289413e+02  4.000000e+00
     vertex  1.883070e+02  1.217480e+02  4.000000e+00
   endloop
 endfacet
 facet normal  0.000000e+00  0.000000e+00  1.000000e+00
   outer loop
     vertex  1.954519e+02  1.260987e+02  4.000000e+00
     vertex  1.883070e+02  1.217480e+02  4.000000e+00
     vertex  1.955003e+02  1.259722e+02  4.000000e+00
   endloop
 endfacet
 facet normal  0.000000e+00  0.000000e+00  1.000000e+00
   outer loop
     vertex  1.927828e+02  1.288411e+02  4.000000e+00
     vertex  1.926577e+02  1.288929e+02  4.000000e+00
     vertex  1.883070e+02  1.217480e+02  4.000000e+00
   endloop
 endfacet
 facet normal  0.000000e+00  0.000000e+00  1.000000e+00
   outer loop
     vertex  1.954001e+02  1.262238e+02  4.000000e+00
     vertex  1.883070e+02  1.217480e+02  4.000000e+00
     vertex  1.954519e+02  1.260987e+02  4.000000e+00
   endloop
 endfacet
 facet normal  0.000000e+00  0.000000e+00  1.000000e+00
   outer loop
     vertex  1.929064e+02  1.287859e+02  4.000000e+00
     vertex  1.927828e+02  1.288411e+02  4.000000e+00
     vertex  1.883070e+02  1.217480e+02  4.000000e+00
   endloop
 endfacet
 facet normal  0.000000e+00  0.000000e+00  1.000000e+00
   outer loop
     vertex  1.953449e+02  1.263474e+02  4.000000e+00
     vertex  1.883070e+02  1.217480e+02  4.000000e+00
     vertex  1.954001e+02  1.262238e+02  4.000000e+00
   endloop
 endfacet
 facet normal  0.000000e+00  0.000000e+00  1.000000e+00
   outer loop
     vertex  1.930286e+02  1.287274e+02  4.000000e+00
     vertex  1.929064e+02  1.287859e+02  4.000000e+00
     vertex  1.883070e+02  1.217480e+02  4.000000e+00
   endloop
 endfacet
 facet normal  0.000000e+00  0.000000e+00  1.000000e+00
   outer loop
     vertex  1.952864e+02  1.264696e+02  4.000000e+00
     vertex  1.883070e+02  1.217480e+02  4.000000e+00
     vertex  1.953449e+02  1.263474e+02  4.000000e+00
   endloop
 endfacet
 facet normal  0.000000e+00  0.000000e+00  1.000000e+00
   outer loop
     vertex  1.931490e+02  1.286656e+02  4.000000e+00
     vertex  1.930286e+02  1.287274e+02  4.000000e+00
     vertex  1.883070e+02  1.217480e+02  4.000000e+00
   endloop
 endfacet
 facet normal  0.000000e+00  0.000000e+00  1.000000e+00
   outer loop
     vertex  1.952246e+02  1.265900e+02  4.000000e+00
     vertex  1.883070e+02  1.217480e+02  4.000000e+00
     vertex  1.952864e+02  1.264696e+02  4.000000e+00
   endloop
 endfacet
 facet normal  0.000000e+00  0.000000e+00  1.000000e+00
   outer loop
     vertex  1.932678e+02  1.286005e+02  4.000000e+00
     vertex  1.931490e+02  1.286656e+02  4.000000e+00
     vertex  1.883070e+02  1.217480e+02  4.000000e+00
   endloop
 endfacet
 facet normal  0.000000e+00  0.000000e+00  1.000000e+00
   outer loop
     vertex  1.951595e+02  1.267088e+02  4.000000e+00
     vertex  1.883070e+02  1.217480e+02  4.000000e+00
     vertex  1.952246e+02  1.265900e+02  4.000000e+00
   endloop
 endfacet
 facet normal  0.000000e+00  0.000000e+00  1.000000e+00
   outer loop
     vertex  1.933848e+02  1.285323e+02  4.000000e+00
     vertex  1.932678e+02  1.286005e+02  4.000000e+00
     vertex  1.883070e+02  1.217480e+02  4.000000e+00
   endloop
 endfacet
 facet normal  0.000000e+00  0.000000e+00  1.000000e+00
   outer loop
     vertex  1.950913e+02  1.268258e+02  4.000000e+00
     vertex  1.883070e+02  1.217480e+02  4.000000e+00
     vertex  1.951595e+02  1.267088e+02  4.000000e+00
   endloop
 endfacet
 facet normal  0.000000e+00  0.000000e+00  1.000000e+00
   outer loop
     vertex  1.934998e+02  1.284609e+02  4.000000e+00
     vertex  1.933848e+02  1.285323e+02  4.000000e+00
     vertex  1.883070e+02  1.217480e+02  4.000000e+00
   endloop
 endfacet
 facet normal  0.000000e+00  0.000000e+00  1.000000e+00
   outer loop
     vertex  1.950199e+02  1.269408e+02  4.000000e+00
     vertex  1.883070e+02  1.217480e+02  4.000000e+00
     vertex  1.950913e+02  1.268258e+02  4.000000e+00
   endloop
 endfacet
 facet normal  0.000000e+00  0.000000e+00  1.000000e+00
   outer loop
     vertex  1.936129e+02  1.283864e+02  4.000000e+00
     vertex  1.934998e+02  1.284609e+02  4.000000e+00
     vertex  1.883070e+02  1.217480e+02  4.000000e+00
   endloop
 endfacet
 facet normal  0.000000e+00  0.000000e+00  1.000000e+00
   outer loop
     vertex  1.949454e+02  1.270539e+02  4.000000e+00
     vertex  1.883070e+02  1.217480e+02  4.000000e+00
     vertex  1.950199e+02  1.269408e+02  4.000000e+00
   endloop
 endfacet
 facet normal  0.000000e+00  0.000000e+00  1.000000e+00
   outer loop
     vertex  1.937240e+02  1.283089e+02  4.000000e+00
     vertex  1.936129e+02  1.283864e+02  4.000000e+00
     vertex  1.883070e+02  1.217480e+02  4.000000e+00
   endloop
 endfacet
 facet normal  0.000000e+00  0.000000e+00  1.000000e+00
   outer loop
     vertex  1.948679e+02  1.271650e+02  4.000000e+00
     vertex  1.883070e+02  1.217480e+02  4.000000e+00
     vertex  1.949454e+02  1.270539e+02  4.000000e+00
   endloop
 endfacet
 facet normal  0.000000e+00  0.000000e+00  1.000000e+00
   outer loop
     vertex  1.938329e+02  1.282285e+02  4.000000e+00
     vertex  1.937240e+02  1.283089e+02  4.000000e+00
     vertex  1.883070e+02  1.217480e+02  4.000000e+00
   endloop
 endfacet
 facet normal  0.000000e+00  0.000000e+00  1.000000e+00
   outer loop
     vertex  1.947875e+02  1.272739e+02  4.000000e+00
     vertex  1.883070e+02  1.217480e+02  4.000000e+00
     vertex  1.948679e+02  1.271650e+02  4.000000e+00
   endloop
 endfacet
 facet normal  0.000000e+00  0.000000e+00  1.000000e+00
   outer loop
     vertex  1.947041e+02  1.273805e+02  4.000000e+00
     vertex  1.883070e+02  1.217480e+02  4.000000e+00
     vertex  1.947875e+02  1.272739e+02  4.000000e+00
   endloop
 endfacet
 facet normal  0.000000e+00  0.000000e+00  1.000000e+00
   outer loop
     vertex  1.939395e+02  1.281451e+02  4.000000e+00
     vertex  1.938329e+02  1.282285e+02  4.000000e+00
     vertex  1.883070e+02  1.217480e+02  4.000000e+00
   endloop
 endfacet
 facet normal  0.000000e+00  0.000000e+00  1.000000e+00
   outer loop
     vertex  1.940439e+02  1.280588e+02  4.000000e+00
     vertex  1.939395e+02  1.281451e+02  4.000000e+00
     vertex  1.883070e+02  1.217480e+02  4.000000e+00
   endloop
 endfacet
 facet normal  0.000000e+00  0.000000e+00  1.000000e+00
   outer loop
     vertex  1.946178e+02  1.274849e+02  4.000000e+00
     vertex  1.883070e+02  1.217480e+02  4.000000e+00
     vertex  1.947041e+02  1.273805e+02  4.000000e+00
   endloop
 endfacet
 facet normal  0.000000e+00  0.000000e+00  1.000000e+00
   outer loop
     vertex  1.945288e+02  1.275869e+02  4.000000e+00
     vertex  1.883070e+02  1.217480e+02  4.000000e+00
     vertex  1.946178e+02  1.274849e+02  4.000000e+00
   endloop
 endfacet
 facet normal  0.000000e+00  0.000000e+00  1.000000e+00
   outer loop
     vertex  1.941459e+02  1.279698e+02  4.000000e+00
     vertex  1.940439e+02  1.280588e+02  4.000000e+00
     vertex  1.883070e+02  1.217480e+02  4.000000e+00
   endloop
 endfacet
 facet normal  0.000000e+00  0.000000e+00  1.000000e+00
   outer loop
     vertex  1.942455e+02  1.278780e+02  4.000000e+00
     vertex  1.941459e+02  1.279698e+02  4.000000e+00
     vertex  1.883070e+02  1.217480e+02  4.000000e+00
   endloop
 endfacet
 facet normal  0.000000e+00  0.000000e+00  1.000000e+00
   outer loop
     vertex  1.944370e+02  1.276865e+02  4.000000e+00
     vertex  1.883070e+02  1.217480e+02  4.000000e+00
     vertex  1.945288e+02  1.275869e+02  4.000000e+00
   endloop
 endfacet
 facet normal  0.000000e+00  0.000000e+00  1.000000e+00
   outer loop
     vertex  1.943425e+02  1.277835e+02  4.000000e+00
     vertex  1.942455e+02  1.278780e+02  4.000000e+00
     vertex  1.883070e+02  1.217480e+02  4.000000e+00
   endloop
 endfacet
 facet normal  0.000000e+00  0.000000e+00  1.000000e+00
   outer loop
     vertex  1.943425e+02  1.277835e+02  4.000000e+00
     vertex  1.883070e+02  1.217480e+02  4.000000e+00
     vertex  1.944370e+02  1.276865e+02  4.000000e+00
   endloop
 endfacet
 facet normal  0.000000e+00 -0.000000e+00  1.000000e+00
   outer loop
     vertex  1.958070e+02  4.587230e+00  4.000000e+00
     vertex  1.958070e+02  1.242480e+02  4.000000e+00
     vertex  1.883070e+02  6.498700e+01  4.000000e+00
   endloop
 endfacet
 facet normal  0.000000e+00  0.000000e+00  1.000000e+00
   outer loop
     vertex  1.958070e+02  4.587230e+00  4.000000e+00
     vertex  1.883070e+02  6.498700e+01  4.000000e+00
     vertex  1.883070e+02  5.983710e+01  4.000000e+00
   endloop
 endfacet
 facet normal  0.000000e+00  0.000000e+00  1.000000e+00
   outer loop
     vertex  1.908070e+02  1.292480e+02  4.000000e+00
     vertex  5.221140e+00  1.292480e+02  4.000000e+00
     vertex  5.019500e+01  1.217480e+02  4.000000e+00
   endloop
 endfacet
 facet normal  0.000000e+00  0.000000e+00  1.000000e+00
   outer loop
     vertex  1.908070e+02  1.292480e+02  4.000000e+00
     vertex  5.019500e+01  1.217480e+02  4.000000e+00
     vertex  5.534620e+01  1.217480e+02  4.000000e+00
   endloop
 endfacet
 facet normal  0.000000e+00  0.000000e+00  1.000000e+00
   outer loop
     vertex  1.908070e+02  1.292480e+02  4.000000e+00
     vertex  5.534620e+01  1.217480e+02  4.000000e+00
     vertex  6.924500e+01  1.217480e+02  4.000000e+00
   endloop
 endfacet
 facet normal  0.000000e+00  0.000000e+00  1.000000e+00
   outer loop
     vertex  1.908070e+02  1.292480e+02  4.000000e+00
     vertex  6.924500e+01  1.217480e+02  4.000000e+00
     vertex  7.439620e+01  1.217480e+02  4.000000e+00
   endloop
 endfacet
 facet normal  0.000000e+00  0.000000e+00  1.000000e+00
   outer loop
     vertex  1.908070e+02  1.292480e+02  4.000000e+00
     vertex  7.439620e+01  1.217480e+02  4.000000e+00
     vertex  8.829500e+01  1.217480e+02  4.000000e+00
   endloop
 endfacet
 facet normal  0.000000e+00  0.000000e+00  1.000000e+00
   outer loop
     vertex  1.908070e+02  1.292480e+02  4.000000e+00
     vertex  8.829500e+01  1.217480e+02  4.000000e+00
     vertex  9.344620e+01  1.217480e+02  4.000000e+00
   endloop
 endfacet
 facet normal  0.000000e+00  0.000000e+00  1.000000e+00
   outer loop
     vertex  1.908070e+02  1.292480e+02  4.000000e+00
     vertex  9.344620e+01  1.217480e+02  4.000000e+00
     vertex  1.073450e+02  1.217480e+02  4.000000e+00
   endloop
 endfacet
 facet normal  0.000000e+00  0.000000e+00  1.000000e+00
   outer loop
     vertex  1.908070e+02  1.292480e+02  4.000000e+00
     vertex  1.073450e+02  1.217480e+02  4.000000e+00
     vertex  1.124950e+02  1.217480e+02  4.000000e+00
   endloop
 endfacet
 facet normal  0.000000e+00  0.000000e+00  1.000000e+00
   outer loop
     vertex  1.908070e+02  1.292480e+02  4.000000e+00
     vertex  1.124950e+02  1.217480e+02  4.000000e+00
     vertex  1.263950e+02  1.217480e+02  4.000000e+00
   endloop
 endfacet
 facet normal  0.000000e+00  0.000000e+00  1.000000e+00
   outer loop
     vertex  1.908070e+02  1.292480e+02  4.000000e+00
     vertex  1.263950e+02  1.217480e+02  4.000000e+00
     vertex  1.363070e+02  1.217480e+02  4.000000e+00
   endloop
 endfacet
 facet normal  0.000000e+00  0.000000e+00  1.000000e+00
   outer loop
     vertex  1.908070e+02  1.292480e+02  4.000000e+00
     vertex  1.363070e+02  1.217480e+02  4.000000e+00
     vertex  1.502070e+02  1.217480e+02  4.000000e+00
   endloop
 endfacet
 facet normal -1.000000e+00 -3.711235e-17 -5.273982e-32
   outer loop
     vertex  2.211400e-01  4.587230e+00  0.000000e+00
     vertex  2.211400e-01  1.242480e+02  4.000000e+00
     vertex  2.211400e-01  1.242480e+02  0.000000e+00
   endloop
 endfacet
 facet normal -1.000000e+00 -3.711235e-17  0.000000e+00
   outer loop
     vertex  2.211400e-01  4.587230e+00  0.000000e+00
     vertex  2.211400e-01  4.587230e+00  4.000000e+00
     vertex  2.211400e-01  1.242480e+02  4.000000e+00
   endloop
 endfacet
 facet normal  1.000000e+00  0.000000e+00  0.000000e+00
   outer loop
     vertex  1.958070e+02  1.242480e+02  4.000000e+00
     vertex  1.958070e+02  4.587230e+00  4.000000e+00
     vertex  1.958070e+02  4.587230e+00  0.000000e+00
   endloop
 endfacet
 facet normal  1.000000e+00  0.000000e+00 -0.000000e+00
   outer loop
     vertex  1.958070e+02  1.242480e+02  0.000000e+00
     vertex  1.958070e+02  1.242480e+02  4.000000e+00
     vertex  1.958070e+02  4.587230e+00  0.000000e+00
   endloop
 endfacet
 facet normal -1.354093e-02  9.999083e-01  0.000000e+00
   outer loop
     vertex  5.085743e+00  1.292462e+02  4.000000e+00
     vertex  5.221140e+00  1.292480e+02  0.000000e+00
     vertex  5.085743e+00  1.292462e+02  0.000000e+00
   endloop
 endfacet
 facet normal -1.354093e-02  9.999083e-01 -3.748371e-20
   outer loop
     vertex  5.085743e+00  1.292462e+02  4.000000e+00
     vertex  5.221140e+00  1.292480e+02  4.000000e+00
     vertex  5.221140e+00  1.292480e+02  0.000000e+00
   endloop
 endfacet
 facet normal -4.061287e-02  9.991750e-01  0.000000e+00
   outer loop
     vertex  4.950445e+00  1.292407e+02  4.000000e+00
     vertex  5.085743e+00  1.292462e+02  0.000000e+00
     vertex  4.950445e+00  1.292407e+02  0.000000e+00
   endloop
 endfacet
 facet normal -4.061287e-02  9.991750e-01  5.123011e-20
   outer loop
     vertex  4.950445e+00  1.292407e+02  4.000000e+00
     vertex  5.085743e+00  1.292462e+02  4.000000e+00
     vertex  5.085743e+00  1.292462e+02  0.000000e+00
   endloop
 endfacet
 facet normal -6.765502e-02  9.977088e-01  0.000000e+00
   outer loop
     vertex  4.815346e+00  1.292315e+02  4.000000e+00
     vertex  4.950445e+00  1.292407e+02  0.000000e+00
     vertex  4.815346e+00  1.292315e+02  0.000000e+00
   endloop
 endfacet
 facet normal -6.765502e-02  9.977088e-01 -1.901409e-20
   outer loop
     vertex  4.815346e+00  1.292315e+02  4.000000e+00
     vertex  4.950445e+00  1.292407e+02  4.000000e+00
     vertex  4.950445e+00  1.292407e+02  0.000000e+00
   endloop
 endfacet
 facet normal -9.464755e-02  9.955108e-01  0.000000e+00
   outer loop
     vertex  4.680545e+00  1.292187e+02  4.000000e+00
     vertex  4.815346e+00  1.292315e+02  0.000000e+00
     vertex  4.680545e+00  1.292187e+02  0.000000e+00
   endloop
 endfacet
 facet normal -9.464755e-02  9.955108e-01 -1.150471e-20
   outer loop
     vertex  4.680545e+00  1.292187e+02  4.000000e+00
     vertex  4.815346e+00  1.292315e+02  4.000000e+00
     vertex  4.815346e+00  1.292315e+02  0.000000e+00
   endloop
 endfacet
 facet normal -1.215707e-01  9.925828e-01  0.000000e+00
   outer loop
     vertex  4.546140e+00  1.292022e+02  4.000000e+00
     vertex  4.680545e+00  1.292187e+02  0.000000e+00
     vertex  4.546140e+00  1.292022e+02  0.000000e+00
   endloop
 endfacet
 facet normal -1.215707e-01  9.925828e-01  3.953195e-19
   outer loop
     vertex  4.546140e+00  1.292022e+02  4.000000e+00
     vertex  4.680545e+00  1.292187e+02  4.000000e+00
     vertex  4.680545e+00  1.292187e+02  0.000000e+00
   endloop
 endfacet
 facet normal -1.484046e-01  9.889267e-01  0.000000e+00
   outer loop
     vertex  4.412230e+00  1.291821e+02  4.000000e+00
     vertex  4.546140e+00  1.292022e+02  0.000000e+00
     vertex  4.412230e+00  1.291821e+02  0.000000e+00
   endloop
 endfacet
 facet normal -1.484046e-01  9.889267e-01 -2.664700e-19
   outer loop
     vertex  4.412230e+00  1.291821e+02  4.000000e+00
     vertex  4.546140e+00  1.292022e+02  4.000000e+00
     vertex  4.546140e+00  1.292022e+02  0.000000e+00
   endloop
 endfacet
 facet normal -1.751297e-01  9.845454e-01  0.000000e+00
   outer loop
     vertex  4.278913e+00  1.291584e+02  4.000000e+00
     vertex  4.412230e+00  1.291821e+02  0.000000e+00
     vertex  4.278913e+00  1.291584e+02  0.000000e+00
   endloop
 endfacet
 facet normal -1.751297e-01  9.845454e-01  2.213636e-19
   outer loop
     vertex  4.278913e+00  1.291584e+02  4.000000e+00
     vertex  4.412230e+00  1.291821e+02  4.000000e+00
     vertex  4.412230e+00  1.291821e+02  0.000000e+00
   endloop
 endfacet
 facet normal -2.017264e-01  9.794419e-01  0.000000e+00
   outer loop
     vertex  4.146288e+00  1.291311e+02  4.000000e+00
     vertex  4.278913e+00  1.291584e+02  0.000000e+00
     vertex  4.146288e+00  1.291311e+02  0.000000e+00
   endloop
 endfacet
 facet normal -2.017264e-01  9.794419e-01 -3.647766e-19
   outer loop
     vertex  4.146288e+00  1.291311e+02  4.000000e+00
     vertex  4.278913e+00  1.291584e+02  4.000000e+00
     vertex  4.278913e+00  1.291584e+02  0.000000e+00
   endloop
 endfacet
 facet normal -2.281751e-01  9.736201e-01  0.000000e+00
   outer loop
     vertex  4.014451e+00  1.291002e+02  4.000000e+00
     vertex  4.146288e+00  1.291311e+02  0.000000e+00
     vertex  4.014451e+00  1.291002e+02  0.000000e+00
   endloop
 endfacet
 facet normal -2.544564e-01  9.670842e-01  0.000000e+00
   outer loop
     vertex  4.014451e+00  1.291002e+02  4.000000e+00
     vertex  4.014451e+00  1.291002e+02  0.000000e+00
     vertex  3.883498e+00  1.290657e+02  0.000000e+00
   endloop
 endfacet
 facet normal -2.281751e-01  9.736201e-01 -2.282403e-20
   outer loop
     vertex  4.014451e+00  1.291002e+02  4.000000e+00
     vertex  4.146288e+00  1.291311e+02  4.000000e+00
     vertex  4.146288e+00  1.291311e+02  0.000000e+00
   endloop
 endfacet
 facet normal -2.544564e-01  9.670842e-01  0.000000e+00
   outer loop
     vertex  3.883498e+00  1.290657e+02  4.000000e+00
     vertex  4.014451e+00  1.291002e+02  4.000000e+00
     vertex  3.883498e+00  1.290657e+02  0.000000e+00
   endloop
 endfacet
 facet normal -2.805512e-01  9.598391e-01  0.000000e+00
   outer loop
     vertex  3.753527e+00  1.290278e+02  4.000000e+00
     vertex  3.883498e+00  1.290657e+02  0.000000e+00
     vertex  3.753527e+00  1.290278e+02  0.000000e+00
   endloop
 endfacet
 facet normal -2.805512e-01  9.598391e-01  2.849589e-19
   outer loop
     vertex  3.753527e+00  1.290278e+02  4.000000e+00
     vertex  3.883498e+00  1.290657e+02  4.000000e+00
     vertex  3.883498e+00  1.290657e+02  0.000000e+00
   endloop
 endfacet
 facet normal -3.064401e-01  9.518899e-01  0.000000e+00
   outer loop
     vertex  3.624632e+00  1.289863e+02  4.000000e+00
     vertex  3.753527e+00  1.290278e+02  0.000000e+00
     vertex  3.624632e+00  1.289863e+02  0.000000e+00
   endloop
 endfacet
 facet normal -3.064401e-01  9.518899e-01 -6.830428e-19
   outer loop
     vertex  3.624632e+00  1.289863e+02  4.000000e+00
     vertex  3.753527e+00  1.290278e+02  4.000000e+00
     vertex  3.753527e+00  1.290278e+02  0.000000e+00
   endloop
 endfacet
 facet normal -3.321044e-01  9.432426e-01  0.000000e+00
   outer loop
     vertex  3.496908e+00  1.289413e+02  4.000000e+00
     vertex  3.624632e+00  1.289863e+02  0.000000e+00
     vertex  3.496908e+00  1.289413e+02  0.000000e+00
   endloop
 endfacet
 facet normal -3.575250e-01  9.339036e-01  0.000000e+00
   outer loop
     vertex  3.496908e+00  1.289413e+02  4.000000e+00
     vertex  3.496908e+00  1.289413e+02  0.000000e+00
     vertex  3.370449e+00  1.288929e+02  0.000000e+00
   endloop
 endfacet
 facet normal -3.321044e-01  9.432426e-01  5.463760e-19
   outer loop
     vertex  3.496908e+00  1.289413e+02  4.000000e+00
     vertex  3.624632e+00  1.289863e+02  4.000000e+00
     vertex  3.624632e+00  1.289863e+02  0.000000e+00
   endloop
 endfacet
 facet normal -3.575250e-01  9.339036e-01  0.000000e+00
   outer loop
     vertex  3.370449e+00  1.288929e+02  4.000000e+00
     vertex  3.496908e+00  1.289413e+02  4.000000e+00
     vertex  3.370449e+00  1.288929e+02  0.000000e+00
   endloop
 endfacet
 facet normal -3.826834e-01  9.238795e-01  0.000000e+00
   outer loop
     vertex  3.245347e+00  1.288411e+02  4.000000e+00
     vertex  3.370449e+00  1.288929e+02  0.000000e+00
     vertex  3.245347e+00  1.288411e+02  0.000000e+00
   endloop
 endfacet
 facet normal -3.826834e-01  9.238795e-01  5.501692e-19
   outer loop
     vertex  3.245347e+00  1.288411e+02  4.000000e+00
     vertex  3.370449e+00  1.288929e+02  4.000000e+00
     vertex  3.370449e+00  1.288929e+02  0.000000e+00
   endloop
 endfacet
 facet normal -4.075612e-01  9.131779e-01  0.000000e+00
   outer loop
     vertex  3.121694e+00  1.287859e+02  4.000000e+00
     vertex  3.245347e+00  1.288411e+02  0.000000e+00
     vertex  3.121694e+00  1.287859e+02  0.000000e+00
   endloop
 endfacet
 facet normal -4.075612e-01  9.131779e-01 -4.306788e-19
   outer loop
     vertex  3.121694e+00  1.287859e+02  4.000000e+00
     vertex  3.245347e+00  1.288411e+02  4.000000e+00
     vertex  3.245347e+00  1.288411e+02  0.000000e+00
   endloop
 endfacet
 facet normal -4.321400e-01  9.018065e-01  0.000000e+00
   outer loop
     vertex  2.999581e+00  1.287274e+02  4.000000e+00
     vertex  3.121694e+00  1.287859e+02  0.000000e+00
     vertex  2.999581e+00  1.287274e+02  0.000000e+00
   endloop
 endfacet
 facet normal -4.321400e-01  9.018065e-01  3.758987e-19
   outer loop
     vertex  2.999581e+00  1.287274e+02  4.000000e+00
     vertex  3.121694e+00  1.287859e+02  4.000000e+00
     vertex  3.121694e+00  1.287859e+02  0.000000e+00
   endloop
 endfacet
 facet normal -4.564019e-01  8.897737e-01  0.000000e+00
   outer loop
     vertex  2.879098e+00  1.286656e+02  4.000000e+00
     vertex  2.999581e+00  1.287274e+02  0.000000e+00
     vertex  2.879098e+00  1.286656e+02  0.000000e+00
   endloop
 endfacet
 facet normal -4.564019e-01  8.897737e-01 -3.631571e-19
   outer loop
     vertex  2.879098e+00  1.286656e+02  4.000000e+00
     vertex  2.999581e+00  1.287274e+02  4.000000e+00
     vertex  2.999581e+00  1.287274e+02  0.000000e+00
   endloop
 endfacet
 facet normal -4.803291e-01  8.770884e-01  0.000000e+00
   outer loop
     vertex  2.760332e+00  1.286005e+02  4.000000e+00
     vertex  2.879098e+00  1.286656e+02  0.000000e+00
     vertex  2.760332e+00  1.286005e+02  0.000000e+00
   endloop
 endfacet
 facet normal -4.803291e-01  8.770884e-01  4.806785e-19
   outer loop
     vertex  2.760332e+00  1.286005e+02  4.000000e+00
     vertex  2.879098e+00  1.286656e+02  4.000000e+00
     vertex  2.879098e+00  1.286656e+02  0.000000e+00
   endloop
 endfacet
 facet normal -5.039039e-01  8.637597e-01  0.000000e+00
   outer loop
     vertex  2.643371e+00  1.285323e+02  4.000000e+00
     vertex  2.760332e+00  1.286005e+02  0.000000e+00
     vertex  2.643371e+00  1.285323e+02  0.000000e+00
   endloop
 endfacet
 facet normal -5.039039e-01  8.637597e-01 -2.206161e-19
   outer loop
     vertex  2.643371e+00  1.285323e+02  4.000000e+00
     vertex  2.760332e+00  1.286005e+02  4.000000e+00
     vertex  2.760332e+00  1.286005e+02  0.000000e+00
   endloop
 endfacet
 facet normal -5.271092e-01  8.497975e-01  6.418762e-19
   outer loop
     vertex  2.528300e+00  1.284609e+02  4.000000e+00
     vertex  2.643371e+00  1.285323e+02  4.000000e+00
     vertex  2.643371e+00  1.285323e+02  0.000000e+00
   endloop
 endfacet
 facet normal -5.271092e-01  8.497975e-01  0.000000e+00
   outer loop
     vertex  2.528300e+00  1.284609e+02  4.000000e+00
     vertex  2.643371e+00  1.285323e+02  0.000000e+00
     vertex  2.528300e+00  1.284609e+02  0.000000e+00
   endloop
 endfacet
 facet normal -5.499279e-01  8.352121e-01  2.995573e-19
   outer loop
     vertex  2.415205e+00  1.283864e+02  4.000000e+00
     vertex  2.528300e+00  1.284609e+02  4.000000e+00
     vertex  2.528300e+00  1.284609e+02  0.000000e+00
   endloop
 endfacet
 facet normal -5.499279e-01  8.352121e-01  0.000000e+00
   outer loop
     vertex  2.415205e+00  1.283864e+02  4.000000e+00
     vertex  2.528300e+00  1.284609e+02  0.000000e+00
     vertex  2.415205e+00  1.283864e+02  0.000000e+00
   endloop
 endfacet
 facet normal -5.723433e-01  8.200141e-01 -8.503339e-19
   outer loop
     vertex  2.304167e+00  1.283089e+02  4.000000e+00
     vertex  2.415205e+00  1.283864e+02  4.000000e+00
     vertex  2.415205e+00  1.283864e+02  0.000000e+00
   endloop
 endfacet
 facet normal -5.723433e-01  8.200141e-01  0.000000e+00
   outer loop
     vertex  2.304167e+00  1.283089e+02  4.000000e+00
     vertex  2.415205e+00  1.283864e+02  0.000000e+00
     vertex  2.304167e+00  1.283089e+02  0.000000e+00
   endloop
 endfacet
 facet normal -5.943389e-01  8.042147e-01  0.000000e+00
   outer loop
     vertex  2.304167e+00  1.283089e+02  4.000000e+00
     vertex  2.304167e+00  1.283089e+02  0.000000e+00
     vertex  2.195269e+00  1.282285e+02  0.000000e+00
   endloop
 endfacet
 facet normal -5.943389e-01  8.042147e-01  0.000000e+00
   outer loop
     vertex  2.195269e+00  1.282285e+02  4.000000e+00
     vertex  2.304167e+00  1.283089e+02  4.000000e+00
     vertex  2.195269e+00  1.282285e+02  0.000000e+00
   endloop
 endfacet
 facet normal -6.158986e-01  7.878255e-01 -2.821513e-19
   outer loop
     vertex  2.088590e+00  1.281451e+02  4.000000e+00
     vertex  2.195269e+00  1.282285e+02  4.000000e+00
     vertex  2.195269e+00  1.282285e+02  0.000000e+00
   endloop
 endfacet
 facet normal -6.158986e-01  7.878255e-01  0.000000e+00
   outer loop
     vertex  2.088590e+00  1.281451e+02  4.000000e+00
     vertex  2.195269e+00  1.282285e+02  0.000000e+00
     vertex  2.088590e+00  1.281451e+02  0.000000e+00
   endloop
 endfacet
 facet normal -6.370065e-01  7.708584e-01  0.000000e+00
   outer loop
     vertex  1.984209e+00  1.280588e+02  4.000000e+00
     vertex  2.088590e+00  1.281451e+02  0.000000e+00
     vertex  1.984209e+00  1.280588e+02  0.000000e+00
   endloop
 endfacet
 facet normal -6.370065e-01  7.708584e-01 -8.028497e-19
   outer loop
     vertex  1.984209e+00  1.280588e+02  4.000000e+00
     vertex  2.088590e+00  1.281451e+02  4.000000e+00
     vertex  2.088590e+00  1.281451e+02  0.000000e+00
   endloop
 endfacet
 facet normal -6.576473e-01  7.533260e-01  0.000000e+00
   outer loop
     vertex  1.882201e+00  1.279698e+02  4.000000e+00
     vertex  1.984209e+00  1.280588e+02  0.000000e+00
     vertex  1.882201e+00  1.279698e+02  0.000000e+00
   endloop
 endfacet
 facet normal -6.576473e-01  7.533260e-01 -3.178918e-19
   outer loop
     vertex  1.882201e+00  1.279698e+02  4.000000e+00
     vertex  1.984209e+00  1.280588e+02  4.000000e+00
     vertex  1.984209e+00  1.280588e+02  0.000000e+00
   endloop
 endfacet
 facet normal -6.778058e-01  7.352410e-01  0.000000e+00
   outer loop
     vertex  1.782643e+00  1.278780e+02  4.000000e+00
     vertex  1.882201e+00  1.279698e+02  0.000000e+00
     vertex  1.782643e+00  1.278780e+02  0.000000e+00
   endloop
 endfacet
 facet normal -6.778058e-01  7.352410e-01 -7.451751e-19
   outer loop
     vertex  1.782643e+00  1.278780e+02  4.000000e+00
     vertex  1.882201e+00  1.279698e+02  4.000000e+00
     vertex  1.882201e+00  1.279698e+02  0.000000e+00
   endloop
 endfacet
 facet normal -6.974671e-01  7.166168e-01  0.000000e+00
   outer loop
     vertex  1.685606e+00  1.277835e+02  4.000000e+00
     vertex  1.782643e+00  1.278780e+02  0.000000e+00
     vertex  1.685606e+00  1.277835e+02  0.000000e+00
   endloop
 endfacet
 facet normal -6.974671e-01  7.166168e-01 -3.379670e-19
   outer loop
     vertex  1.685606e+00  1.277835e+02  4.000000e+00
     vertex  1.782643e+00  1.278780e+02  4.000000e+00
     vertex  1.782643e+00  1.278780e+02  0.000000e+00
   endloop
 endfacet
 facet normal -7.166168e-01  6.974671e-01  0.000000e+00
   outer loop
     vertex  1.591163e+00  1.276865e+02  4.000000e+00
     vertex  1.685606e+00  1.277835e+02  0.000000e+00
     vertex  1.591163e+00  1.276865e+02  0.000000e+00
   endloop
 endfacet
 facet normal -7.166168e-01  6.974671e-01  4.921996e-19
   outer loop
     vertex  1.591163e+00  1.276865e+02  4.000000e+00
     vertex  1.685606e+00  1.277835e+02  4.000000e+00
     vertex  1.685606e+00  1.277835e+02  0.000000e+00
   endloop
 endfacet
 facet normal -7.352410e-01  6.778058e-01  0.000000e+00
   outer loop
     vertex  1.499381e+00  1.275869e+02  4.000000e+00
     vertex  1.591163e+00  1.276865e+02  0.000000e+00
     vertex  1.499381e+00  1.275869e+02  0.000000e+00
   endloop
 endfacet
 facet normal -7.533260e-01  6.576473e-01  0.000000e+00
   outer loop
     vertex  1.499381e+00  1.275869e+02  4.000000e+00
     vertex  1.499381e+00  1.275869e+02  0.000000e+00
     vertex  1.410330e+00  1.274849e+02  0.000000e+00
   endloop
 endfacet
 facet normal -7.352410e-01  6.778058e-01  1.093639e-18
   outer loop
     vertex  1.499381e+00  1.275869e+02  4.000000e+00
     vertex  1.591163e+00  1.276865e+02  4.000000e+00
     vertex  1.591163e+00  1.276865e+02  0.000000e+00
   endloop
 endfacet
 facet normal -7.533260e-01  6.576473e-01  0.000000e+00
   outer loop
     vertex  1.410330e+00  1.274849e+02  4.000000e+00
     vertex  1.499381e+00  1.275869e+02  4.000000e+00
     vertex  1.410330e+00  1.274849e+02  0.000000e+00
   endloop
 endfacet
 facet normal -7.708584e-01  6.370065e-01  0.000000e+00
   outer loop
     vertex  1.324073e+00  1.273805e+02  4.000000e+00
     vertex  1.410330e+00  1.274849e+02  0.000000e+00
     vertex  1.324073e+00  1.273805e+02  0.000000e+00
   endloop
 endfacet
 facet normal -7.708584e-01  6.370065e-01  5.098473e-20
   outer loop
     vertex  1.324073e+00  1.273805e+02  4.000000e+00
     vertex  1.410330e+00  1.274849e+02  4.000000e+00
     vertex  1.410330e+00  1.274849e+02  0.000000e+00
   endloop
 endfacet
 facet normal -7.878255e-01  6.158986e-01  0.000000e+00
   outer loop
     vertex  1.240675e+00  1.272739e+02  4.000000e+00
     vertex  1.324073e+00  1.273805e+02  0.000000e+00
     vertex  1.240675e+00  1.272739e+02  0.000000e+00
   endloop
 endfacet
 facet normal -7.878255e-01  6.158986e-01 -9.917358e-19
   outer loop
     vertex  1.240675e+00  1.272739e+02  4.000000e+00
     vertex  1.324073e+00  1.273805e+02  4.000000e+00
     vertex  1.324073e+00  1.273805e+02  0.000000e+00
   endloop
 endfacet
 facet normal -8.042147e-01  5.943389e-01  0.000000e+00
   outer loop
     vertex  1.160196e+00  1.271650e+02  4.000000e+00
     vertex  1.240675e+00  1.272739e+02  0.000000e+00
     vertex  1.160196e+00  1.271650e+02  0.000000e+00
   endloop
 endfacet
 facet normal -8.042147e-01  5.943389e-01  3.426261e-20
   outer loop
     vertex  1.160196e+00  1.271650e+02  4.000000e+00
     vertex  1.240675e+00  1.272739e+02  4.000000e+00
     vertex  1.240675e+00  1.272739e+02  0.000000e+00
   endloop
 endfacet
 facet normal -8.200141e-01  5.723433e-01  0.000000e+00
   outer loop
     vertex  1.082695e+00  1.270539e+02  4.000000e+00
     vertex  1.160196e+00  1.271650e+02  0.000000e+00
     vertex  1.082695e+00  1.270539e+02  0.000000e+00
   endloop
 endfacet
 facet normal -8.200141e-01  5.723433e-01 -2.794064e-19
   outer loop
     vertex  1.082695e+00  1.270539e+02  4.000000e+00
     vertex  1.160196e+00  1.271650e+02  4.000000e+00
     vertex  1.160196e+00  1.271650e+02  0.000000e+00
   endloop
 endfacet
 facet normal -8.352121e-01  5.499279e-01  0.000000e+00
   outer loop
     vertex  1.008230e+00  1.269408e+02  4.000000e+00
     vertex  1.082695e+00  1.270539e+02  0.000000e+00
     vertex  1.008230e+00  1.269408e+02  0.000000e+00
   endloop
 endfacet
 facet normal -8.352121e-01  5.499279e-01 -9.137031e-19
   outer loop
     vertex  1.008230e+00  1.269408e+02  4.000000e+00
     vertex  1.082695e+00  1.270539e+02  4.000000e+00
     vertex  1.082695e+00  1.270539e+02  0.000000e+00
   endloop
 endfacet
 facet normal -8.497975e-01  5.271092e-01  0.000000e+00
   outer loop
     vertex  9.368541e-01  1.268258e+02  4.000000e+00
     vertex  1.008230e+00  1.269408e+02  0.000000e+00
     vertex  9.368541e-01  1.268258e+02  0.000000e+00
   endloop
 endfacet
 facet normal -8.497975e-01  5.271092e-01  1.013911e-18
   outer loop
     vertex  9.368541e-01  1.268258e+02  4.000000e+00
     vertex  1.008230e+00  1.269408e+02  4.000000e+00
     vertex  1.008230e+00  1.269408e+02  0.000000e+00
   endloop
 endfacet
 facet normal -8.637597e-01  5.039039e-01  0.000000e+00
   outer loop
     vertex  8.686208e-01  1.267088e+02  4.000000e+00
     vertex  9.368541e-01  1.268258e+02  0.000000e+00
     vertex  8.686208e-01  1.267088e+02  0.000000e+00
   endloop
 endfacet
 facet normal -8.637597e-01  5.039039e-01  5.985948e-19
   outer loop
     vertex  8.686208e-01  1.267088e+02  4.000000e+00
     vertex  9.368541e-01  1.268258e+02  4.000000e+00
     vertex  9.368541e-01  1.268258e+02  0.000000e+00
   endloop
 endfacet
 facet normal -8.770884e-01  4.803291e-01  0.000000e+00
   outer loop
     vertex  8.035798e-01  1.265900e+02  4.000000e+00
     vertex  8.686208e-01  1.267088e+02  0.000000e+00
     vertex  8.035798e-01  1.265900e+02  0.000000e+00
   endloop
 endfacet
 facet normal -8.770884e-01  4.803291e-01 -2.645114e-19
   outer loop
     vertex  8.035798e-01  1.265900e+02  4.000000e+00
     vertex  8.686208e-01  1.267088e+02  4.000000e+00
     vertex  8.686208e-01  1.267088e+02  0.000000e+00
   endloop
 endfacet
 facet normal -8.897737e-01  4.564019e-01  0.000000e+00
   outer loop
     vertex  7.417787e-01  1.264696e+02  4.000000e+00
     vertex  8.035798e-01  1.265900e+02  0.000000e+00
     vertex  7.417787e-01  1.264696e+02  0.000000e+00
   endloop
 endfacet
 facet normal -9.018065e-01  4.321400e-01  0.000000e+00
   outer loop
     vertex  7.417787e-01  1.264696e+02  4.000000e+00
     vertex  7.417787e-01  1.264696e+02  0.000000e+00
     vertex  6.832629e-01  1.263474e+02  0.000000e+00
   endloop
 endfacet
 facet normal -8.897737e-01  4.564019e-01  2.098514e-19
   outer loop
     vertex  7.417787e-01  1.264696e+02  4.000000e+00
     vertex  8.035798e-01  1.265900e+02  4.000000e+00
     vertex  8.035798e-01  1.265900e+02  0.000000e+00
   endloop
 endfacet
 facet normal -9.018065e-01  4.321400e-01  0.000000e+00
   outer loop
     vertex  6.832629e-01  1.263474e+02  4.000000e+00
     vertex  7.417787e-01  1.264696e+02  4.000000e+00
     vertex  6.832629e-01  1.263474e+02  0.000000e+00
   endloop
 endfacet
 facet normal -9.131779e-01  4.075612e-01  0.000000e+00
   outer loop
     vertex  6.280753e-01  1.262238e+02  4.000000e+00
     vertex  6.832629e-01  1.263474e+02  0.000000e+00
     vertex  6.280753e-01  1.262238e+02  0.000000e+00
   endloop
 endfacet
 facet normal -9.131779e-01  4.075612e-01 -7.347617e-20
   outer loop
     vertex  6.280753e-01  1.262238e+02  4.000000e+00
     vertex  6.832629e-01  1.263474e+02  4.000000e+00
     vertex  6.832629e-01  1.263474e+02  0.000000e+00
   endloop
 endfacet
 facet normal -9.238795e-01  3.826834e-01  0.000000e+00
   outer loop
     vertex  5.762564e-01  1.260987e+02  4.000000e+00
     vertex  6.280753e-01  1.262238e+02  0.000000e+00
     vertex  5.762564e-01  1.260987e+02  0.000000e+00
   endloop
 endfacet
 facet normal -9.238795e-01  3.826834e-01  2.706070e-19
   outer loop
     vertex  5.762564e-01  1.260987e+02  4.000000e+00
     vertex  6.280753e-01  1.262238e+02  4.000000e+00
     vertex  6.280753e-01  1.262238e+02  0.000000e+00
   endloop
 endfacet
 facet normal -9.339036e-01  3.575250e-01  0.000000e+00
   outer loop
     vertex  5.278442e-01  1.259722e+02  4.000000e+00
     vertex  5.762564e-01  1.260987e+02  0.000000e+00
     vertex  5.278442e-01  1.259722e+02  0.000000e+00
   endloop
 endfacet
 facet normal -9.339036e-01  3.575250e-01 -6.581454e-19
   outer loop
     vertex  5.278442e-01  1.259722e+02  4.000000e+00
     vertex  5.762564e-01  1.260987e+02  4.000000e+00
     vertex  5.762564e-01  1.260987e+02  0.000000e+00
   endloop
 endfacet
 facet normal -9.432426e-01  3.321044e-01  6.827064e-19
   outer loop
     vertex  4.828741e-01  1.258445e+02  4.000000e+00
     vertex  5.278442e-01  1.259722e+02  4.000000e+00
     vertex  5.278442e-01  1.259722e+02  0.000000e+00
   endloop
 endfacet
 facet normal -9.432426e-01  3.321044e-01  0.000000e+00
   outer loop
     vertex  4.828741e-01  1.258445e+02  4.000000e+00
     vertex  5.278442e-01  1.259722e+02  0.000000e+00
     vertex  4.828741e-01  1.258445e+02  0.000000e+00
   endloop
 endfacet
 facet normal -9.518899e-01  3.064401e-01  0.000000e+00
   outer loop
     vertex  4.828741e-01  1.258445e+02  4.000000e+00
     vertex  4.828741e-01  1.258445e+02  0.000000e+00
     vertex  4.413793e-01  1.257156e+02  0.000000e+00
   endloop
 endfacet
 facet normal -9.518899e-01  3.064401e-01  0.000000e+00
   outer loop
     vertex  4.413793e-01  1.257156e+02  4.000000e+00
     vertex  4.828741e-01  1.258445e+02  4.000000e+00
     vertex  4.413793e-01  1.257156e+02  0.000000e+00
   endloop
 endfacet
 facet normal -9.598391e-01  2.805512e-01 -2.611876e-19
   outer loop
     vertex  4.033900e-01  1.255856e+02  4.000000e+00
     vertex  4.413793e-01  1.257156e+02  4.000000e+00
     vertex  4.413793e-01  1.257156e+02  0.000000e+00
   endloop
 endfacet
 facet normal -9.598391e-01  2.805512e-01  0.000000e+00
   outer loop
     vertex  4.033900e-01  1.255856e+02  4.000000e+00
     vertex  4.413793e-01  1.257156e+02  0.000000e+00
     vertex  4.033900e-01  1.255856e+02  0.000000e+00
   endloop
 endfacet
 facet normal -9.670842e-01  2.544564e-01  3.812558e-19
   outer loop
     vertex  3.689343e-01  1.254547e+02  4.000000e+00
     vertex  4.033900e-01  1.255856e+02  4.000000e+00
     vertex  4.033900e-01  1.255856e+02  0.000000e+00
   endloop
 endfacet
 facet normal -9.670842e-01  2.544564e-01  0.000000e+00
   outer loop
     vertex  3.689343e-01  1.254547e+02  4.000000e+00
     vertex  4.033900e-01  1.255856e+02  0.000000e+00
     vertex  3.689343e-01  1.254547e+02  0.000000e+00
   endloop
 endfacet
 facet normal -9.736201e-01  2.281751e-01  0.000000e+00
   outer loop
     vertex  3.689343e-01  1.254547e+02  4.000000e+00
     vertex  3.689343e-01  1.254547e+02  0.000000e+00
     vertex  3.380372e-01  1.253229e+02  0.000000e+00
   endloop
 endfacet
 facet normal -9.736201e-01  2.281751e-01  0.000000e+00
   outer loop
     vertex  3.380372e-01  1.253229e+02  4.000000e+00
     vertex  3.689343e-01  1.254547e+02  4.000000e+00
     vertex  3.380372e-01  1.253229e+02  0.000000e+00
   endloop
 endfacet
 facet normal -9.794419e-01  2.017264e-01 -2.238735e-19
   outer loop
     vertex  3.107216e-01  1.251902e+02  4.000000e+00
     vertex  3.380372e-01  1.253229e+02  4.000000e+00
     vertex  3.380372e-01  1.253229e+02  0.000000e+00
   endloop
 endfacet
 facet normal -9.794419e-01  2.017264e-01  0.000000e+00
   outer loop
     vertex  3.107216e-01  1.251902e+02  4.000000e+00
     vertex  3.380372e-01  1.253229e+02  0.000000e+00
     vertex  3.107216e-01  1.251902e+02  0.000000e+00
   endloop
 endfacet
 facet normal -9.845454e-01  1.751297e-01  3.936571e-20
   outer loop
     vertex  2.870074e-01  1.250569e+02  4.000000e+00
     vertex  3.107216e-01  1.251902e+02  4.000000e+00
     vertex  3.107216e-01  1.251902e+02  0.000000e+00
   endloop
 endfacet
 facet normal -9.845454e-01  1.751297e-01  0.000000e+00
   outer loop
     vertex  2.870074e-01  1.250569e+02  4.000000e+00
     vertex  3.107216e-01  1.251902e+02  0.000000e+00
     vertex  2.870074e-01  1.250569e+02  0.000000e+00
   endloop
 endfacet
 facet normal -9.889267e-01  1.484046e-01 -2.319155e-19
   outer loop
     vertex  2.669120e-01  1.249230e+02  4.000000e+00
     vertex  2.870074e-01  1.250569e+02  4.000000e+00
     vertex  2.870074e-01  1.250569e+02  0.000000e+00
   endloop
 endfacet
 facet normal -9.889267e-01  1.484046e-01  0.000000e+00
   outer loop
     vertex  2.669120e-01  1.249230e+02  4.000000e+00
     vertex  2.870074e-01  1.250569e+02  0.000000e+00
     vertex  2.669120e-01  1.249230e+02  0.000000e+00
   endloop
 endfacet
 facet normal -9.925828e-01  1.215707e-01  3.094177e-19
   outer loop
     vertex  2.504502e-01  1.247886e+02  4.000000e+00
     vertex  2.669120e-01  1.249230e+02  4.000000e+00
     vertex  2.669120e-01  1.249230e+02  0.000000e+00
   endloop
 endfacet
 facet normal -9.925828e-01  1.215707e-01  0.000000e+00
   outer loop
     vertex  2.504502e-01  1.247886e+02  4.000000e+00
     vertex  2.669120e-01  1.249230e+02  0.000000e+00
     vertex  2.504502e-01  1.247886e+02  0.000000e+00
   endloop
 endfacet
 facet normal -9.955108e-01  9.464755e-02  8.817800e-20
   outer loop
     vertex  2.376341e-01  1.246538e+02  4.000000e+00
     vertex  2.504502e-01  1.247886e+02  4.000000e+00
     vertex  2.504502e-01  1.247886e+02  0.000000e+00
   endloop
 endfacet
 facet normal -9.955108e-01  9.464755e-02  0.000000e+00
   outer loop
     vertex  2.376341e-01  1.246538e+02  4.000000e+00
     vertex  2.504502e-01  1.247886e+02  0.000000e+00
     vertex  2.376341e-01  1.246538e+02  0.000000e+00
   endloop
 endfacet
 facet normal -9.977088e-01  6.765502e-02 -2.268308e-20
   outer loop
     vertex  2.284729e-01  1.245187e+02  4.000000e+00
     vertex  2.376341e-01  1.246538e+02  4.000000e+00
     vertex  2.376341e-01  1.246538e+02  0.000000e+00
   endloop
 endfacet
 facet normal -9.977088e-01  6.765502e-02  0.000000e+00
   outer loop
     vertex  2.284729e-01  1.245187e+02  4.000000e+00
     vertex  2.376341e-01  1.246538e+02  0.000000e+00
     vertex  2.284729e-01  1.245187e+02  0.000000e+00
   endloop
 endfacet
 facet normal -9.991750e-01  4.061287e-02 -3.383366e-20
   outer loop
     vertex  2.229736e-01  1.243834e+02  4.000000e+00
     vertex  2.284729e-01  1.245187e+02  4.000000e+00
     vertex  2.284729e-01  1.245187e+02  0.000000e+00
   endloop
 endfacet
 facet normal -9.991750e-01  4.061287e-02  0.000000e+00
   outer loop
     vertex  2.229736e-01  1.243834e+02  4.000000e+00
     vertex  2.284729e-01  1.245187e+02  0.000000e+00
     vertex  2.229736e-01  1.243834e+02  0.000000e+00
   endloop
 endfacet
 facet normal -9.999083e-01  1.354093e-02 -2.473122e-20
   outer loop
     vertex  2.211400e-01  1.242480e+02  4.000000e+00
     vertex  2.229736e-01  1.243834e+02  4.000000e+00
     vertex  2.229736e-01  1.243834e+02  0.000000e+00
   endloop
 endfacet
 facet normal -9.999083e-01  1.354093e-02  0.000000e+00
   outer loop
     vertex  2.211400e-01  1.242480e+02  4.000000e+00
     vertex  2.229736e-01  1.243834e+02  0.000000e+00
     vertex  2.211400e-01  1.242480e+02  0.000000e+00
   endloop
 endfacet
 facet normal  9.999083e-01  1.354093e-02  0.000000e+00
   outer loop
     vertex  1.958052e+02  1.243834e+02  4.000000e+00
     vertex  1.958070e+02  1.242480e+02  0.000000e+00
     vertex  1.958052e+02  1.243834e+02  0.000000e+00
   endloop
 endfacet
 facet normal  9.999083e-01  1.354093e-02 -2.961962e-20
   outer loop
     vertex  1.958052e+02  1.243834e+02  4.000000e+00
     vertex  1.958070e+02  1.242480e+02  4.000000e+00
     vertex  1.958070e+02  1.242480e+02  0.000000e+00
   endloop
 endfacet
 facet normal  9.991750e-01  4.061287e-02  0.000000e+00
   outer loop
     vertex  1.957997e+02  1.245187e+02  4.000000e+00
     vertex  1.958052e+02  1.243834e+02  0.000000e+00
     vertex  1.957997e+02  1.245187e+02  0.000000e+00
   endloop
 endfacet
 facet normal  9.991750e-01  4.061287e-02  8.796213e-20
   outer loop
     vertex  1.957997e+02  1.245187e+02  4.000000e+00
     vertex  1.958052e+02  1.243834e+02  4.000000e+00
     vertex  1.958052e+02  1.243834e+02  0.000000e+00
   endloop
 endfacet
 facet normal  9.977088e-01  6.765502e-02  0.000000e+00
   outer loop
     vertex  1.957905e+02  1.246538e+02  4.000000e+00
     vertex  1.957997e+02  1.245187e+02  0.000000e+00
     vertex  1.957905e+02  1.246538e+02  0.000000e+00
   endloop
 endfacet
 facet normal  9.977088e-01  6.765502e-02 -1.140300e-19
   outer loop
     vertex  1.957905e+02  1.246538e+02  4.000000e+00
     vertex  1.957997e+02  1.245187e+02  4.000000e+00
     vertex  1.957997e+02  1.245187e+02  0.000000e+00
   endloop
 endfacet
 facet normal  9.955108e-01  9.464755e-02  0.000000e+00
   outer loop
     vertex  1.957777e+02  1.247886e+02  4.000000e+00
     vertex  1.957905e+02  1.246538e+02  0.000000e+00
     vertex  1.957777e+02  1.247886e+02  0.000000e+00
   endloop
 endfacet
 facet normal  9.925828e-01  1.215707e-01  0.000000e+00
   outer loop
     vertex  1.957777e+02  1.247886e+02  4.000000e+00
     vertex  1.957777e+02  1.247886e+02  0.000000e+00
     vertex  1.957612e+02  1.249230e+02  0.000000e+00
   endloop
 endfacet
 facet normal  9.955108e-01  9.464755e-02 -1.946721e-19
   outer loop
     vertex  1.957777e+02  1.247886e+02  4.000000e+00
     vertex  1.957905e+02  1.246538e+02  4.000000e+00
     vertex  1.957905e+02  1.246538e+02  0.000000e+00
   endloop
 endfacet
 facet normal  9.925828e-01  1.215707e-01  0.000000e+00
   outer loop
     vertex  1.957612e+02  1.249230e+02  4.000000e+00
     vertex  1.957777e+02  1.247886e+02  4.000000e+00
     vertex  1.957612e+02  1.249230e+02  0.000000e+00
   endloop
 endfacet
 facet normal  9.889267e-01  1.484046e-01  0.000000e+00
   outer loop
     vertex  1.957411e+02  1.250569e+02  4.000000e+00
     vertex  1.957612e+02  1.249230e+02  0.000000e+00
     vertex  1.957411e+02  1.250569e+02  0.000000e+00
   endloop
 endfacet
 facet normal  9.889267e-01  1.484046e-01  1.774823e-20
   outer loop
     vertex  1.957411e+02  1.250569e+02  4.000000e+00
     vertex  1.957612e+02  1.249230e+02  4.000000e+00
     vertex  1.957612e+02  1.249230e+02  0.000000e+00
   endloop
 endfacet
 facet normal  9.845454e-01  1.751297e-01  0.000000e+00
   outer loop
     vertex  1.957174e+02  1.251902e+02  4.000000e+00
     vertex  1.957411e+02  1.250569e+02  0.000000e+00
     vertex  1.957174e+02  1.251902e+02  0.000000e+00
   endloop
 endfacet
 facet normal  9.845454e-01  1.751297e-01 -2.213636e-19
   outer loop
     vertex  1.957174e+02  1.251902e+02  4.000000e+00
     vertex  1.957411e+02  1.250569e+02  4.000000e+00
     vertex  1.957411e+02  1.250569e+02  0.000000e+00
   endloop
 endfacet
 facet normal  9.794419e-01  2.017264e-01  0.000000e+00
   outer loop
     vertex  1.956901e+02  1.253229e+02  4.000000e+00
     vertex  1.957174e+02  1.251902e+02  0.000000e+00
     vertex  1.956901e+02  1.253229e+02  0.000000e+00
   endloop
 endfacet
 facet normal  9.794419e-01  2.017264e-01 -2.514972e-19
   outer loop
     vertex  1.956901e+02  1.253229e+02  4.000000e+00
     vertex  1.957174e+02  1.251902e+02  4.000000e+00
     vertex  1.957174e+02  1.251902e+02  0.000000e+00
   endloop
 endfacet
 facet normal  9.736201e-01  2.281751e-01  0.000000e+00
   outer loop
     vertex  1.956592e+02  1.254547e+02  4.000000e+00
     vertex  1.956901e+02  1.253229e+02  0.000000e+00
     vertex  1.956592e+02  1.254547e+02  0.000000e+00
   endloop
 endfacet
 facet normal  9.670842e-01  2.544564e-01  0.000000e+00
   outer loop
     vertex  1.956592e+02  1.254547e+02  4.000000e+00
     vertex  1.956592e+02  1.254547e+02  0.000000e+00
     vertex  1.956247e+02  1.255856e+02  0.000000e+00
   endloop
 endfacet
 facet normal  9.736201e-01  2.281751e-01 -3.821694e-19
   outer loop
     vertex  1.956592e+02  1.254547e+02  4.000000e+00
     vertex  1.956901e+02  1.253229e+02  4.000000e+00
     vertex  1.956901e+02  1.253229e+02  0.000000e+00
   endloop
 endfacet
 facet normal  9.670842e-01  2.544564e-01  0.000000e+00
   outer loop
     vertex  1.956247e+02  1.255856e+02  4.000000e+00
     vertex  1.956592e+02  1.254547e+02  4.000000e+00
     vertex  1.956247e+02  1.255856e+02  0.000000e+00
   endloop
 endfacet
 facet normal  9.598391e-01  2.805512e-01  0.000000e+00
   outer loop
     vertex  1.955868e+02  1.257156e+02  4.000000e+00
     vertex  1.956247e+02  1.255856e+02  0.000000e+00
     vertex  1.955868e+02  1.257156e+02  0.000000e+00
   endloop
 endfacet
 facet normal  9.598391e-01  2.805512e-01 -7.606079e-19
   outer loop
     vertex  1.955868e+02  1.257156e+02  4.000000e+00
     vertex  1.956247e+02  1.255856e+02  4.000000e+00
     vertex  1.956247e+02  1.255856e+02  0.000000e+00
   endloop
 endfacet
 facet normal  9.518899e-01  3.064401e-01  0.000000e+00
   outer loop
     vertex  1.955453e+02  1.258445e+02  4.000000e+00
     vertex  1.955868e+02  1.257156e+02  0.000000e+00
     vertex  1.955453e+02  1.258445e+02  0.000000e+00
   endloop
 endfacet
 facet normal  9.432426e-01  3.321044e-01  0.000000e+00
   outer loop
     vertex  1.955453e+02  1.258445e+02  4.000000e+00
     vertex  1.955453e+02  1.258445e+02  0.000000e+00
     vertex  1.955003e+02  1.259722e+02  0.000000e+00
   endloop
 endfacet
 facet normal  9.518899e-01  3.064401e-01 -1.028039e-19
   outer loop
     vertex  1.955453e+02  1.258445e+02  4.000000e+00
     vertex  1.955868e+02  1.257156e+02  4.000000e+00
     vertex  1.955868e+02  1.257156e+02  0.000000e+00
   endloop
 endfacet
 facet normal  9.432426e-01  3.321044e-01  0.000000e+00
   outer loop
     vertex  1.955003e+02  1.259722e+02  4.000000e+00
     vertex  1.955453e+02  1.258445e+02  4.000000e+00
     vertex  1.955003e+02  1.259722e+02  0.000000e+00
   endloop
 endfacet
 facet normal  9.339036e-01  3.575250e-01  0.000000e+00
   outer loop
     vertex  1.954519e+02  1.260987e+02  4.000000e+00
     vertex  1.955003e+02  1.259722e+02  0.000000e+00
     vertex  1.954519e+02  1.260987e+02  0.000000e+00
   endloop
 endfacet
 facet normal  9.339036e-01  3.575250e-01  6.947470e-19
   outer loop
     vertex  1.954519e+02  1.260987e+02  4.000000e+00
     vertex  1.955003e+02  1.259722e+02  4.000000e+00
     vertex  1.955003e+02  1.259722e+02  0.000000e+00
   endloop
 endfacet
 facet normal  9.238795e-01  3.826834e-01  0.000000e+00
   outer loop
     vertex  1.954001e+02  1.262238e+02  4.000000e+00
     vertex  1.954519e+02  1.260987e+02  0.000000e+00
     vertex  1.954001e+02  1.262238e+02  0.000000e+00
   endloop
 endfacet
 facet normal  9.238795e-01  3.826834e-01  3.006099e-19
   outer loop
     vertex  1.954001e+02  1.262238e+02  4.000000e+00
     vertex  1.954519e+02  1.260987e+02  4.000000e+00
     vertex  1.954519e+02  1.260987e+02  0.000000e+00
   endloop
 endfacet
 facet normal  9.131779e-01  4.075612e-01  0.000000e+00
   outer loop
     vertex  1.953449e+02  1.263474e+02  4.000000e+00
     vertex  1.954001e+02  1.262238e+02  0.000000e+00
     vertex  1.953449e+02  1.263474e+02  0.000000e+00
   endloop
 endfacet
 facet normal  9.131779e-01  4.075612e-01  3.532197e-19
   outer loop
     vertex  1.953449e+02  1.263474e+02  4.000000e+00
     vertex  1.954001e+02  1.262238e+02  4.000000e+00
     vertex  1.954001e+02  1.262238e+02  0.000000e+00
   endloop
 endfacet
 facet normal  9.018065e-01  4.321400e-01  0.000000e+00
   outer loop
     vertex  1.952864e+02  1.264696e+02  4.000000e+00
     vertex  1.953449e+02  1.263474e+02  0.000000e+00
     vertex  1.952864e+02  1.264696e+02  0.000000e+00
   endloop
 endfacet
 facet normal  9.018065e-01  4.321400e-01 -1.841514e-19
   outer loop
     vertex  1.952864e+02  1.264696e+02  4.000000e+00
     vertex  1.953449e+02  1.263474e+02  4.000000e+00
     vertex  1.953449e+02  1.263474e+02  0.000000e+00
   endloop
 endfacet
 facet normal  8.897737e-01  4.564019e-01  0.000000e+00
   outer loop
     vertex  1.952246e+02  1.265900e+02  4.000000e+00
     vertex  1.952864e+02  1.264696e+02  0.000000e+00
     vertex  1.952246e+02  1.265900e+02  0.000000e+00
   endloop
 endfacet
 facet normal  8.770884e-01  4.803291e-01  0.000000e+00
   outer loop
     vertex  1.952246e+02  1.265900e+02  4.000000e+00
     vertex  1.952246e+02  1.265900e+02  0.000000e+00
     vertex  1.951595e+02  1.267088e+02  0.000000e+00
   endloop
 endfacet
 facet normal  8.897737e-01  4.564019e-01 -3.276498e-19
   outer loop
     vertex  1.952246e+02  1.265900e+02  4.000000e+00
     vertex  1.952864e+02  1.264696e+02  4.000000e+00
     vertex  1.952864e+02  1.264696e+02  0.000000e+00
   endloop
 endfacet
 facet normal  8.770884e-01  4.803291e-01  0.000000e+00
   outer loop
     vertex  1.951595e+02  1.267088e+02  4.000000e+00
     vertex  1.952246e+02  1.265900e+02  4.000000e+00
     vertex  1.951595e+02  1.267088e+02  0.000000e+00
   endloop
 endfacet
 facet normal  8.637597e-01  5.039039e-01  0.000000e+00
   outer loop
     vertex  1.950913e+02  1.268258e+02  4.000000e+00
     vertex  1.951595e+02  1.267088e+02  0.000000e+00
     vertex  1.950913e+02  1.268258e+02  0.000000e+00
   endloop
 endfacet
 facet normal  8.497975e-01  5.271092e-01  0.000000e+00
   outer loop
     vertex  1.950913e+02  1.268258e+02  4.000000e+00
     vertex  1.950913e+02  1.268258e+02  0.000000e+00
     vertex  1.950199e+02  1.269408e+02  0.000000e+00
   endloop
 endfacet
 facet normal  8.637597e-01  5.039039e-01  3.769216e-19
   outer loop
     vertex  1.950913e+02  1.268258e+02  4.000000e+00
     vertex  1.951595e+02  1.267088e+02  4.000000e+00
     vertex  1.951595e+02  1.267088e+02  0.000000e+00
   endloop
 endfacet
 facet normal  8.497975e-01  5.271092e-01  0.000000e+00
   outer loop
     vertex  1.950199e+02  1.269408e+02  4.000000e+00
     vertex  1.950913e+02  1.268258e+02  4.000000e+00
     vertex  1.950199e+02  1.269408e+02  0.000000e+00
   endloop
 endfacet
 facet normal  8.352121e-01  5.499279e-01  9.137031e-19
   outer loop
     vertex  1.949454e+02  1.270539e+02  4.000000e+00
     vertex  1.950199e+02  1.269408e+02  4.000000e+00
     vertex  1.950199e+02  1.269408e+02  0.000000e+00
   endloop
 endfacet
 facet normal  8.352121e-01  5.499279e-01  0.000000e+00
   outer loop
     vertex  1.949454e+02  1.270539e+02  4.000000e+00
     vertex  1.950199e+02  1.269408e+02  0.000000e+00
     vertex  1.949454e+02  1.270539e+02  0.000000e+00
   endloop
 endfacet
 facet normal  8.200141e-01  5.723433e-01  1.099871e-18
   outer loop
     vertex  1.948679e+02  1.271650e+02  4.000000e+00
     vertex  1.949454e+02  1.270539e+02  4.000000e+00
     vertex  1.949454e+02  1.270539e+02  0.000000e+00
   endloop
 endfacet
 facet normal  8.200141e-01  5.723433e-01  0.000000e+00
   outer loop
     vertex  1.948679e+02  1.271650e+02  4.000000e+00
     vertex  1.949454e+02  1.270539e+02  0.000000e+00
     vertex  1.948679e+02  1.271650e+02  0.000000e+00
   endloop
 endfacet
 facet normal  8.042147e-01  5.943389e-01  0.000000e+00
   outer loop
     vertex  1.948679e+02  1.271650e+02  4.000000e+00
     vertex  1.948679e+02  1.271650e+02  0.000000e+00
     vertex  1.947875e+02  1.272739e+02  0.000000e+00
   endloop
 endfacet
 facet normal  8.042147e-01  5.943389e-01  0.000000e+00
   outer loop
     vertex  1.947875e+02  1.272739e+02  4.000000e+00
     vertex  1.948679e+02  1.271650e+02  4.000000e+00
     vertex  1.947875e+02  1.272739e+02  0.000000e+00
   endloop
 endfacet
 facet normal  7.878255e-01  6.158986e-01 -6.787020e-19
   outer loop
     vertex  1.947041e+02  1.273805e+02  4.000000e+00
     vertex  1.947875e+02  1.272739e+02  4.000000e+00
     vertex  1.947875e+02  1.272739e+02  0.000000e+00
   endloop
 endfacet
 facet normal  7.878255e-01  6.158986e-01  0.000000e+00
   outer loop
     vertex  1.947041e+02  1.273805e+02  4.000000e+00
     vertex  1.947875e+02  1.272739e+02  0.000000e+00
     vertex  1.947041e+02  1.273805e+02  0.000000e+00
   endloop
 endfacet
 facet normal  7.708584e-01  6.370065e-01  0.000000e+00
   outer loop
     vertex  1.946178e+02  1.274849e+02  4.000000e+00
     vertex  1.947041e+02  1.273805e+02  0.000000e+00
     vertex  1.946178e+02  1.274849e+02  0.000000e+00
   endloop
 endfacet
 facet normal  7.708584e-01  6.370065e-01 -5.126420e-19
   outer loop
     vertex  1.946178e+02  1.274849e+02  4.000000e+00
     vertex  1.947041e+02  1.273805e+02  4.000000e+00
     vertex  1.947041e+02  1.273805e+02  0.000000e+00
   endloop
 endfacet
 facet normal  7.533260e-01  6.576473e-01  0.000000e+00
   outer loop
     vertex  1.945288e+02  1.275869e+02  4.000000e+00
     vertex  1.946178e+02  1.274849e+02  0.000000e+00
     vertex  1.945288e+02  1.275869e+02  0.000000e+00
   endloop
 endfacet
 facet normal  7.533260e-01  6.576473e-01  1.508491e-18
   outer loop
     vertex  1.945288e+02  1.275869e+02  4.000000e+00
     vertex  1.946178e+02  1.274849e+02  4.000000e+00
     vertex  1.946178e+02  1.274849e+02  0.000000e+00
   endloop
 endfacet
 facet normal  7.352410e-01  6.778058e-01  0.000000e+00
   outer loop
     vertex  1.944370e+02  1.276865e+02  4.000000e+00
     vertex  1.945288e+02  1.275869e+02  0.000000e+00
     vertex  1.944370e+02  1.276865e+02  0.000000e+00
   endloop
 endfacet
 facet normal  7.352410e-01  6.778058e-01  4.914250e-19
   outer loop
     vertex  1.944370e+02  1.276865e+02  4.000000e+00
     vertex  1.945288e+02  1.275869e+02  4.000000e+00
     vertex  1.945288e+02  1.275869e+02  0.000000e+00
   endloop
 endfacet
 facet normal  7.166168e-01  6.974671e-01  0.000000e+00
   outer loop
     vertex  1.943425e+02  1.277835e+02  4.000000e+00
     vertex  1.944370e+02  1.276865e+02  0.000000e+00
     vertex  1.943425e+02  1.277835e+02  0.000000e+00
   endloop
 endfacet
 facet normal  6.974671e-01  7.166168e-01  0.000000e+00
   outer loop
     vertex  1.943425e+02  1.277835e+02  4.000000e+00
     vertex  1.943425e+02  1.277835e+02  0.000000e+00
     vertex  1.942455e+02  1.278780e+02  0.000000e+00
   endloop
 endfacet
 facet normal  7.166168e-01  6.974671e-01 -5.330904e-19
   outer loop
     vertex  1.943425e+02  1.277835e+02  4.000000e+00
     vertex  1.944370e+02  1.276865e+02  4.000000e+00
     vertex  1.944370e+02  1.276865e+02  0.000000e+00
   endloop
 endfacet
 facet normal  6.974671e-01  7.166168e-01  0.000000e+00
   outer loop
     vertex  1.942455e+02  1.278780e+02  4.000000e+00
     vertex  1.943425e+02  1.277835e+02  4.000000e+00
     vertex  1.942455e+02  1.278780e+02  0.000000e+00
   endloop
 endfacet
 facet normal  6.778058e-01  7.352410e-01  0.000000e+00
   outer loop
     vertex  1.941459e+02  1.279698e+02  4.000000e+00
     vertex  1.942455e+02  1.278780e+02  0.000000e+00
     vertex  1.941459e+02  1.279698e+02  0.000000e+00
   endloop
 endfacet
 facet normal  6.778058e-01  7.352410e-01  1.024583e-18
   outer loop
     vertex  1.941459e+02  1.279698e+02  4.000000e+00
     vertex  1.942455e+02  1.278780e+02  4.000000e+00
     vertex  1.942455e+02  1.278780e+02  0.000000e+00
   endloop
 endfacet
 facet normal  6.576473e-01  7.533260e-01  0.000000e+00
   outer loop
     vertex  1.940439e+02  1.280588e+02  4.000000e+00
     vertex  1.941459e+02  1.279698e+02  0.000000e+00
     vertex  1.940439e+02  1.280588e+02  0.000000e+00
   endloop
 endfacet
 facet normal  6.576473e-01  7.533260e-01 -5.552757e-19
   outer loop
     vertex  1.940439e+02  1.280588e+02  4.000000e+00
     vertex  1.941459e+02  1.279698e+02  4.000000e+00
     vertex  1.941459e+02  1.279698e+02  0.000000e+00
   endloop
 endfacet
 facet normal  6.370065e-01  7.708584e-01  0.000000e+00
   outer loop
     vertex  1.939395e+02  1.281451e+02  4.000000e+00
     vertex  1.940439e+02  1.280588e+02  0.000000e+00
     vertex  1.939395e+02  1.281451e+02  0.000000e+00
   endloop
 endfacet
 facet normal  6.158986e-01  7.878255e-01  0.000000e+00
   outer loop
     vertex  1.939395e+02  1.281451e+02  4.000000e+00
     vertex  1.939395e+02  1.281451e+02  0.000000e+00
     vertex  1.938329e+02  1.282285e+02  0.000000e+00
   endloop
 endfacet
 facet normal  6.370065e-01  7.708584e-01 -5.126420e-19
   outer loop
     vertex  1.939395e+02  1.281451e+02  4.000000e+00
     vertex  1.940439e+02  1.280588e+02  4.000000e+00
     vertex  1.940439e+02  1.280588e+02  0.000000e+00
   endloop
 endfacet
 facet normal  6.158986e-01  7.878255e-01  0.000000e+00
   outer loop
     vertex  1.938329e+02  1.282285e+02  4.000000e+00
     vertex  1.939395e+02  1.281451e+02  4.000000e+00
     vertex  1.938329e+02  1.282285e+02  0.000000e+00
   endloop
 endfacet
 facet normal  5.943389e-01  8.042147e-01  0.000000e+00
   outer loop
     vertex  1.937240e+02  1.283089e+02  4.000000e+00
     vertex  1.938329e+02  1.282285e+02  0.000000e+00
     vertex  1.937240e+02  1.283089e+02  0.000000e+00
   endloop
 endfacet
 facet normal  5.943389e-01  8.042147e-01  1.551363e-18
   outer loop
     vertex  1.937240e+02  1.283089e+02  4.000000e+00
     vertex  1.938329e+02  1.282285e+02  4.000000e+00
     vertex  1.938329e+02  1.282285e+02  0.000000e+00
   endloop
 endfacet
 facet normal  5.723433e-01  8.200141e-01  0.000000e+00
   outer loop
     vertex  1.936129e+02  1.283864e+02  4.000000e+00
     vertex  1.937240e+02  1.283089e+02  0.000000e+00
     vertex  1.936129e+02  1.283864e+02  0.000000e+00
   endloop
 endfacet
 facet normal  5.723433e-01  8.200141e-01  7.319899e-19
   outer loop
     vertex  1.936129e+02  1.283864e+02  4.000000e+00
     vertex  1.937240e+02  1.283089e+02  4.000000e+00
     vertex  1.937240e+02  1.283089e+02  0.000000e+00
   endloop
 endfacet
 facet normal  5.499279e-01  8.352121e-01  0.000000e+00
   outer loop
     vertex  1.934998e+02  1.284609e+02  4.000000e+00
     vertex  1.936129e+02  1.283864e+02  0.000000e+00
     vertex  1.934998e+02  1.284609e+02  0.000000e+00
   endloop
 endfacet
 facet normal  5.271092e-01  8.497975e-01  0.000000e+00
   outer loop
     vertex  1.934998e+02  1.284609e+02  4.000000e+00
     vertex  1.934998e+02  1.284609e+02  0.000000e+00
     vertex  1.933848e+02  1.285323e+02  0.000000e+00
   endloop
 endfacet
 facet normal  5.499279e-01  8.352121e-01  8.484606e-19
   outer loop
     vertex  1.934998e+02  1.284609e+02  4.000000e+00
     vertex  1.936129e+02  1.283864e+02  4.000000e+00
     vertex  1.936129e+02  1.283864e+02  0.000000e+00
   endloop
 endfacet
 facet normal  5.271092e-01  8.497975e-01  0.000000e+00
   outer loop
     vertex  1.933848e+02  1.285323e+02  4.000000e+00
     vertex  1.934998e+02  1.284609e+02  4.000000e+00
     vertex  1.933848e+02  1.285323e+02  0.000000e+00
   endloop
 endfacet
 facet normal  5.039039e-01  8.637597e-01  0.000000e+00
   outer loop
     vertex  1.932678e+02  1.286005e+02  4.000000e+00
     vertex  1.933848e+02  1.285323e+02  0.000000e+00
     vertex  1.932678e+02  1.286005e+02  0.000000e+00
   endloop
 endfacet
 facet normal  5.039039e-01  8.637597e-01  3.769216e-19
   outer loop
     vertex  1.932678e+02  1.286005e+02  4.000000e+00
     vertex  1.933848e+02  1.285323e+02  4.000000e+00
     vertex  1.933848e+02  1.285323e+02  0.000000e+00
   endloop
 endfacet
 facet normal  4.803291e-01  8.770884e-01  0.000000e+00
   outer loop
     vertex  1.931490e+02  1.286656e+02  4.000000e+00
     vertex  1.932678e+02  1.286005e+02  0.000000e+00
     vertex  1.931490e+02  1.286656e+02  0.000000e+00
   endloop
 endfacet
 facet normal  4.803291e-01  8.770884e-01 -4.806785e-19
   outer loop
     vertex  1.931490e+02  1.286656e+02  4.000000e+00
     vertex  1.932678e+02  1.286005e+02  4.000000e+00
     vertex  1.932678e+02  1.286005e+02  0.000000e+00
   endloop
 endfacet
 facet normal  4.564019e-01  8.897737e-01  0.000000e+00
   outer loop
     vertex  1.930286e+02  1.287274e+02  4.000000e+00
     vertex  1.931490e+02  1.286656e+02  0.000000e+00
     vertex  1.930286e+02  1.287274e+02  0.000000e+00
   endloop
 endfacet
 facet normal  4.564019e-01  8.897737e-01 -3.276498e-19
   outer loop
     vertex  1.930286e+02  1.287274e+02  4.000000e+00
     vertex  1.931490e+02  1.286656e+02  4.000000e+00
     vertex  1.931490e+02  1.286656e+02  0.000000e+00
   endloop
 endfacet
 facet normal  4.321400e-01  9.018065e-01  0.000000e+00
   outer loop
     vertex  1.929064e+02  1.287859e+02  4.000000e+00
     vertex  1.930286e+02  1.287274e+02  0.000000e+00
     vertex  1.929064e+02  1.287859e+02  0.000000e+00
   endloop
 endfacet
 facet normal  4.075612e-01  9.131779e-01  0.000000e+00
   outer loop
     vertex  1.929064e+02  1.287859e+02  4.000000e+00
     vertex  1.929064e+02  1.287859e+02  0.000000e+00
     vertex  1.927828e+02  1.288411e+02  0.000000e+00
   endloop
 endfacet
 facet normal  4.321400e-01  9.018065e-01  2.597835e-19
   outer loop
     vertex  1.929064e+02  1.287859e+02  4.000000e+00
     vertex  1.930286e+02  1.287274e+02  4.000000e+00
     vertex  1.930286e+02  1.287274e+02  0.000000e+00
   endloop
 endfacet
 facet normal  4.075612e-01  9.131779e-01  0.000000e+00
   outer loop
     vertex  1.927828e+02  1.288411e+02  4.000000e+00
     vertex  1.929064e+02  1.287859e+02  4.000000e+00
     vertex  1.927828e+02  1.288411e+02  0.000000e+00
   endloop
 endfacet
 facet normal  3.826834e-01  9.238795e-01  0.000000e+00
   outer loop
     vertex  1.926577e+02  1.288929e+02  4.000000e+00
     vertex  1.927828e+02  1.288411e+02  0.000000e+00
     vertex  1.926577e+02  1.288929e+02  0.000000e+00
   endloop
 endfacet
 facet normal  3.826834e-01  9.238795e-01  3.006099e-19
   outer loop
     vertex  1.926577e+02  1.288929e+02  4.000000e+00
     vertex  1.927828e+02  1.288411e+02  4.000000e+00
     vertex  1.927828e+02  1.288411e+02  0.000000e+00
   endloop
 endfacet
 facet normal  3.575250e-01  9.339036e-01  0.000000e+00
   outer loop
     vertex  1.925312e+02  1.289413e+02  4.000000e+00
     vertex  1.926577e+02  1.288929e+02  0.000000e+00
     vertex  1.925312e+02  1.289413e+02  0.000000e+00
   endloop
 endfacet
 facet normal  3.575250e-01  9.339036e-01  6.947470e-19
   outer loop
     vertex  1.925312e+02  1.289413e+02  4.000000e+00
     vertex  1.926577e+02  1.288929e+02  4.000000e+00
     vertex  1.926577e+02  1.288929e+02  0.000000e+00
   endloop
 endfacet
 facet normal  3.321044e-01  9.432426e-01  5.022160e-19
   outer loop
     vertex  1.924035e+02  1.289863e+02  4.000000e+00
     vertex  1.925312e+02  1.289413e+02  4.000000e+00
     vertex  1.925312e+02  1.289413e+02  0.000000e+00
   endloop
 endfacet
 facet normal  3.321044e-01  9.432426e-01  0.000000e+00
   outer loop
     vertex  1.924035e+02  1.289863e+02  4.000000e+00
     vertex  1.925312e+02  1.289413e+02  0.000000e+00
     vertex  1.924035e+02  1.289863e+02  0.000000e+00
   endloop
 endfacet
 facet normal  3.064401e-01  9.518899e-01 -3.402160e-19
   outer loop
     vertex  1.922746e+02  1.290278e+02  4.000000e+00
     vertex  1.924035e+02  1.289863e+02  4.000000e+00
     vertex  1.924035e+02  1.289863e+02  0.000000e+00
   endloop
 endfacet
 facet normal  3.064401e-01  9.518899e-01  0.000000e+00
   outer loop
     vertex  1.922746e+02  1.290278e+02  4.000000e+00
     vertex  1.924035e+02  1.289863e+02  0.000000e+00
     vertex  1.922746e+02  1.290278e+02  0.000000e+00
   endloop
 endfacet
 facet normal  2.805512e-01  9.598391e-01  1.748171e-19
   outer loop
     vertex  1.921446e+02  1.290657e+02  4.000000e+00
     vertex  1.922746e+02  1.290278e+02  4.000000e+00
     vertex  1.922746e+02  1.290278e+02  0.000000e+00
   endloop
 endfacet
 facet normal  2.805512e-01  9.598391e-01  0.000000e+00
   outer loop
     vertex  1.921446e+02  1.290657e+02  4.000000e+00
     vertex  1.922746e+02  1.290278e+02  0.000000e+00
     vertex  1.921446e+02  1.290657e+02  0.000000e+00
   endloop
 endfacet
 facet normal  2.544564e-01  9.670842e-01  0.000000e+00
   outer loop
     vertex  1.921446e+02  1.290657e+02  4.000000e+00
     vertex  1.921446e+02  1.290657e+02  0.000000e+00
     vertex  1.920137e+02  1.291002e+02  0.000000e+00
   endloop
 endfacet
 facet normal  2.544564e-01  9.670842e-01  0.000000e+00
   outer loop
     vertex  1.920137e+02  1.291002e+02  4.000000e+00
     vertex  1.921446e+02  1.290657e+02  4.000000e+00
     vertex  1.920137e+02  1.291002e+02  0.000000e+00
   endloop
 endfacet
 facet normal  2.281751e-01  9.736201e-01 -3.821694e-19
   outer loop
     vertex  1.918819e+02  1.291311e+02  4.000000e+00
     vertex  1.920137e+02  1.291002e+02  4.000000e+00
     vertex  1.920137e+02  1.291002e+02  0.000000e+00
   endloop
 endfacet
 facet normal  2.281751e-01  9.736201e-01  0.000000e+00
   outer loop
     vertex  1.918819e+02  1.291311e+02  4.000000e+00
     vertex  1.920137e+02  1.291002e+02  0.000000e+00
     vertex  1.918819e+02  1.291311e+02  0.000000e+00
   endloop
 endfacet
 facet normal  2.017264e-01  9.794419e-01 -1.884569e-19
   outer loop
     vertex  1.917492e+02  1.291584e+02  4.000000e+00
     vertex  1.918819e+02  1.291311e+02  4.000000e+00
     vertex  1.918819e+02  1.291311e+02  0.000000e+00
   endloop
 endfacet
 facet normal  2.017264e-01  9.794419e-01  0.000000e+00
   outer loop
     vertex  1.917492e+02  1.291584e+02  4.000000e+00
     vertex  1.918819e+02  1.291311e+02  0.000000e+00
     vertex  1.917492e+02  1.291584e+02  0.000000e+00
   endloop
 endfacet
 facet normal  1.751297e-01  9.845454e-01 -2.213636e-19
   outer loop
     vertex  1.916159e+02  1.291821e+02  4.000000e+00
     vertex  1.917492e+02  1.291584e+02  4.000000e+00
     vertex  1.917492e+02  1.291584e+02  0.000000e+00
   endloop
 endfacet
 facet normal  1.751297e-01  9.845454e-01  0.000000e+00
   outer loop
     vertex  1.916159e+02  1.291821e+02  4.000000e+00
     vertex  1.917492e+02  1.291584e+02  0.000000e+00
     vertex  1.916159e+02  1.291821e+02  0.000000e+00
   endloop
 endfacet
 facet normal  1.484046e-01  9.889267e-01  0.000000e+00
   outer loop
     vertex  1.916159e+02  1.291821e+02  4.000000e+00
     vertex  1.916159e+02  1.291821e+02  0.000000e+00
     vertex  1.914820e+02  1.292022e+02  0.000000e+00
   endloop
 endfacet
 facet normal  1.484046e-01  9.889267e-01  0.000000e+00
   outer loop
     vertex  1.914820e+02  1.292022e+02  4.000000e+00
     vertex  1.916159e+02  1.291821e+02  4.000000e+00
     vertex  1.914820e+02  1.292022e+02  0.000000e+00
   endloop
 endfacet
 facet normal  1.215707e-01  9.925828e-01  0.000000e+00
   outer loop
     vertex  1.914820e+02  1.292022e+02  4.000000e+00
     vertex  1.914820e+02  1.292022e+02  0.000000e+00
     vertex  1.913476e+02  1.292187e+02  0.000000e+00
   endloop
 endfacet
 facet normal  1.215707e-01  9.925828e-01  0.000000e+00
   outer loop
     vertex  1.913476e+02  1.292187e+02  4.000000e+00
     vertex  1.914820e+02  1.292022e+02  4.000000e+00
     vertex  1.913476e+02  1.292187e+02  0.000000e+00
   endloop
 endfacet
 facet normal  9.464755e-02  9.955108e-01 -1.626426e-19
   outer loop
     vertex  1.912128e+02  1.292315e+02  4.000000e+00
     vertex  1.913476e+02  1.292187e+02  4.000000e+00
     vertex  1.913476e+02  1.292187e+02  0.000000e+00
   endloop
 endfacet
 facet normal  9.464755e-02  9.955108e-01  0.000000e+00
   outer loop
     vertex  1.912128e+02  1.292315e+02  4.000000e+00
     vertex  1.913476e+02  1.292187e+02  0.000000e+00
     vertex  1.912128e+02  1.292315e+02  0.000000e+00
   endloop
 endfacet
 facet normal  6.765502e-02  9.977088e-01  1.328790e-19
   outer loop
     vertex  1.910777e+02  1.292407e+02  4.000000e+00
     vertex  1.912128e+02  1.292315e+02  4.000000e+00
     vertex  1.912128e+02  1.292315e+02  0.000000e+00
   endloop
 endfacet
 facet normal  6.765502e-02  9.977088e-01  0.000000e+00
   outer loop
     vertex  1.910777e+02  1.292407e+02  4.000000e+00
     vertex  1.912128e+02  1.292315e+02  0.000000e+00
     vertex  1.910777e+02  1.292407e+02  0.000000e+00
   endloop
 endfacet
 facet normal  4.061287e-02  9.991750e-01  5.040156e-20
   outer loop
     vertex  1.909424e+02  1.292462e+02  4.000000e+00
     vertex  1.910777e+02  1.292407e+02  4.000000e+00
     vertex  1.910777e+02  1.292407e+02  0.000000e+00
   endloop
 endfacet
 facet normal  4.061287e-02  9.991750e-01  0.000000e+00
   outer loop
     vertex  1.909424e+02  1.292462e+02  4.000000e+00
     vertex  1.910777e+02  1.292407e+02  0.000000e+00
     vertex  1.909424e+02  1.292462e+02  0.000000e+00
   endloop
 endfacet
 facet normal  1.354093e-02  9.999083e-01  3.634495e-20
   outer loop
     vertex  1.908070e+02  1.292480e+02  4.000000e+00
     vertex  1.909424e+02  1.292462e+02  4.000000e+00
     vertex  1.909424e+02  1.292462e+02  0.000000e+00
   endloop
 endfacet
 facet normal  1.354093e-02  9.999083e-01  0.000000e+00
   outer loop
     vertex  1.908070e+02  1.292480e+02  4.000000e+00
     vertex  1.909424e+02  1.292462e+02  0.000000e+00
     vertex  1.908070e+02  1.292480e+02  0.000000e+00
   endloop
 endfacet
 facet normal  0.000000e+00  1.000000e+00  0.000000e+00
   outer loop
     vertex  5.221140e+00  1.292480e+02  0.000000e+00
     vertex  1.908070e+02  1.292480e+02  4.000000e+00
     vertex  1.908070e+02  1.292480e+02  0.000000e+00
   endloop
 endfacet
 facet normal  0.000000e+00  1.000000e+00  0.000000e+00
   outer loop
     vertex  5.221140e+00  1.292480e+02  0.000000e+00
     vertex  5.221140e+00  1.292480e+02  4.000000e+00
     vertex  1.908070e+02  1.292480e+02  4.000000e+00
   endloop
 endfacet
 facet normal  0.000000e+00 -1.000000e+00  0.000000e+00
   outer loop
     vertex  2.162010e+01  2.173720e+01  0.000000e+00
     vertex  7.721140e+00  2.173720e+01  4.000000e+00
     vertex  7.721140e+00  2.173720e+01  0.000000e+00
   endloop
 endfacet
 facet normal  0.000000e+00 -1.000000e+00  0.000000e+00
   outer loop
     vertex  2.162010e+01  2.173720e+01  0.000000e+00
     vertex  2.162010e+01  2.173720e+01  4.000000e+00
     vertex  7.721140e+00  2.173720e+01  4.000000e+00
   endloop
 endfacet
 facet normal  1.000000e+00  0.000000e+00  0.000000e+00
   outer loop
     vertex  7.721140e+00  2.173720e+01  0.000000e+00
     vertex  7.721140e+00  7.836890e+00  4.000000e+00
     vertex  7.721140e+00  7.836890e+00  0.000000e+00
   endloop
 endfacet
 facet normal  1.000000e+00  0.000000e+00 -0.000000e+00
   outer loop
     vertex  7.721140e+00  2.173720e+01  0.000000e+00
     vertex  7.721140e+00  2.173720e+01  4.000000e+00
     vertex  7.721140e+00  7.836890e+00  4.000000e+00
   endloop
 endfacet
 facet normal  0.000000e+00  1.000000e+00  0.000000e+00
   outer loop
     vertex  7.721140e+00  7.836890e+00  0.000000e+00
     vertex  2.162010e+01  7.836890e+00  4.000000e+00
     vertex  2.162010e+01  7.836890e+00  0.000000e+00
   endloop
 endfacet
 facet normal  0.000000e+00  1.000000e+00  0.000000e+00
   outer loop
     vertex  7.721140e+00  7.836890e+00  0.000000e+00
     vertex  7.721140e+00  7.836890e+00  4.000000e+00
     vertex  2.162010e+01  7.836890e+00  4.000000e+00
   endloop
 endfacet
 facet normal -1.000000e+00  0.000000e+00  0.000000e+00
   outer loop
     vertex  2.162010e+01  7.836890e+00  0.000000e+00
     vertex  2.162010e+01  2.173720e+01  4.000000e+00
     vertex  2.162010e+01  2.173720e+01  0.000000e+00
   endloop
 endfacet
 facet normal -1.000000e+00  0.000000e+00  0.000000e+00
   outer loop
     vertex  2.162010e+01  7.836890e+00  0.000000e+00
     vertex  2.162010e+01  7.836890e+00  4.000000e+00
     vertex  2.162010e+01  2.173720e+01  4.000000e+00
   endloop
 endfacet
 facet normal  0.000000e+00 -1.000000e+00  0.000000e+00
   outer loop
     vertex  4.181370e+01  1.703670e+01  0.000000e+00
     vertex  4.343860e+01  1.703670e+01  0.000000e+00
     vertex  4.343860e+01  1.703670e+01  4.000000e+00
   endloop
 endfacet
 facet normal  0.000000e+00 -1.000000e+00  0.000000e+00
   outer loop
     vertex  4.181370e+01  1.703670e+01  0.000000e+00
     vertex  4.343860e+01  1.703670e+01  4.000000e+00
     vertex  4.181370e+01  1.703670e+01  4.000000e+00
   endloop
 endfacet
 facet normal -1.000000e+00  0.000000e+00  0.000000e+00
   outer loop
     vertex  4.181370e+01  2.026680e+01  0.000000e+00
     vertex  4.181370e+01  1.703670e+01  0.000000e+00
     vertex  4.181370e+01  1.703670e+01  4.000000e+00
   endloop
 endfacet
 facet normal -1.000000e+00  0.000000e+00  0.000000e+00
   outer loop
     vertex  4.181370e+01  2.026680e+01  0.000000e+00
     vertex  4.181370e+01  1.703670e+01  4.000000e+00
     vertex  4.181370e+01  2.026680e+01  4.000000e+00
   endloop
 endfacet
 facet normal  0.000000e+00 -1.000000e+00  0.000000e+00
   outer loop
     vertex  4.008860e+01  2.026680e+01  0.000000e+00
     vertex  4.181370e+01  2.026680e+01  0.000000e+00
     vertex  4.181370e+01  2.026680e+01  4.000000e+00
   endloop
 endfacet
 facet normal  0.000000e+00 -1.000000e+00  0.000000e+00
   outer loop
     vertex  4.008860e+01  2.026680e+01  0.000000e+00
     vertex  4.181370e+01  2.026680e+01  4.000000e+00
     vertex  4.008860e+01  2.026680e+01  4.000000e+00
   endloop
 endfacet
 facet normal -1.000000e+00  0.000000e+00  0.000000e+00
   outer loop
     vertex  4.008860e+01  2.118730e+01  0.000000e+00
     vertex  4.008860e+01  2.026680e+01  0.000000e+00
     vertex  4.008860e+01  2.026680e+01  4.000000e+00
   endloop
 endfacet
 facet normal -1.000000e+00  0.000000e+00  0.000000e+00
   outer loop
     vertex  4.008860e+01  2.118730e+01  0.000000e+00
     vertex  4.008860e+01  2.026680e+01  4.000000e+00
     vertex  4.008860e+01  2.118730e+01  4.000000e+00
   endloop
 endfacet
 facet normal  0.000000e+00 -1.000000e+00  0.000000e+00
   outer loop
     vertex  3.688860e+01  2.118730e+01  0.000000e+00
     vertex  4.008860e+01  2.118730e+01  0.000000e+00
     vertex  4.008860e+01  2.118730e+01  4.000000e+00
   endloop
 endfacet
 facet normal  0.000000e+00 -1.000000e+00  0.000000e+00
   outer loop
     vertex  3.688860e+01  2.118730e+01  0.000000e+00
     vertex  4.008860e+01  2.118730e+01  4.000000e+00
     vertex  3.688860e+01  2.118730e+01  4.000000e+00
   endloop
 endfacet
 facet normal  1.000000e+00  0.000000e+00  0.000000e+00
   outer loop
     vertex  3.688860e+01  2.026680e+01  0.000000e+00
     vertex  3.688860e+01  2.118730e+01  0.000000e+00
     vertex  3.688860e+01  2.118730e+01  4.000000e+00
   endloop
 endfacet
 facet normal  1.000000e+00  0.000000e+00  0.000000e+00
   outer loop
     vertex  3.688860e+01  2.026680e+01  0.000000e+00
     vertex  3.688860e+01  2.118730e+01  4.000000e+00
     vertex  3.688860e+01  2.026680e+01  4.000000e+00
   endloop
 endfacet
 facet normal  0.000000e+00 -1.000000e+00  0.000000e+00
   outer loop
     vertex  3.516340e+01  2.026680e+01  0.000000e+00
     vertex  3.688860e+01  2.026680e+01  0.000000e+00
     vertex  3.688860e+01  2.026680e+01  4.000000e+00
   endloop
 endfacet
 facet normal  0.000000e+00 -1.000000e+00  0.000000e+00
   outer loop
     vertex  3.516340e+01  2.026680e+01  0.000000e+00
     vertex  3.688860e+01  2.026680e+01  4.000000e+00
     vertex  3.516340e+01  2.026680e+01  4.000000e+00
   endloop
 endfacet
 facet normal  1.000000e+00  0.000000e+00  0.000000e+00
   outer loop
     vertex  3.516340e+01  1.703670e+01  0.000000e+00
     vertex  3.516340e+01  2.026680e+01  0.000000e+00
     vertex  3.516340e+01  2.026680e+01  4.000000e+00
   endloop
 endfacet
 facet normal  1.000000e+00  0.000000e+00  0.000000e+00
   outer loop
     vertex  3.516340e+01  1.703670e+01  0.000000e+00
     vertex  3.516340e+01  2.026680e+01  4.000000e+00
     vertex  3.516340e+01  1.703670e+01  4.000000e+00
   endloop
 endfacet
 facet normal  0.000000e+00 -1.000000e+00  0.000000e+00
   outer loop
     vertex  3.433790e+01  1.703670e+01  0.000000e+00
     vertex  3.516340e+01  1.703670e+01  0.000000e+00
     vertex  3.516340e+01  1.703670e+01  4.000000e+00
   endloop
 endfacet
 facet normal  0.000000e+00 -1.000000e+00  0.000000e+00
   outer loop
     vertex  3.433790e+01  1.703670e+01  0.000000e+00
     vertex  3.516340e+01  1.703670e+01  4.000000e+00
     vertex  3.433790e+01  1.703670e+01  4.000000e+00
   endloop
 endfacet
 facet normal  1.000000e+00  0.000000e+00  0.000000e+00
   outer loop
     vertex  3.433790e+01  1.433710e+01  0.000000e+00
     vertex  3.433790e+01  1.703670e+01  0.000000e+00
     vertex  3.433790e+01  1.703670e+01  4.000000e+00
   endloop
 endfacet
 facet normal  1.000000e+00  0.000000e+00  0.000000e+00
   outer loop
     vertex  3.433790e+01  1.433710e+01  0.000000e+00
     vertex  3.433790e+01  1.703670e+01  4.000000e+00
     vertex  3.433790e+01  1.433710e+01  4.000000e+00
   endloop
 endfacet
 facet normal  0.000000e+00  1.000000e+00  0.000000e+00
   outer loop
     vertex  3.516340e+01  1.433710e+01  0.000000e+00
     vertex  3.433790e+01  1.433710e+01  0.000000e+00
     vertex  3.433790e+01  1.433710e+01  4.000000e+00
   endloop
 endfacet
 facet normal  0.000000e+00  1.000000e+00 -0.000000e+00
   outer loop
     vertex  3.516340e+01  1.433710e+01  0.000000e+00
     vertex  3.433790e+01  1.433710e+01  4.000000e+00
     vertex  3.516340e+01  1.433710e+01  4.000000e+00
   endloop
 endfacet
 facet normal  1.000000e+00  0.000000e+00  0.000000e+00
   outer loop
     vertex  3.516340e+01  8.067040e+00  0.000000e+00
     vertex  3.516340e+01  1.433710e+01  0.000000e+00
     vertex  3.516340e+01  1.433710e+01  4.000000e+00
   endloop
 endfacet
 facet normal  1.000000e+00  0.000000e+00  0.000000e+00
   outer loop
     vertex  3.516340e+01  8.067040e+00  0.000000e+00
     vertex  3.516340e+01  1.433710e+01  4.000000e+00
     vertex  3.516340e+01  8.067040e+00  4.000000e+00
   endloop
 endfacet
 facet normal  0.000000e+00  1.000000e+00  0.000000e+00
   outer loop
     vertex  3.688860e+01  8.067040e+00  0.000000e+00
     vertex  3.516340e+01  8.067040e+00  0.000000e+00
     vertex  3.516340e+01  8.067040e+00  4.000000e+00
   endloop
 endfacet
 facet normal  0.000000e+00  1.000000e+00 -0.000000e+00
   outer loop
     vertex  3.688860e+01  8.067040e+00  0.000000e+00
     vertex  3.516340e+01  8.067040e+00  4.000000e+00
     vertex  3.688860e+01  8.067040e+00  4.000000e+00
   endloop
 endfacet
 facet normal  1.000000e+00  0.000000e+00  0.000000e+00
   outer loop
     vertex  3.688860e+01  7.087230e+00  0.000000e+00
     vertex  3.688860e+01  8.067040e+00  0.000000e+00
     vertex  3.688860e+01  8.067040e+00  4.000000e+00
   endloop
 endfacet
 facet normal  1.000000e+00  0.000000e+00  0.000000e+00
   outer loop
     vertex  3.688860e+01  7.087230e+00  0.000000e+00
     vertex  3.688860e+01  8.067040e+00  4.000000e+00
     vertex  3.688860e+01  7.087230e+00  4.000000e+00
   endloop
 endfacet
 facet normal  0.000000e+00  1.000000e+00  0.000000e+00
   outer loop
     vertex  4.008860e+01  7.087230e+00  0.000000e+00
     vertex  3.688860e+01  7.087230e+00  0.000000e+00
     vertex  3.688860e+01  7.087230e+00  4.000000e+00
   endloop
 endfacet
 facet normal  0.000000e+00  1.000000e+00 -0.000000e+00
   outer loop
     vertex  4.008860e+01  7.087230e+00  0.000000e+00
     vertex  3.688860e+01  7.087230e+00  4.000000e+00
     vertex  4.008860e+01  7.087230e+00  4.000000e+00
   endloop
 endfacet
 facet normal -1.000000e+00  0.000000e+00  0.000000e+00
   outer loop
     vertex  4.008860e+01  8.067040e+00  0.000000e+00
     vertex  4.008860e+01  7.087230e+00  0.000000e+00
     vertex  4.008860e+01  7.087230e+00  4.000000e+00
   endloop
 endfacet
 facet normal -1.000000e+00  0.000000e+00  0.000000e+00
   outer loop
     vertex  4.008860e+01  8.067040e+00  0.000000e+00
     vertex  4.008860e+01  7.087230e+00  4.000000e+00
     vertex  4.008860e+01  8.067040e+00  4.000000e+00
   endloop
 endfacet
 facet normal  0.000000e+00  1.000000e+00  0.000000e+00
   outer loop
     vertex  4.181370e+01  8.067040e+00  0.000000e+00
     vertex  4.008860e+01  8.067040e+00  0.000000e+00
     vertex  4.008860e+01  8.067040e+00  4.000000e+00
   endloop
 endfacet
 facet normal  0.000000e+00  1.000000e+00 -0.000000e+00
   outer loop
     vertex  4.181370e+01  8.067040e+00  0.000000e+00
     vertex  4.008860e+01  8.067040e+00  4.000000e+00
     vertex  4.181370e+01  8.067040e+00  4.000000e+00
   endloop
 endfacet
 facet normal -1.000000e+00  0.000000e+00  0.000000e+00
   outer loop
     vertex  4.181370e+01  1.253740e+01  0.000000e+00
     vertex  4.181370e+01  8.067040e+00  0.000000e+00
     vertex  4.181370e+01  8.067040e+00  4.000000e+00
   endloop
 endfacet
 facet normal -1.000000e+00  0.000000e+00  0.000000e+00
   outer loop
     vertex  4.181370e+01  1.253740e+01  0.000000e+00
     vertex  4.181370e+01  8.067040e+00  4.000000e+00
     vertex  4.181370e+01  1.253740e+01  4.000000e+00
   endloop
 endfacet
 facet normal  0.000000e+00  1.000000e+00  0.000000e+00
   outer loop
     vertex  4.343860e+01  1.253740e+01  0.000000e+00
     vertex  4.181370e+01  1.253740e+01  0.000000e+00
     vertex  4.181370e+01  1.253740e+01  4.000000e+00
   endloop
 endfacet
 facet normal  0.000000e+00  1.000000e+00 -0.000000e+00
   outer loop
     vertex  4.343860e+01  1.253740e+01  0.000000e+00
     vertex  4.181370e+01  1.253740e+01  4.000000e+00
     vertex  4.343860e+01  1.253740e+01  4.000000e+00
   endloop
 endfacet
 facet normal  1.000000e+00  0.000000e+00  0.000000e+00
   outer loop
     vertex  4.343860e+01  7.836890e+00  0.000000e+00
     vertex  4.343860e+01  1.253740e+01  0.000000e+00
     vertex  4.343860e+01  1.253740e+01  4.000000e+00
   endloop
 endfacet
 facet normal  1.000000e+00  0.000000e+00  0.000000e+00
   outer loop
     vertex  4.343860e+01  7.836890e+00  0.000000e+00
     vertex  4.343860e+01  1.253740e+01  4.000000e+00
     vertex  4.343860e+01  7.836890e+00  4.000000e+00
   endloop
 endfacet
 facet normal  0.000000e+00  1.000000e+00  0.000000e+00
   outer loop
     vertex  5.733870e+01  7.836890e+00  0.000000e+00
     vertex  4.343860e+01  7.836890e+00  0.000000e+00
     vertex  4.343860e+01  7.836890e+00  4.000000e+00
   endloop
 endfacet
 facet normal  0.000000e+00  1.000000e+00 -0.000000e+00
   outer loop
     vertex  5.733870e+01  7.836890e+00  0.000000e+00
     vertex  4.343860e+01  7.836890e+00  4.000000e+00
     vertex  5.733870e+01  7.836890e+00  4.000000e+00
   endloop
 endfacet
 facet normal -1.000000e+00  0.000000e+00  0.000000e+00
   outer loop
     vertex  5.733870e+01  1.253740e+01  0.000000e+00
     vertex  5.733870e+01  7.836890e+00  0.000000e+00
     vertex  5.733870e+01  7.836890e+00  4.000000e+00
   endloop
 endfacet
 facet normal -1.000000e+00  0.000000e+00  0.000000e+00
   outer loop
     vertex  5.733870e+01  1.253740e+01  0.000000e+00
     vertex  5.733870e+01  7.836890e+00  4.000000e+00
     vertex  5.733870e+01  1.253740e+01  4.000000e+00
   endloop
 endfacet
 facet normal  0.000000e+00  1.000000e+00  0.000000e+00
   outer loop
     vertex  5.896360e+01  1.253740e+01  0.000000e+00
     vertex  5.733870e+01  1.253740e+01  0.000000e+00
     vertex  5.733870e+01  1.253740e+01  4.000000e+00
   endloop
 endfacet
 facet normal  0.000000e+00  1.000000e+00 -0.000000e+00
   outer loop
     vertex  5.896360e+01  1.253740e+01  0.000000e+00
     vertex  5.733870e+01  1.253740e+01  4.000000e+00
     vertex  5.896360e+01  1.253740e+01  4.000000e+00
   endloop
 endfacet
 facet normal  1.000000e+00  0.000000e+00  0.000000e+00
   outer loop
     vertex  5.896360e+01  8.067040e+00  0.000000e+00
     vertex  5.896360e+01  1.253740e+01  0.000000e+00
     vertex  5.896360e+01  1.253740e+01  4.000000e+00
   endloop
 endfacet
 facet normal  1.000000e+00  0.000000e+00  0.000000e+00
   outer loop
     vertex  5.896360e+01  8.067040e+00  0.000000e+00
     vertex  5.896360e+01  1.253740e+01  4.000000e+00
     vertex  5.896360e+01  8.067040e+00  4.000000e+00
   endloop
 endfacet
 facet normal  0.000000e+00  1.000000e+00  0.000000e+00
   outer loop
     vertex  6.068870e+01  8.067040e+00  0.000000e+00
     vertex  5.896360e+01  8.067040e+00  0.000000e+00
     vertex  5.896360e+01  8.067040e+00  4.000000e+00
   endloop
 endfacet
 facet normal  0.000000e+00  1.000000e+00 -0.000000e+00
   outer loop
     vertex  6.068870e+01  8.067040e+00  0.000000e+00
     vertex  5.896360e+01  8.067040e+00  4.000000e+00
     vertex  6.068870e+01  8.067040e+00  4.000000e+00
   endloop
 endfacet
 facet normal  1.000000e+00  0.000000e+00  0.000000e+00
   outer loop
     vertex  6.068870e+01  7.087230e+00  0.000000e+00
     vertex  6.068870e+01  8.067040e+00  0.000000e+00
     vertex  6.068870e+01  8.067040e+00  4.000000e+00
   endloop
 endfacet
 facet normal  1.000000e+00  0.000000e+00  0.000000e+00
   outer loop
     vertex  6.068870e+01  7.087230e+00  0.000000e+00
     vertex  6.068870e+01  8.067040e+00  4.000000e+00
     vertex  6.068870e+01  7.087230e+00  4.000000e+00
   endloop
 endfacet
 facet normal  0.000000e+00  1.000000e+00  0.000000e+00
   outer loop
     vertex  6.388880e+01  7.087230e+00  0.000000e+00
     vertex  6.068870e+01  7.087230e+00  0.000000e+00
     vertex  6.068870e+01  7.087230e+00  4.000000e+00
   endloop
 endfacet
 facet normal  0.000000e+00  1.000000e+00 -0.000000e+00
   outer loop
     vertex  6.388880e+01  7.087230e+00  0.000000e+00
     vertex  6.068870e+01  7.087230e+00  4.000000e+00
     vertex  6.388880e+01  7.087230e+00  4.000000e+00
   endloop
 endfacet
 facet normal -1.000000e+00  0.000000e+00  0.000000e+00
   outer loop
     vertex  6.388880e+01  8.067040e+00  0.000000e+00
     vertex  6.388880e+01  7.087230e+00  0.000000e+00
     vertex  6.388880e+01  7.087230e+00  4.000000e+00
   endloop
 endfacet
 facet normal -1.000000e+00  0.000000e+00  0.000000e+00
   outer loop
     vertex  6.388880e+01  8.067040e+00  0.000000e+00
     vertex  6.388880e+01  7.087230e+00  4.000000e+00
     vertex  6.388880e+01  8.067040e+00  4.000000e+00
   endloop
 endfacet
 facet normal  0.000000e+00  1.000000e+00  0.000000e+00
   outer loop
     vertex  6.561380e+01  8.067040e+00  0.000000e+00
     vertex  6.388880e+01  8.067040e+00  0.000000e+00
     vertex  6.388880e+01  8.067040e+00  4.000000e+00
   endloop
 endfacet
 facet normal  0.000000e+00  1.000000e+00 -0.000000e+00
   outer loop
     vertex  6.561380e+01  8.067040e+00  0.000000e+00
     vertex  6.388880e+01  8.067040e+00  4.000000e+00
     vertex  6.561380e+01  8.067040e+00  4.000000e+00
   endloop
 endfacet
 facet normal -1.000000e+00  0.000000e+00  0.000000e+00
   outer loop
     vertex  6.561380e+01  1.433710e+01  0.000000e+00
     vertex  6.561380e+01  8.067040e+00  0.000000e+00
     vertex  6.561380e+01  8.067040e+00  4.000000e+00
   endloop
 endfacet
 facet normal -1.000000e+00  0.000000e+00  0.000000e+00
   outer loop
     vertex  6.561380e+01  1.433710e+01  0.000000e+00
     vertex  6.561380e+01  8.067040e+00  4.000000e+00
     vertex  6.561380e+01  1.433710e+01  4.000000e+00
   endloop
 endfacet
 facet normal  0.000000e+00  1.000000e+00  0.000000e+00
   outer loop
     vertex  6.643790e+01  1.433710e+01  0.000000e+00
     vertex  6.561380e+01  1.433710e+01  0.000000e+00
     vertex  6.561380e+01  1.433710e+01  4.000000e+00
   endloop
 endfacet
 facet normal  0.000000e+00  1.000000e+00 -0.000000e+00
   outer loop
     vertex  6.643790e+01  1.433710e+01  0.000000e+00
     vertex  6.561380e+01  1.433710e+01  4.000000e+00
     vertex  6.643790e+01  1.433710e+01  4.000000e+00
   endloop
 endfacet
 facet normal -1.000000e+00  0.000000e+00  0.000000e+00
   outer loop
     vertex  6.643790e+01  1.703670e+01  0.000000e+00
     vertex  6.643790e+01  1.433710e+01  0.000000e+00
     vertex  6.643790e+01  1.433710e+01  4.000000e+00
   endloop
 endfacet
 facet normal -1.000000e+00  0.000000e+00  0.000000e+00
   outer loop
     vertex  6.643790e+01  1.703670e+01  0.000000e+00
     vertex  6.643790e+01  1.433710e+01  4.000000e+00
     vertex  6.643790e+01  1.703670e+01  4.000000e+00
   endloop
 endfacet
 facet normal  0.000000e+00 -1.000000e+00  0.000000e+00
   outer loop
     vertex  6.561380e+01  1.703670e+01  0.000000e+00
     vertex  6.643790e+01  1.703670e+01  0.000000e+00
     vertex  6.643790e+01  1.703670e+01  4.000000e+00
   endloop
 endfacet
 facet normal  0.000000e+00 -1.000000e+00  0.000000e+00
   outer loop
     vertex  6.561380e+01  1.703670e+01  0.000000e+00
     vertex  6.643790e+01  1.703670e+01  4.000000e+00
     vertex  6.561380e+01  1.703670e+01  4.000000e+00
   endloop
 endfacet
 facet normal -1.000000e+00  0.000000e+00  0.000000e+00
   outer loop
     vertex  6.561380e+01  2.026680e+01  0.000000e+00
     vertex  6.561380e+01  1.703670e+01  0.000000e+00
     vertex  6.561380e+01  1.703670e+01  4.000000e+00
   endloop
 endfacet
 facet normal -1.000000e+00  0.000000e+00  0.000000e+00
   outer loop
     vertex  6.561380e+01  2.026680e+01  0.000000e+00
     vertex  6.561380e+01  1.703670e+01  4.000000e+00
     vertex  6.561380e+01  2.026680e+01  4.000000e+00
   endloop
 endfacet
 facet normal  0.000000e+00 -1.000000e+00  0.000000e+00
   outer loop
     vertex  6.388880e+01  2.026680e+01  0.000000e+00
     vertex  6.561380e+01  2.026680e+01  0.000000e+00
     vertex  6.561380e+01  2.026680e+01  4.000000e+00
   endloop
 endfacet
 facet normal  0.000000e+00 -1.000000e+00  0.000000e+00
   outer loop
     vertex  6.388880e+01  2.026680e+01  0.000000e+00
     vertex  6.561380e+01  2.026680e+01  4.000000e+00
     vertex  6.388880e+01  2.026680e+01  4.000000e+00
   endloop
 endfacet
 facet normal -1.000000e+00  0.000000e+00  0.000000e+00
   outer loop
     vertex  6.388880e+01  2.118730e+01  0.000000e+00
     vertex  6.388880e+01  2.026680e+01  0.000000e+00
     vertex  6.388880e+01  2.026680e+01  4.000000e+00
   endloop
 endfacet
 facet normal -1.000000e+00  0.000000e+00  0.000000e+00
   outer loop
     vertex  6.388880e+01  2.118730e+01  0.000000e+00
     vertex  6.388880e+01  2.026680e+01  4.000000e+00
     vertex  6.388880e+01  2.118730e+01  4.000000e+00
   endloop
 endfacet
 facet normal  0.000000e+00 -1.000000e+00  0.000000e+00
   outer loop
     vertex  6.068870e+01  2.118730e+01  0.000000e+00
     vertex  6.388880e+01  2.118730e+01  0.000000e+00
     vertex  6.388880e+01  2.118730e+01  4.000000e+00
   endloop
 endfacet
 facet normal  0.000000e+00 -1.000000e+00  0.000000e+00
   outer loop
     vertex  6.068870e+01  2.118730e+01  0.000000e+00
     vertex  6.388880e+01  2.118730e+01  4.000000e+00
     vertex  6.068870e+01  2.118730e+01  4.000000e+00
   endloop
 endfacet
 facet normal  1.000000e+00  0.000000e+00  0.000000e+00
   outer loop
     vertex  6.068870e+01  2.026680e+01  0.000000e+00
     vertex  6.068870e+01  2.118730e+01  0.000000e+00
     vertex  6.068870e+01  2.118730e+01  4.000000e+00
   endloop
 endfacet
 facet normal  1.000000e+00  0.000000e+00  0.000000e+00
   outer loop
     vertex  6.068870e+01  2.026680e+01  0.000000e+00
     vertex  6.068870e+01  2.118730e+01  4.000000e+00
     vertex  6.068870e+01  2.026680e+01  4.000000e+00
   endloop
 endfacet
 facet normal  0.000000e+00 -1.000000e+00  0.000000e+00
   outer loop
     vertex  5.896360e+01  2.026680e+01  0.000000e+00
     vertex  6.068870e+01  2.026680e+01  0.000000e+00
     vertex  6.068870e+01  2.026680e+01  4.000000e+00
   endloop
 endfacet
 facet normal  0.000000e+00 -1.000000e+00  0.000000e+00
   outer loop
     vertex  5.896360e+01  2.026680e+01  0.000000e+00
     vertex  6.068870e+01  2.026680e+01  4.000000e+00
     vertex  5.896360e+01  2.026680e+01  4.000000e+00
   endloop
 endfacet
 facet normal  1.000000e+00  0.000000e+00  0.000000e+00
   outer loop
     vertex  5.896360e+01  1.703670e+01  0.000000e+00
     vertex  5.896360e+01  2.026680e+01  0.000000e+00
     vertex  5.896360e+01  2.026680e+01  4.000000e+00
   endloop
 endfacet
 facet normal  1.000000e+00  0.000000e+00  0.000000e+00
   outer loop
     vertex  5.896360e+01  1.703670e+01  0.000000e+00
     vertex  5.896360e+01  2.026680e+01  4.000000e+00
     vertex  5.896360e+01  1.703670e+01  4.000000e+00
   endloop
 endfacet
 facet normal  0.000000e+00 -1.000000e+00  0.000000e+00
   outer loop
     vertex  5.733870e+01  1.703670e+01  0.000000e+00
     vertex  5.896360e+01  1.703670e+01  0.000000e+00
     vertex  5.896360e+01  1.703670e+01  4.000000e+00
   endloop
 endfacet
 facet normal  0.000000e+00 -1.000000e+00  0.000000e+00
   outer loop
     vertex  5.733870e+01  1.703670e+01  0.000000e+00
     vertex  5.896360e+01  1.703670e+01  4.000000e+00
     vertex  5.733870e+01  1.703670e+01  4.000000e+00
   endloop
 endfacet
 facet normal -1.000000e+00  0.000000e+00  0.000000e+00
   outer loop
     vertex  5.733870e+01  2.173720e+01  0.000000e+00
     vertex  5.733870e+01  1.703670e+01  0.000000e+00
     vertex  5.733870e+01  1.703670e+01  4.000000e+00
   endloop
 endfacet
 facet normal -1.000000e+00  0.000000e+00  0.000000e+00
   outer loop
     vertex  5.733870e+01  2.173720e+01  0.000000e+00
     vertex  5.733870e+01  1.703670e+01  4.000000e+00
     vertex  5.733870e+01  2.173720e+01  4.000000e+00
   endloop
 endfacet
 facet normal  0.000000e+00 -1.000000e+00  0.000000e+00
   outer loop
     vertex  4.343860e+01  2.173720e+01  0.000000e+00
     vertex  5.733870e+01  2.173720e+01  0.000000e+00
     vertex  5.733870e+01  2.173720e+01  4.000000e+00
   endloop
 endfacet
 facet normal  0.000000e+00 -1.000000e+00  0.000000e+00
   outer loop
     vertex  4.343860e+01  2.173720e+01  0.000000e+00
     vertex  5.733870e+01  2.173720e+01  4.000000e+00
     vertex  4.343860e+01  2.173720e+01  4.000000e+00
   endloop
 endfacet
 facet normal  1.000000e+00  0.000000e+00  0.000000e+00
   outer loop
     vertex  4.343860e+01  1.703670e+01  0.000000e+00
     vertex  4.343860e+01  2.173720e+01  0.000000e+00
     vertex  4.343860e+01  2.173720e+01  4.000000e+00
   endloop
 endfacet
 facet normal  1.000000e+00  0.000000e+00  0.000000e+00
   outer loop
     vertex  4.343860e+01  1.703670e+01  0.000000e+00
     vertex  4.343860e+01  2.173720e+01  4.000000e+00
     vertex  4.343860e+01  1.703670e+01  4.000000e+00
   endloop
 endfacet
 facet normal  0.000000e+00 -1.000000e+00  0.000000e+00
   outer loop
     vertex  2.162010e+01  4.078710e+01  0.000000e+00
     vertex  7.721140e+00  4.078710e+01  4.000000e+00
     vertex  7.721140e+00  4.078710e+01  0.000000e+00
   endloop
 endfacet
 facet normal  0.000000e+00 -1.000000e+00  0.000000e+00
   outer loop
     vertex  2.162010e+01  4.078710e+01  0.000000e+00
     vertex  2.162010e+01  4.078710e+01  4.000000e+00
     vertex  7.721140e+00  4.078710e+01  4.000000e+00
   endloop
 endfacet
 facet normal  1.000000e+00  0.000000e+00  0.000000e+00
   outer loop
     vertex  7.721140e+00  4.078710e+01  0.000000e+00
     vertex  7.721140e+00  2.688690e+01  4.000000e+00
     vertex  7.721140e+00  2.688690e+01  0.000000e+00
   endloop
 endfacet
 facet normal  1.000000e+00  0.000000e+00 -0.000000e+00
   outer loop
     vertex  7.721140e+00  4.078710e+01  0.000000e+00
     vertex  7.721140e+00  4.078710e+01  4.000000e+00
     vertex  7.721140e+00  2.688690e+01  4.000000e+00
   endloop
 endfacet
 facet normal  0.000000e+00  1.000000e+00  0.000000e+00
   outer loop
     vertex  7.721140e+00  2.688690e+01  0.000000e+00
     vertex  2.162010e+01  2.688690e+01  4.000000e+00
     vertex  2.162010e+01  2.688690e+01  0.000000e+00
   endloop
 endfacet
 facet normal  0.000000e+00  1.000000e+00  0.000000e+00
   outer loop
     vertex  7.721140e+00  2.688690e+01  0.000000e+00
     vertex  7.721140e+00  2.688690e+01  4.000000e+00
     vertex  2.162010e+01  2.688690e+01  4.000000e+00
   endloop
 endfacet
 facet normal -1.000000e+00  0.000000e+00  0.000000e+00
   outer loop
     vertex  2.162010e+01  2.688690e+01  0.000000e+00
     vertex  2.162010e+01  4.078710e+01  4.000000e+00
     vertex  2.162010e+01  4.078710e+01  0.000000e+00
   endloop
 endfacet
 facet normal -1.000000e+00  0.000000e+00  0.000000e+00
   outer loop
     vertex  2.162010e+01  2.688690e+01  0.000000e+00
     vertex  2.162010e+01  2.688690e+01  4.000000e+00
     vertex  2.162010e+01  4.078710e+01  4.000000e+00
   endloop
 endfacet
 facet normal  0.000000e+00 -1.000000e+00  0.000000e+00
   outer loop
     vertex  4.067000e+01  4.078710e+01  0.000000e+00
     vertex  2.677110e+01  4.078710e+01  4.000000e+00
     vertex  2.677110e+01  4.078710e+01  0.000000e+00
   endloop
 endfacet
 facet normal  0.000000e+00 -1.000000e+00  0.000000e+00
   outer loop
     vertex  4.067000e+01  4.078710e+01  0.000000e+00
     vertex  4.067000e+01  4.078710e+01  4.000000e+00
     vertex  2.677110e+01  4.078710e+01  4.000000e+00
   endloop
 endfacet
 facet normal  1.000000e+00  0.000000e+00  0.000000e+00
   outer loop
     vertex  2.677110e+01  4.078710e+01  0.000000e+00
     vertex  2.677110e+01  2.688690e+01  4.000000e+00
     vertex  2.677110e+01  2.688690e+01  0.000000e+00
   endloop
 endfacet
 facet normal  1.000000e+00  0.000000e+00 -0.000000e+00
   outer loop
     vertex  2.677110e+01  4.078710e+01  0.000000e+00
     vertex  2.677110e+01  4.078710e+01  4.000000e+00
     vertex  2.677110e+01  2.688690e+01  4.000000e+00
   endloop
 endfacet
 facet normal -0.000000e+00  1.000000e+00  0.000000e+00
   outer loop
     vertex  2.677110e+01  2.688690e+01  4.000000e+00
     vertex  4.067000e+01  2.688690e+01  4.000000e+00
     vertex  4.067000e+01  2.688690e+01  0.000000e+00
   endloop
 endfacet
 facet normal  0.000000e+00  1.000000e+00  0.000000e+00
   outer loop
     vertex  2.677110e+01  2.688690e+01  0.000000e+00
     vertex  2.677110e+01  2.688690e+01  4.000000e+00
     vertex  4.067000e+01  2.688690e+01  0.000000e+00
   endloop
 endfacet
 facet normal -1.000000e+00  0.000000e+00  0.000000e+00
   outer loop
     vertex  4.067000e+01  2.688690e+01  0.000000e+00
     vertex  4.067000e+01  4.078710e+01  4.000000e+00
     vertex  4.067000e+01  4.078710e+01  0.000000e+00
   endloop
 endfacet
 facet normal -1.000000e+00  0.000000e+00  0.000000e+00
   outer loop
     vertex  4.067000e+01  2.688690e+01  0.000000e+00
     vertex  4.067000e+01  2.688690e+01  4.000000e+00
     vertex  4.067000e+01  4.078710e+01  4.000000e+00
   endloop
 endfacet
 facet normal  0.000000e+00 -1.000000e+00  0.000000e+00
   outer loop
     vertex  5.972000e+01  4.078710e+01  0.000000e+00
     vertex  4.581980e+01  4.078710e+01  4.000000e+00
     vertex  4.581980e+01  4.078710e+01  0.000000e+00
   endloop
 endfacet
 facet normal  0.000000e+00 -1.000000e+00  0.000000e+00
   outer loop
     vertex  5.972000e+01  4.078710e+01  0.000000e+00
     vertex  5.972000e+01  4.078710e+01  4.000000e+00
     vertex  4.581980e+01  4.078710e+01  4.000000e+00
   endloop
 endfacet
 facet normal  1.000000e+00  0.000000e+00  0.000000e+00
   outer loop
     vertex  4.581980e+01  4.078710e+01  0.000000e+00
     vertex  4.581980e+01  2.688690e+01  4.000000e+00
     vertex  4.581980e+01  2.688690e+01  0.000000e+00
   endloop
 endfacet
 facet normal  1.000000e+00  0.000000e+00 -0.000000e+00
   outer loop
     vertex  4.581980e+01  4.078710e+01  0.000000e+00
     vertex  4.581980e+01  4.078710e+01  4.000000e+00
     vertex  4.581980e+01  2.688690e+01  4.000000e+00
   endloop
 endfacet
 facet normal  0.000000e+00  1.000000e+00  0.000000e+00
   outer loop
     vertex  4.581980e+01  2.688690e+01  0.000000e+00
     vertex  5.972000e+01  2.688690e+01  4.000000e+00
     vertex  5.972000e+01  2.688690e+01  0.000000e+00
   endloop
 endfacet
 facet normal  0.000000e+00  1.000000e+00  0.000000e+00
   outer loop
     vertex  4.581980e+01  2.688690e+01  0.000000e+00
     vertex  4.581980e+01  2.688690e+01  4.000000e+00
     vertex  5.972000e+01  2.688690e+01  4.000000e+00
   endloop
 endfacet
 facet normal -1.000000e+00  0.000000e+00  0.000000e+00
   outer loop
     vertex  5.972000e+01  2.688690e+01  0.000000e+00
     vertex  5.972000e+01  4.078710e+01  4.000000e+00
     vertex  5.972000e+01  4.078710e+01  0.000000e+00
   endloop
 endfacet
 facet normal -1.000000e+00  0.000000e+00  0.000000e+00
   outer loop
     vertex  5.972000e+01  2.688690e+01  0.000000e+00
     vertex  5.972000e+01  2.688690e+01  4.000000e+00
     vertex  5.972000e+01  4.078710e+01  4.000000e+00
   endloop
 endfacet
 facet normal  0.000000e+00 -1.000000e+00  0.000000e+00
   outer loop
     vertex  9.305750e+01  2.173720e+01  0.000000e+00
     vertex  7.915730e+01  2.173720e+01  4.000000e+00
     vertex  7.915730e+01  2.173720e+01  0.000000e+00
   endloop
 endfacet
 facet normal  0.000000e+00 -1.000000e+00  0.000000e+00
   outer loop
     vertex  9.305750e+01  2.173720e+01  0.000000e+00
     vertex  9.305750e+01  2.173720e+01  4.000000e+00
     vertex  7.915730e+01  2.173720e+01  4.000000e+00
   endloop
 endfacet
 facet normal  1.000000e+00  0.000000e+00  0.000000e+00
   outer loop
     vertex  7.915730e+01  2.173720e+01  0.000000e+00
     vertex  7.915730e+01  7.836890e+00  4.000000e+00
     vertex  7.915730e+01  7.836890e+00  0.000000e+00
   endloop
 endfacet
 facet normal  1.000000e+00  0.000000e+00 -0.000000e+00
   outer loop
     vertex  7.915730e+01  2.173720e+01  0.000000e+00
     vertex  7.915730e+01  2.173720e+01  4.000000e+00
     vertex  7.915730e+01  7.836890e+00  4.000000e+00
   endloop
 endfacet
 facet normal  0.000000e+00  1.000000e+00  0.000000e+00
   outer loop
     vertex  7.915730e+01  7.836890e+00  0.000000e+00
     vertex  9.305750e+01  7.836890e+00  4.000000e+00
     vertex  9.305750e+01  7.836890e+00  0.000000e+00
   endloop
 endfacet
 facet normal  0.000000e+00  1.000000e+00  0.000000e+00
   outer loop
     vertex  7.915730e+01  7.836890e+00  0.000000e+00
     vertex  7.915730e+01  7.836890e+00  4.000000e+00
     vertex  9.305750e+01  7.836890e+00  4.000000e+00
   endloop
 endfacet
 facet normal -1.000000e+00  0.000000e+00  0.000000e+00
   outer loop
     vertex  9.305750e+01  7.836890e+00  0.000000e+00
     vertex  9.305750e+01  2.173720e+01  4.000000e+00
     vertex  9.305750e+01  2.173720e+01  0.000000e+00
   endloop
 endfacet
 facet normal -1.000000e+00  0.000000e+00  0.000000e+00
   outer loop
     vertex  9.305750e+01  7.836890e+00  0.000000e+00
     vertex  9.305750e+01  7.836890e+00  4.000000e+00
     vertex  9.305750e+01  2.173720e+01  4.000000e+00
   endloop
 endfacet
 facet normal  0.000000e+00 -1.000000e+00  0.000000e+00
   outer loop
     vertex  7.877000e+01  4.078710e+01  0.000000e+00
     vertex  6.486980e+01  4.078710e+01  4.000000e+00
     vertex  6.486980e+01  4.078710e+01  0.000000e+00
   endloop
 endfacet
 facet normal  0.000000e+00 -1.000000e+00  0.000000e+00
   outer loop
     vertex  7.877000e+01  4.078710e+01  0.000000e+00
     vertex  7.877000e+01  4.078710e+01  4.000000e+00
     vertex  6.486980e+01  4.078710e+01  4.000000e+00
   endloop
 endfacet
 facet normal  1.000000e+00  0.000000e+00  0.000000e+00
   outer loop
     vertex  6.486980e+01  4.078710e+01  0.000000e+00
     vertex  6.486980e+01  2.688690e+01  4.000000e+00
     vertex  6.486980e+01  2.688690e+01  0.000000e+00
   endloop
 endfacet
 facet normal  1.000000e+00  0.000000e+00 -0.000000e+00
   outer loop
     vertex  6.486980e+01  4.078710e+01  0.000000e+00
     vertex  6.486980e+01  4.078710e+01  4.000000e+00
     vertex  6.486980e+01  2.688690e+01  4.000000e+00
   endloop
 endfacet
 facet normal  0.000000e+00  1.000000e+00  0.000000e+00
   outer loop
     vertex  6.486980e+01  2.688690e+01  0.000000e+00
     vertex  7.877000e+01  2.688690e+01  4.000000e+00
     vertex  7.877000e+01  2.688690e+01  0.000000e+00
   endloop
 endfacet
 facet normal  0.000000e+00  1.000000e+00  0.000000e+00
   outer loop
     vertex  6.486980e+01  2.688690e+01  0.000000e+00
     vertex  6.486980e+01  2.688690e+01  4.000000e+00
     vertex  7.877000e+01  2.688690e+01  4.000000e+00
   endloop
 endfacet
 facet normal -1.000000e+00  0.000000e+00  0.000000e+00
   outer loop
     vertex  7.877000e+01  2.688690e+01  0.000000e+00
     vertex  7.877000e+01  4.078710e+01  4.000000e+00
     vertex  7.877000e+01  4.078710e+01  0.000000e+00
   endloop
 endfacet
 facet normal -1.000000e+00  0.000000e+00  0.000000e+00
   outer loop
     vertex  7.877000e+01  2.688690e+01  0.000000e+00
     vertex  7.877000e+01  2.688690e+01  4.000000e+00
     vertex  7.877000e+01  4.078710e+01  4.000000e+00
   endloop
 endfacet
 facet normal  0.000000e+00 -1.000000e+00  0.000000e+00
   outer loop
     vertex  9.782000e+01  4.078710e+01  0.000000e+00
     vertex  8.391980e+01  4.078710e+01  4.000000e+00
     vertex  8.391980e+01  4.078710e+01  0.000000e+00
   endloop
 endfacet
 facet normal  0.000000e+00 -1.000000e+00  0.000000e+00
   outer loop
     vertex  9.782000e+01  4.078710e+01  0.000000e+00
     vertex  9.782000e+01  4.078710e+01  4.000000e+00
     vertex  8.391980e+01  4.078710e+01  4.000000e+00
   endloop
 endfacet
 facet normal  1.000000e+00  0.000000e+00  0.000000e+00
   outer loop
     vertex  8.391980e+01  4.078710e+01  0.000000e+00
     vertex  8.391980e+01  2.688690e+01  4.000000e+00
     vertex  8.391980e+01  2.688690e+01  0.000000e+00
   endloop
 endfacet
 facet normal  1.000000e+00  0.000000e+00 -0.000000e+00
   outer loop
     vertex  8.391980e+01  4.078710e+01  0.000000e+00
     vertex  8.391980e+01  4.078710e+01  4.000000e+00
     vertex  8.391980e+01  2.688690e+01  4.000000e+00
   endloop
 endfacet
 facet normal  0.000000e+00  1.000000e+00  0.000000e+00
   outer loop
     vertex  8.391980e+01  2.688690e+01  0.000000e+00
     vertex  9.782000e+01  2.688690e+01  4.000000e+00
     vertex  9.782000e+01  2.688690e+01  0.000000e+00
   endloop
 endfacet
 facet normal  0.000000e+00  1.000000e+00  0.000000e+00
   outer loop
     vertex  8.391980e+01  2.688690e+01  0.000000e+00
     vertex  8.391980e+01  2.688690e+01  4.000000e+00
     vertex  9.782000e+01  2.688690e+01  4.000000e+00
   endloop
 endfacet
 facet normal -1.000000e+00  0.000000e+00  0.000000e+00
   outer loop
     vertex  9.782000e+01  2.688690e+01  0.000000e+00
     vertex  9.782000e+01  4.078710e+01  4.000000e+00
     vertex  9.782000e+01  4.078710e+01  0.000000e+00
   endloop
 endfacet
 facet normal -1.000000e+00  0.000000e+00  0.000000e+00
   outer loop
     vertex  9.782000e+01  2.688690e+01  0.000000e+00
     vertex  9.782000e+01  2.688690e+01  4.000000e+00
     vertex  9.782000e+01  4.078710e+01  4.000000e+00
   endloop
 endfacet
 facet normal -0.000000e+00 -1.000000e+00  0.000000e+00
   outer loop
     vertex  3.114510e+01  5.983710e+01  4.000000e+00
     vertex  1.724610e+01  5.983710e+01  4.000000e+00
     vertex  1.724610e+01  5.983710e+01  0.000000e+00
   endloop
 endfacet
 facet normal  0.000000e+00 -1.000000e+00  0.000000e+00
   outer loop
     vertex  3.114510e+01  5.983710e+01  0.000000e+00
     vertex  3.114510e+01  5.983710e+01  4.000000e+00
     vertex  1.724610e+01  5.983710e+01  0.000000e+00
   endloop
 endfacet
 facet normal  1.000000e+00  0.000000e+00  0.000000e+00
   outer loop
     vertex  1.724610e+01  5.983710e+01  0.000000e+00
     vertex  1.724610e+01  4.593700e+01  4.000000e+00
     vertex  1.724610e+01  4.593700e+01  0.000000e+00
   endloop
 endfacet
 facet normal  1.000000e+00  0.000000e+00 -0.000000e+00
   outer loop
     vertex  1.724610e+01  5.983710e+01  0.000000e+00
     vertex  1.724610e+01  5.983710e+01  4.000000e+00
     vertex  1.724610e+01  4.593700e+01  4.000000e+00
   endloop
 endfacet
 facet normal -0.000000e+00  1.000000e+00  0.000000e+00
   outer loop
     vertex  1.724610e+01  4.593700e+01  4.000000e+00
     vertex  3.114510e+01  4.593700e+01  4.000000e+00
     vertex  3.114510e+01  4.593700e+01  0.000000e+00
   endloop
 endfacet
 facet normal  0.000000e+00  1.000000e+00  0.000000e+00
   outer loop
     vertex  1.724610e+01  4.593700e+01  0.000000e+00
     vertex  1.724610e+01  4.593700e+01  4.000000e+00
     vertex  3.114510e+01  4.593700e+01  0.000000e+00
   endloop
 endfacet
 facet normal -1.000000e+00  0.000000e+00  0.000000e+00
   outer loop
     vertex  3.114510e+01  4.593700e+01  0.000000e+00
     vertex  3.114510e+01  5.983710e+01  4.000000e+00
     vertex  3.114510e+01  5.983710e+01  0.000000e+00
   endloop
 endfacet
 facet normal -1.000000e+00  0.000000e+00  0.000000e+00
   outer loop
     vertex  3.114510e+01  4.593700e+01  0.000000e+00
     vertex  3.114510e+01  4.593700e+01  4.000000e+00
     vertex  3.114510e+01  5.983710e+01  4.000000e+00
   endloop
 endfacet
 facet normal  0.000000e+00 -1.000000e+00  0.000000e+00
   outer loop
     vertex  5.019500e+01  5.983710e+01  0.000000e+00
     vertex  3.629620e+01  5.983710e+01  4.000000e+00
     vertex  3.629620e+01  5.983710e+01  0.000000e+00
   endloop
 endfacet
 facet normal  0.000000e+00 -1.000000e+00  0.000000e+00
   outer loop
     vertex  5.019500e+01  5.983710e+01  0.000000e+00
     vertex  5.019500e+01  5.983710e+01  4.000000e+00
     vertex  3.629620e+01  5.983710e+01  4.000000e+00
   endloop
 endfacet
 facet normal  1.000000e+00  0.000000e+00  0.000000e+00
   outer loop
     vertex  3.629620e+01  5.983710e+01  0.000000e+00
     vertex  3.629620e+01  4.593700e+01  4.000000e+00
     vertex  3.629620e+01  4.593700e+01  0.000000e+00
   endloop
 endfacet
 facet normal  1.000000e+00  0.000000e+00 -0.000000e+00
   outer loop
     vertex  3.629620e+01  5.983710e+01  0.000000e+00
     vertex  3.629620e+01  5.983710e+01  4.000000e+00
     vertex  3.629620e+01  4.593700e+01  4.000000e+00
   endloop
 endfacet
 facet normal  0.000000e+00  1.000000e+00  0.000000e+00
   outer loop
     vertex  3.629620e+01  4.593700e+01  0.000000e+00
     vertex  5.019500e+01  4.593700e+01  4.000000e+00
     vertex  5.019500e+01  4.593700e+01  0.000000e+00
   endloop
 endfacet
 facet normal  0.000000e+00  1.000000e+00  0.000000e+00
   outer loop
     vertex  3.629620e+01  4.593700e+01  0.000000e+00
     vertex  3.629620e+01  4.593700e+01  4.000000e+00
     vertex  5.019500e+01  4.593700e+01  4.000000e+00
   endloop
 endfacet
 facet normal -1.000000e+00  0.000000e+00  0.000000e+00
   outer loop
     vertex  5.019500e+01  4.593700e+01  0.000000e+00
     vertex  5.019500e+01  5.983710e+01  4.000000e+00
     vertex  5.019500e+01  5.983710e+01  0.000000e+00
   endloop
 endfacet
 facet normal -1.000000e+00  0.000000e+00  0.000000e+00
   outer loop
     vertex  5.019500e+01  4.593700e+01  0.000000e+00
     vertex  5.019500e+01  4.593700e+01  4.000000e+00
     vertex  5.019500e+01  5.983710e+01  4.000000e+00
   endloop
 endfacet
 facet normal  0.000000e+00 -1.000000e+00  0.000000e+00
   outer loop
     vertex  6.924500e+01  5.983710e+01  0.000000e+00
     vertex  5.534620e+01  5.983710e+01  4.000000e+00
     vertex  5.534620e+01  5.983710e+01  0.000000e+00
   endloop
 endfacet
 facet normal  0.000000e+00 -1.000000e+00  0.000000e+00
   outer loop
     vertex  6.924500e+01  5.983710e+01  0.000000e+00
     vertex  6.924500e+01  5.983710e+01  4.000000e+00
     vertex  5.534620e+01  5.983710e+01  4.000000e+00
   endloop
 endfacet
 facet normal  1.000000e+00  0.000000e+00  0.000000e+00
   outer loop
     vertex  5.534620e+01  5.983710e+01  0.000000e+00
     vertex  5.534620e+01  4.593700e+01  4.000000e+00
     vertex  5.534620e+01  4.593700e+01  0.000000e+00
   endloop
 endfacet
 facet normal  1.000000e+00  0.000000e+00 -0.000000e+00
   outer loop
     vertex  5.534620e+01  5.983710e+01  0.000000e+00
     vertex  5.534620e+01  5.983710e+01  4.000000e+00
     vertex  5.534620e+01  4.593700e+01  4.000000e+00
   endloop
 endfacet
 facet normal  0.000000e+00  1.000000e+00  0.000000e+00
   outer loop
     vertex  5.534620e+01  4.593700e+01  0.000000e+00
     vertex  6.924500e+01  4.593700e+01  4.000000e+00
     vertex  6.924500e+01  4.593700e+01  0.000000e+00
   endloop
 endfacet
 facet normal  0.000000e+00  1.000000e+00  0.000000e+00
   outer loop
     vertex  5.534620e+01  4.593700e+01  0.000000e+00
     vertex  5.534620e+01  4.593700e+01  4.000000e+00
     vertex  6.924500e+01  4.593700e+01  4.000000e+00
   endloop
 endfacet
 facet normal -1.000000e+00  0.000000e+00  0.000000e+00
   outer loop
     vertex  6.924500e+01  4.593700e+01  0.000000e+00
     vertex  6.924500e+01  5.983710e+01  4.000000e+00
     vertex  6.924500e+01  5.983710e+01  0.000000e+00
   endloop
 endfacet
 facet normal -1.000000e+00  0.000000e+00  0.000000e+00
   outer loop
     vertex  6.924500e+01  4.593700e+01  0.000000e+00
     vertex  6.924500e+01  4.593700e+01  4.000000e+00
     vertex  6.924500e+01  5.983710e+01  4.000000e+00
   endloop
 endfacet
 facet normal  0.000000e+00 -1.000000e+00  0.000000e+00
   outer loop
     vertex  8.829500e+01  5.983710e+01  0.000000e+00
     vertex  7.439620e+01  5.983710e+01  4.000000e+00
     vertex  7.439620e+01  5.983710e+01  0.000000e+00
   endloop
 endfacet
 facet normal  0.000000e+00 -1.000000e+00  0.000000e+00
   outer loop
     vertex  8.829500e+01  5.983710e+01  0.000000e+00
     vertex  8.829500e+01  5.983710e+01  4.000000e+00
     vertex  7.439620e+01  5.983710e+01  4.000000e+00
   endloop
 endfacet
 facet normal  1.000000e+00  0.000000e+00  0.000000e+00
   outer loop
     vertex  7.439620e+01  5.983710e+01  0.000000e+00
     vertex  7.439620e+01  4.593700e+01  4.000000e+00
     vertex  7.439620e+01  4.593700e+01  0.000000e+00
   endloop
 endfacet
 facet normal  1.000000e+00  0.000000e+00 -0.000000e+00
   outer loop
     vertex  7.439620e+01  5.983710e+01  0.000000e+00
     vertex  7.439620e+01  5.983710e+01  4.000000e+00
     vertex  7.439620e+01  4.593700e+01  4.000000e+00
   endloop
 endfacet
 facet normal  0.000000e+00  1.000000e+00  0.000000e+00
   outer loop
     vertex  7.439620e+01  4.593700e+01  0.000000e+00
     vertex  8.829500e+01  4.593700e+01  4.000000e+00
     vertex  8.829500e+01  4.593700e+01  0.000000e+00
   endloop
 endfacet
 facet normal  0.000000e+00  1.000000e+00  0.000000e+00
   outer loop
     vertex  7.439620e+01  4.593700e+01  0.000000e+00
     vertex  7.439620e+01  4.593700e+01  4.000000e+00
     vertex  8.829500e+01  4.593700e+01  4.000000e+00
   endloop
 endfacet
 facet normal -1.000000e+00  0.000000e+00  0.000000e+00
   outer loop
     vertex  8.829500e+01  4.593700e+01  0.000000e+00
     vertex  8.829500e+01  5.983710e+01  4.000000e+00
     vertex  8.829500e+01  5.983710e+01  0.000000e+00
   endloop
 endfacet
 facet normal -1.000000e+00  0.000000e+00  0.000000e+00
   outer loop
     vertex  8.829500e+01  4.593700e+01  0.000000e+00
     vertex  8.829500e+01  4.593700e+01  4.000000e+00
     vertex  8.829500e+01  5.983710e+01  4.000000e+00
   endloop
 endfacet
 facet normal  0.000000e+00 -1.000000e+00  0.000000e+00
   outer loop
     vertex  1.121070e+02  2.173720e+01  0.000000e+00
     vertex  9.820730e+01  2.173720e+01  4.000000e+00
     vertex  9.820730e+01  2.173720e+01  0.000000e+00
   endloop
 endfacet
 facet normal  0.000000e+00 -1.000000e+00  0.000000e+00
   outer loop
     vertex  1.121070e+02  2.173720e+01  0.000000e+00
     vertex  1.121070e+02  2.173720e+01  4.000000e+00
     vertex  9.820730e+01  2.173720e+01  4.000000e+00
   endloop
 endfacet
 facet normal  1.000000e+00  0.000000e+00  0.000000e+00
   outer loop
     vertex  9.820730e+01  2.173720e+01  0.000000e+00
     vertex  9.820730e+01  7.836890e+00  4.000000e+00
     vertex  9.820730e+01  7.836890e+00  0.000000e+00
   endloop
 endfacet
 facet normal  1.000000e+00  0.000000e+00 -0.000000e+00
   outer loop
     vertex  9.820730e+01  2.173720e+01  0.000000e+00
     vertex  9.820730e+01  2.173720e+01  4.000000e+00
     vertex  9.820730e+01  7.836890e+00  4.000000e+00
   endloop
 endfacet
 facet normal  0.000000e+00  1.000000e+00  0.000000e+00
   outer loop
     vertex  9.820730e+01  7.836890e+00  0.000000e+00
     vertex  1.121070e+02  7.836890e+00  4.000000e+00
     vertex  1.121070e+02  7.836890e+00  0.000000e+00
   endloop
 endfacet
 facet normal  0.000000e+00  1.000000e+00  0.000000e+00
   outer loop
     vertex  9.820730e+01  7.836890e+00  0.000000e+00
     vertex  9.820730e+01  7.836890e+00  4.000000e+00
     vertex  1.121070e+02  7.836890e+00  4.000000e+00
   endloop
 endfacet
 facet normal -1.000000e+00  0.000000e+00  0.000000e+00
   outer loop
     vertex  1.121070e+02  7.836890e+00  0.000000e+00
     vertex  1.121070e+02  2.173720e+01  4.000000e+00
     vertex  1.121070e+02  2.173720e+01  0.000000e+00
   endloop
 endfacet
 facet normal -1.000000e+00  0.000000e+00  0.000000e+00
   outer loop
     vertex  1.121070e+02  7.836890e+00  0.000000e+00
     vertex  1.121070e+02  7.836890e+00  4.000000e+00
     vertex  1.121070e+02  2.173720e+01  4.000000e+00
   endloop
 endfacet
 facet normal  0.000000e+00 -1.000000e+00  0.000000e+00
   outer loop
     vertex  1.311570e+02  2.173720e+01  0.000000e+00
     vertex  1.172570e+02  2.173720e+01  4.000000e+00
     vertex  1.172570e+02  2.173720e+01  0.000000e+00
   endloop
 endfacet
 facet normal  0.000000e+00 -1.000000e+00  0.000000e+00
   outer loop
     vertex  1.311570e+02  2.173720e+01  0.000000e+00
     vertex  1.311570e+02  2.173720e+01  4.000000e+00
     vertex  1.172570e+02  2.173720e+01  4.000000e+00
   endloop
 endfacet
 facet normal  1.000000e+00  0.000000e+00  0.000000e+00
   outer loop
     vertex  1.172570e+02  2.173720e+01  0.000000e+00
     vertex  1.172570e+02  7.836890e+00  4.000000e+00
     vertex  1.172570e+02  7.836890e+00  0.000000e+00
   endloop
 endfacet
 facet normal  1.000000e+00  0.000000e+00 -0.000000e+00
   outer loop
     vertex  1.172570e+02  2.173720e+01  0.000000e+00
     vertex  1.172570e+02  2.173720e+01  4.000000e+00
     vertex  1.172570e+02  7.836890e+00  4.000000e+00
   endloop
 endfacet
 facet normal  0.000000e+00  1.000000e+00  0.000000e+00
   outer loop
     vertex  1.172570e+02  7.836890e+00  0.000000e+00
     vertex  1.311570e+02  7.836890e+00  4.000000e+00
     vertex  1.311570e+02  7.836890e+00  0.000000e+00
   endloop
 endfacet
 facet normal  0.000000e+00  1.000000e+00  0.000000e+00
   outer loop
     vertex  1.172570e+02  7.836890e+00  0.000000e+00
     vertex  1.172570e+02  7.836890e+00  4.000000e+00
     vertex  1.311570e+02  7.836890e+00  4.000000e+00
   endloop
 endfacet
 facet normal -1.000000e+00  0.000000e+00  0.000000e+00
   outer loop
     vertex  1.311570e+02  7.836890e+00  0.000000e+00
     vertex  1.311570e+02  2.173720e+01  4.000000e+00
     vertex  1.311570e+02  2.173720e+01  0.000000e+00
   endloop
 endfacet
 facet normal -1.000000e+00  0.000000e+00  0.000000e+00
   outer loop
     vertex  1.311570e+02  7.836890e+00  0.000000e+00
     vertex  1.311570e+02  7.836890e+00  4.000000e+00
     vertex  1.311570e+02  2.173720e+01  4.000000e+00
   endloop
 endfacet
 facet normal  0.000000e+00 -1.000000e+00  0.000000e+00
   outer loop
     vertex  1.168700e+02  4.078710e+01  0.000000e+00
     vertex  1.029700e+02  4.078710e+01  4.000000e+00
     vertex  1.029700e+02  4.078710e+01  0.000000e+00
   endloop
 endfacet
 facet normal  0.000000e+00 -1.000000e+00  0.000000e+00
   outer loop
     vertex  1.168700e+02  4.078710e+01  0.000000e+00
     vertex  1.168700e+02  4.078710e+01  4.000000e+00
     vertex  1.029700e+02  4.078710e+01  4.000000e+00
   endloop
 endfacet
 facet normal  1.000000e+00  0.000000e+00  0.000000e+00
   outer loop
     vertex  1.029700e+02  4.078710e+01  0.000000e+00
     vertex  1.029700e+02  2.688690e+01  4.000000e+00
     vertex  1.029700e+02  2.688690e+01  0.000000e+00
   endloop
 endfacet
 facet normal  1.000000e+00  0.000000e+00 -0.000000e+00
   outer loop
     vertex  1.029700e+02  4.078710e+01  0.000000e+00
     vertex  1.029700e+02  4.078710e+01  4.000000e+00
     vertex  1.029700e+02  2.688690e+01  4.000000e+00
   endloop
 endfacet
 facet normal  0.000000e+00  1.000000e+00  0.000000e+00
   outer loop
     vertex  1.029700e+02  2.688690e+01  0.000000e+00
     vertex  1.168700e+02  2.688690e+01  4.000000e+00
     vertex  1.168700e+02  2.688690e+01  0.000000e+00
   endloop
 endfacet
 facet normal  0.000000e+00  1.000000e+00  0.000000e+00
   outer loop
     vertex  1.029700e+02  2.688690e+01  0.000000e+00
     vertex  1.029700e+02  2.688690e+01  4.000000e+00
     vertex  1.168700e+02  2.688690e+01  4.000000e+00
   endloop
 endfacet
 facet normal -1.000000e+00  0.000000e+00  0.000000e+00
   outer loop
     vertex  1.168700e+02  2.688690e+01  0.000000e+00
     vertex  1.168700e+02  4.078710e+01  4.000000e+00
     vertex  1.168700e+02  4.078710e+01  0.000000e+00
   endloop
 endfacet
 facet normal -1.000000e+00  0.000000e+00  0.000000e+00
   outer loop
     vertex  1.168700e+02  2.688690e+01  0.000000e+00
     vertex  1.168700e+02  2.688690e+01  4.000000e+00
     vertex  1.168700e+02  4.078710e+01  4.000000e+00
   endloop
 endfacet
 facet normal  0.000000e+00 -1.000000e+00  0.000000e+00
   outer loop
     vertex  1.430640e+02  4.078710e+01  0.000000e+00
     vertex  1.291640e+02  4.078710e+01  4.000000e+00
     vertex  1.291640e+02  4.078710e+01  0.000000e+00
   endloop
 endfacet
 facet normal  0.000000e+00 -1.000000e+00  0.000000e+00
   outer loop
     vertex  1.430640e+02  4.078710e+01  0.000000e+00
     vertex  1.430640e+02  4.078710e+01  4.000000e+00
     vertex  1.291640e+02  4.078710e+01  4.000000e+00
   endloop
 endfacet
 facet normal  1.000000e+00  0.000000e+00  0.000000e+00
   outer loop
     vertex  1.291640e+02  4.078710e+01  0.000000e+00
     vertex  1.291640e+02  2.688690e+01  4.000000e+00
     vertex  1.291640e+02  2.688690e+01  0.000000e+00
   endloop
 endfacet
 facet normal  1.000000e+00  0.000000e+00 -0.000000e+00
   outer loop
     vertex  1.291640e+02  4.078710e+01  0.000000e+00
     vertex  1.291640e+02  4.078710e+01  4.000000e+00
     vertex  1.291640e+02  2.688690e+01  4.000000e+00
   endloop
 endfacet
 facet normal  0.000000e+00  1.000000e+00  0.000000e+00
   outer loop
     vertex  1.291640e+02  2.688690e+01  0.000000e+00
     vertex  1.430640e+02  2.688690e+01  4.000000e+00
     vertex  1.430640e+02  2.688690e+01  0.000000e+00
   endloop
 endfacet
 facet normal  0.000000e+00  1.000000e+00  0.000000e+00
   outer loop
     vertex  1.291640e+02  2.688690e+01  0.000000e+00
     vertex  1.291640e+02  2.688690e+01  4.000000e+00
     vertex  1.430640e+02  2.688690e+01  4.000000e+00
   endloop
 endfacet
 facet normal -1.000000e+00  0.000000e+00  0.000000e+00
   outer loop
     vertex  1.430640e+02  2.688690e+01  0.000000e+00
     vertex  1.430640e+02  4.078710e+01  4.000000e+00
     vertex  1.430640e+02  4.078710e+01  0.000000e+00
   endloop
 endfacet
 facet normal -1.000000e+00  0.000000e+00  0.000000e+00
   outer loop
     vertex  1.430640e+02  2.688690e+01  0.000000e+00
     vertex  1.430640e+02  2.688690e+01  4.000000e+00
     vertex  1.430640e+02  4.078710e+01  4.000000e+00
   endloop
 endfacet
 facet normal  0.000000e+00 -1.000000e+00  0.000000e+00
   outer loop
     vertex  1.502070e+02  2.173720e+01  0.000000e+00
     vertex  1.363070e+02  2.173720e+01  4.000000e+00
     vertex  1.363070e+02  2.173720e+01  0.000000e+00
   endloop
 endfacet
 facet normal  0.000000e+00 -1.000000e+00  0.000000e+00
   outer loop
     vertex  1.502070e+02  2.173720e+01  0.000000e+00
     vertex  1.502070e+02  2.173720e+01  4.000000e+00
     vertex  1.363070e+02  2.173720e+01  4.000000e+00
   endloop
 endfacet
 facet normal  1.000000e+00  0.000000e+00  0.000000e+00
   outer loop
     vertex  1.363070e+02  2.173720e+01  0.000000e+00
     vertex  1.363070e+02  7.836890e+00  4.000000e+00
     vertex  1.363070e+02  7.836890e+00  0.000000e+00
   endloop
 endfacet
 facet normal  1.000000e+00  0.000000e+00 -0.000000e+00
   outer loop
     vertex  1.363070e+02  2.173720e+01  0.000000e+00
     vertex  1.363070e+02  2.173720e+01  4.000000e+00
     vertex  1.363070e+02  7.836890e+00  4.000000e+00
   endloop
 endfacet
 facet normal  0.000000e+00  1.000000e+00  0.000000e+00
   outer loop
     vertex  1.363070e+02  7.836890e+00  0.000000e+00
     vertex  1.502070e+02  7.836890e+00  4.000000e+00
     vertex  1.502070e+02  7.836890e+00  0.000000e+00
   endloop
 endfacet
 facet normal  0.000000e+00  1.000000e+00  0.000000e+00
   outer loop
     vertex  1.363070e+02  7.836890e+00  0.000000e+00
     vertex  1.363070e+02  7.836890e+00  4.000000e+00
     vertex  1.502070e+02  7.836890e+00  4.000000e+00
   endloop
 endfacet
 facet normal -1.000000e+00  0.000000e+00  0.000000e+00
   outer loop
     vertex  1.502070e+02  7.836890e+00  0.000000e+00
     vertex  1.502070e+02  2.173720e+01  4.000000e+00
     vertex  1.502070e+02  2.173720e+01  0.000000e+00
   endloop
 endfacet
 facet normal -1.000000e+00  0.000000e+00  0.000000e+00
   outer loop
     vertex  1.502070e+02  7.836890e+00  0.000000e+00
     vertex  1.502070e+02  7.836890e+00  4.000000e+00
     vertex  1.502070e+02  2.173720e+01  4.000000e+00
   endloop
 endfacet
 facet normal  0.000000e+00 -1.000000e+00  0.000000e+00
   outer loop
     vertex  1.692570e+02  2.173720e+01  0.000000e+00
     vertex  1.553570e+02  2.173720e+01  4.000000e+00
     vertex  1.553570e+02  2.173720e+01  0.000000e+00
   endloop
 endfacet
 facet normal  0.000000e+00 -1.000000e+00  0.000000e+00
   outer loop
     vertex  1.692570e+02  2.173720e+01  0.000000e+00
     vertex  1.692570e+02  2.173720e+01  4.000000e+00
     vertex  1.553570e+02  2.173720e+01  4.000000e+00
   endloop
 endfacet
 facet normal  1.000000e+00  0.000000e+00  0.000000e+00
   outer loop
     vertex  1.553570e+02  2.173720e+01  0.000000e+00
     vertex  1.553570e+02  7.836890e+00  4.000000e+00
     vertex  1.553570e+02  7.836890e+00  0.000000e+00
   endloop
 endfacet
 facet normal  1.000000e+00  0.000000e+00 -0.000000e+00
   outer loop
     vertex  1.553570e+02  2.173720e+01  0.000000e+00
     vertex  1.553570e+02  2.173720e+01  4.000000e+00
     vertex  1.553570e+02  7.836890e+00  4.000000e+00
   endloop
 endfacet
 facet normal  0.000000e+00  1.000000e+00  0.000000e+00
   outer loop
     vertex  1.553570e+02  7.836890e+00  0.000000e+00
     vertex  1.692570e+02  7.836890e+00  4.000000e+00
     vertex  1.692570e+02  7.836890e+00  0.000000e+00
   endloop
 endfacet
 facet normal  0.000000e+00  1.000000e+00  0.000000e+00
   outer loop
     vertex  1.553570e+02  7.836890e+00  0.000000e+00
     vertex  1.553570e+02  7.836890e+00  4.000000e+00
     vertex  1.692570e+02  7.836890e+00  4.000000e+00
   endloop
 endfacet
 facet normal -1.000000e+00  0.000000e+00  0.000000e+00
   outer loop
     vertex  1.692570e+02  7.836890e+00  0.000000e+00
     vertex  1.692570e+02  2.173720e+01  4.000000e+00
     vertex  1.692570e+02  2.173720e+01  0.000000e+00
   endloop
 endfacet
 facet normal -1.000000e+00  0.000000e+00  0.000000e+00
   outer loop
     vertex  1.692570e+02  7.836890e+00  0.000000e+00
     vertex  1.692570e+02  7.836890e+00  4.000000e+00
     vertex  1.692570e+02  2.173720e+01  4.000000e+00
   endloop
 endfacet
 facet normal  0.000000e+00 -1.000000e+00  0.000000e+00
   outer loop
     vertex  1.883070e+02  2.173720e+01  0.000000e+00
     vertex  1.744070e+02  2.173720e+01  4.000000e+00
     vertex  1.744070e+02  2.173720e+01  0.000000e+00
   endloop
 endfacet
 facet normal  0.000000e+00 -1.000000e+00  0.000000e+00
   outer loop
     vertex  1.883070e+02  2.173720e+01  0.000000e+00
     vertex  1.883070e+02  2.173720e+01  4.000000e+00
     vertex  1.744070e+02  2.173720e+01  4.000000e+00
   endloop
 endfacet
 facet normal  1.000000e+00  0.000000e+00  0.000000e+00
   outer loop
     vertex  1.744070e+02  2.173720e+01  0.000000e+00
     vertex  1.744070e+02  7.836890e+00  4.000000e+00
     vertex  1.744070e+02  7.836890e+00  0.000000e+00
   endloop
 endfacet
 facet normal  1.000000e+00  0.000000e+00 -0.000000e+00
   outer loop
     vertex  1.744070e+02  2.173720e+01  0.000000e+00
     vertex  1.744070e+02  2.173720e+01  4.000000e+00
     vertex  1.744070e+02  7.836890e+00  4.000000e+00
   endloop
 endfacet
 facet normal  0.000000e+00  1.000000e+00  0.000000e+00
   outer loop
     vertex  1.744070e+02  7.836890e+00  0.000000e+00
     vertex  1.883070e+02  7.836890e+00  4.000000e+00
     vertex  1.883070e+02  7.836890e+00  0.000000e+00
   endloop
 endfacet
 facet normal  0.000000e+00  1.000000e+00  0.000000e+00
   outer loop
     vertex  1.744070e+02  7.836890e+00  0.000000e+00
     vertex  1.744070e+02  7.836890e+00  4.000000e+00
     vertex  1.883070e+02  7.836890e+00  4.000000e+00
   endloop
 endfacet
 facet normal -1.000000e+00  0.000000e+00  0.000000e+00
   outer loop
     vertex  1.883070e+02  7.836890e+00  0.000000e+00
     vertex  1.883070e+02  2.173720e+01  4.000000e+00
     vertex  1.883070e+02  2.173720e+01  0.000000e+00
   endloop
 endfacet
 facet normal -1.000000e+00  0.000000e+00  0.000000e+00
   outer loop
     vertex  1.883070e+02  7.836890e+00  0.000000e+00
     vertex  1.883070e+02  7.836890e+00  4.000000e+00
     vertex  1.883070e+02  2.173720e+01  4.000000e+00
   endloop
 endfacet
 facet normal  0.000000e+00 -1.000000e+00  0.000000e+00
   outer loop
     vertex  1.692570e+02  4.078710e+01  0.000000e+00
     vertex  1.553570e+02  4.078710e+01  4.000000e+00
     vertex  1.553570e+02  4.078710e+01  0.000000e+00
   endloop
 endfacet
 facet normal  0.000000e+00 -1.000000e+00  0.000000e+00
   outer loop
     vertex  1.692570e+02  4.078710e+01  0.000000e+00
     vertex  1.692570e+02  4.078710e+01  4.000000e+00
     vertex  1.553570e+02  4.078710e+01  4.000000e+00
   endloop
 endfacet
 facet normal  1.000000e+00  0.000000e+00  0.000000e+00
   outer loop
     vertex  1.553570e+02  4.078710e+01  0.000000e+00
     vertex  1.553570e+02  2.688690e+01  4.000000e+00
     vertex  1.553570e+02  2.688690e+01  0.000000e+00
   endloop
 endfacet
 facet normal  1.000000e+00  0.000000e+00 -0.000000e+00
   outer loop
     vertex  1.553570e+02  4.078710e+01  0.000000e+00
     vertex  1.553570e+02  4.078710e+01  4.000000e+00
     vertex  1.553570e+02  2.688690e+01  4.000000e+00
   endloop
 endfacet
 facet normal  0.000000e+00  1.000000e+00  0.000000e+00
   outer loop
     vertex  1.553570e+02  2.688690e+01  0.000000e+00
     vertex  1.692570e+02  2.688690e+01  4.000000e+00
     vertex  1.692570e+02  2.688690e+01  0.000000e+00
   endloop
 endfacet
 facet normal  0.000000e+00  1.000000e+00  0.000000e+00
   outer loop
     vertex  1.553570e+02  2.688690e+01  0.000000e+00
     vertex  1.553570e+02  2.688690e+01  4.000000e+00
     vertex  1.692570e+02  2.688690e+01  4.000000e+00
   endloop
 endfacet
 facet normal -1.000000e+00  0.000000e+00  0.000000e+00
   outer loop
     vertex  1.692570e+02  2.688690e+01  0.000000e+00
     vertex  1.692570e+02  4.078710e+01  4.000000e+00
     vertex  1.692570e+02  4.078710e+01  0.000000e+00
   endloop
 endfacet
 facet normal -1.000000e+00  0.000000e+00  0.000000e+00
   outer loop
     vertex  1.692570e+02  2.688690e+01  0.000000e+00
     vertex  1.692570e+02  2.688690e+01  4.000000e+00
     vertex  1.692570e+02  4.078710e+01  4.000000e+00
   endloop
 endfacet
 facet normal  0.000000e+00 -1.000000e+00  0.000000e+00
   outer loop
     vertex  1.883070e+02  4.078710e+01  0.000000e+00
     vertex  1.744070e+02  4.078710e+01  4.000000e+00
     vertex  1.744070e+02  4.078710e+01  0.000000e+00
   endloop
 endfacet
 facet normal  0.000000e+00 -1.000000e+00  0.000000e+00
   outer loop
     vertex  1.883070e+02  4.078710e+01  0.000000e+00
     vertex  1.883070e+02  4.078710e+01  4.000000e+00
     vertex  1.744070e+02  4.078710e+01  4.000000e+00
   endloop
 endfacet
 facet normal  1.000000e+00  0.000000e+00  0.000000e+00
   outer loop
     vertex  1.744070e+02  4.078710e+01  0.000000e+00
     vertex  1.744070e+02  2.688690e+01  4.000000e+00
     vertex  1.744070e+02  2.688690e+01  0.000000e+00
   endloop
 endfacet
 facet normal  1.000000e+00  0.000000e+00 -0.000000e+00
   outer loop
     vertex  1.744070e+02  4.078710e+01  0.000000e+00
     vertex  1.744070e+02  4.078710e+01  4.000000e+00
     vertex  1.744070e+02  2.688690e+01  4.000000e+00
   endloop
 endfacet
 facet normal  0.000000e+00  1.000000e+00  0.000000e+00
   outer loop
     vertex  1.744070e+02  2.688690e+01  0.000000e+00
     vertex  1.883070e+02  2.688690e+01  4.000000e+00
     vertex  1.883070e+02  2.688690e+01  0.000000e+00
   endloop
 endfacet
 facet normal  0.000000e+00  1.000000e+00  0.000000e+00
   outer loop
     vertex  1.744070e+02  2.688690e+01  0.000000e+00
     vertex  1.744070e+02  2.688690e+01  4.000000e+00
     vertex  1.883070e+02  2.688690e+01  4.000000e+00
   endloop
 endfacet
 facet normal -1.000000e+00  0.000000e+00  0.000000e+00
   outer loop
     vertex  1.883070e+02  2.688690e+01  0.000000e+00
     vertex  1.883070e+02  4.078710e+01  4.000000e+00
     vertex  1.883070e+02  4.078710e+01  0.000000e+00
   endloop
 endfacet
 facet normal -1.000000e+00  0.000000e+00  0.000000e+00
   outer loop
     vertex  1.883070e+02  2.688690e+01  0.000000e+00
     vertex  1.883070e+02  2.688690e+01  4.000000e+00
     vertex  1.883070e+02  4.078710e+01  4.000000e+00
   endloop
 endfacet
 facet normal  0.000000e+00 -1.000000e+00  0.000000e+00
   outer loop
     vertex  1.073450e+02  5.983710e+01  0.000000e+00
     vertex  9.344620e+01  5.983710e+01  4.000000e+00
     vertex  9.344620e+01  5.983710e+01  0.000000e+00
   endloop
 endfacet
 facet normal  0.000000e+00 -1.000000e+00  0.000000e+00
   outer loop
     vertex  1.073450e+02  5.983710e+01  0.000000e+00
     vertex  1.073450e+02  5.983710e+01  4.000000e+00
     vertex  9.344620e+01  5.983710e+01  4.000000e+00
   endloop
 endfacet
 facet normal  1.000000e+00  0.000000e+00  0.000000e+00
   outer loop
     vertex  9.344620e+01  5.983710e+01  0.000000e+00
     vertex  9.344620e+01  4.593700e+01  4.000000e+00
     vertex  9.344620e+01  4.593700e+01  0.000000e+00
   endloop
 endfacet
 facet normal  1.000000e+00  0.000000e+00 -0.000000e+00
   outer loop
     vertex  9.344620e+01  5.983710e+01  0.000000e+00
     vertex  9.344620e+01  5.983710e+01  4.000000e+00
     vertex  9.344620e+01  4.593700e+01  4.000000e+00
   endloop
 endfacet
 facet normal  0.000000e+00  1.000000e+00  0.000000e+00
   outer loop
     vertex  9.344620e+01  4.593700e+01  0.000000e+00
     vertex  1.073450e+02  4.593700e+01  4.000000e+00
     vertex  1.073450e+02  4.593700e+01  0.000000e+00
   endloop
 endfacet
 facet normal  0.000000e+00  1.000000e+00  0.000000e+00
   outer loop
     vertex  9.344620e+01  4.593700e+01  0.000000e+00
     vertex  9.344620e+01  4.593700e+01  4.000000e+00
     vertex  1.073450e+02  4.593700e+01  4.000000e+00
   endloop
 endfacet
 facet normal -1.000000e+00  0.000000e+00  0.000000e+00
   outer loop
     vertex  1.073450e+02  4.593700e+01  0.000000e+00
     vertex  1.073450e+02  5.983710e+01  4.000000e+00
     vertex  1.073450e+02  5.983710e+01  0.000000e+00
   endloop
 endfacet
 facet normal -1.000000e+00  0.000000e+00  0.000000e+00
   outer loop
     vertex  1.073450e+02  4.593700e+01  0.000000e+00
     vertex  1.073450e+02  4.593700e+01  4.000000e+00
     vertex  1.073450e+02  5.983710e+01  4.000000e+00
   endloop
 endfacet
 facet normal  0.000000e+00 -1.000000e+00  0.000000e+00
   outer loop
     vertex  1.263950e+02  5.983710e+01  0.000000e+00
     vertex  1.124950e+02  5.983710e+01  4.000000e+00
     vertex  1.124950e+02  5.983710e+01  0.000000e+00
   endloop
 endfacet
 facet normal  0.000000e+00 -1.000000e+00  0.000000e+00
   outer loop
     vertex  1.263950e+02  5.983710e+01  0.000000e+00
     vertex  1.263950e+02  5.983710e+01  4.000000e+00
     vertex  1.124950e+02  5.983710e+01  4.000000e+00
   endloop
 endfacet
 facet normal  1.000000e+00  0.000000e+00  0.000000e+00
   outer loop
     vertex  1.124950e+02  5.983710e+01  0.000000e+00
     vertex  1.124950e+02  4.593700e+01  4.000000e+00
     vertex  1.124950e+02  4.593700e+01  0.000000e+00
   endloop
 endfacet
 facet normal  1.000000e+00  0.000000e+00 -0.000000e+00
   outer loop
     vertex  1.124950e+02  5.983710e+01  0.000000e+00
     vertex  1.124950e+02  5.983710e+01  4.000000e+00
     vertex  1.124950e+02  4.593700e+01  4.000000e+00
   endloop
 endfacet
 facet normal  0.000000e+00  1.000000e+00  0.000000e+00
   outer loop
     vertex  1.124950e+02  4.593700e+01  0.000000e+00
     vertex  1.263950e+02  4.593700e+01  4.000000e+00
     vertex  1.263950e+02  4.593700e+01  0.000000e+00
   endloop
 endfacet
 facet normal  0.000000e+00  1.000000e+00  0.000000e+00
   outer loop
     vertex  1.124950e+02  4.593700e+01  0.000000e+00
     vertex  1.124950e+02  4.593700e+01  4.000000e+00
     vertex  1.263950e+02  4.593700e+01  4.000000e+00
   endloop
 endfacet
 facet normal -1.000000e+00  0.000000e+00  0.000000e+00
   outer loop
     vertex  1.263950e+02  4.593700e+01  0.000000e+00
     vertex  1.263950e+02  5.983710e+01  4.000000e+00
     vertex  1.263950e+02  5.983710e+01  0.000000e+00
   endloop
 endfacet
 facet normal -1.000000e+00  0.000000e+00  0.000000e+00
   outer loop
     vertex  1.263950e+02  4.593700e+01  0.000000e+00
     vertex  1.263950e+02  4.593700e+01  4.000000e+00
     vertex  1.263950e+02  5.983710e+01  4.000000e+00
   endloop
 endfacet
 facet normal  0.000000e+00 -1.000000e+00  0.000000e+00
   outer loop
     vertex  1.418260e+02  5.513670e+01  0.000000e+00
     vertex  1.434510e+02  5.513670e+01  0.000000e+00
     vertex  1.434510e+02  5.513670e+01  4.000000e+00
   endloop
 endfacet
 facet normal  0.000000e+00 -1.000000e+00  0.000000e+00
   outer loop
     vertex  1.418260e+02  5.513670e+01  0.000000e+00
     vertex  1.434510e+02  5.513670e+01  4.000000e+00
     vertex  1.418260e+02  5.513670e+01  4.000000e+00
   endloop
 endfacet
 facet normal -1.000000e+00  0.000000e+00  0.000000e+00
   outer loop
     vertex  1.418260e+02  5.836670e+01  0.000000e+00
     vertex  1.418260e+02  5.513670e+01  0.000000e+00
     vertex  1.418260e+02  5.513670e+01  4.000000e+00
   endloop
 endfacet
 facet normal -1.000000e+00  0.000000e+00  0.000000e+00
   outer loop
     vertex  1.418260e+02  5.836670e+01  0.000000e+00
     vertex  1.418260e+02  5.513670e+01  4.000000e+00
     vertex  1.418260e+02  5.836670e+01  4.000000e+00
   endloop
 endfacet
 facet normal  0.000000e+00 -1.000000e+00  0.000000e+00
   outer loop
     vertex  1.401010e+02  5.836670e+01  0.000000e+00
     vertex  1.418260e+02  5.836670e+01  0.000000e+00
     vertex  1.418260e+02  5.836670e+01  4.000000e+00
   endloop
 endfacet
 facet normal  0.000000e+00 -1.000000e+00  0.000000e+00
   outer loop
     vertex  1.401010e+02  5.836670e+01  0.000000e+00
     vertex  1.418260e+02  5.836670e+01  4.000000e+00
     vertex  1.401010e+02  5.836670e+01  4.000000e+00
   endloop
 endfacet
 facet normal -1.000000e+00  0.000000e+00  0.000000e+00
   outer loop
     vertex  1.401010e+02  5.928750e+01  0.000000e+00
     vertex  1.401010e+02  5.836670e+01  0.000000e+00
     vertex  1.401010e+02  5.836670e+01  4.000000e+00
   endloop
 endfacet
 facet normal -1.000000e+00  0.000000e+00  0.000000e+00
   outer loop
     vertex  1.401010e+02  5.928750e+01  0.000000e+00
     vertex  1.401010e+02  5.836670e+01  4.000000e+00
     vertex  1.401010e+02  5.928750e+01  4.000000e+00
   endloop
 endfacet
 facet normal  0.000000e+00 -1.000000e+00  0.000000e+00
   outer loop
     vertex  1.369010e+02  5.928750e+01  0.000000e+00
     vertex  1.401010e+02  5.928750e+01  0.000000e+00
     vertex  1.401010e+02  5.928750e+01  4.000000e+00
   endloop
 endfacet
 facet normal  0.000000e+00 -1.000000e+00  0.000000e+00
   outer loop
     vertex  1.369010e+02  5.928750e+01  0.000000e+00
     vertex  1.401010e+02  5.928750e+01  4.000000e+00
     vertex  1.369010e+02  5.928750e+01  4.000000e+00
   endloop
 endfacet
 facet normal  1.000000e+00  0.000000e+00  0.000000e+00
   outer loop
     vertex  1.369010e+02  5.836670e+01  0.000000e+00
     vertex  1.369010e+02  5.928750e+01  0.000000e+00
     vertex  1.369010e+02  5.928750e+01  4.000000e+00
   endloop
 endfacet
 facet normal  1.000000e+00  0.000000e+00  0.000000e+00
   outer loop
     vertex  1.369010e+02  5.836670e+01  0.000000e+00
     vertex  1.369010e+02  5.928750e+01  4.000000e+00
     vertex  1.369010e+02  5.836670e+01  4.000000e+00
   endloop
 endfacet
 facet normal  0.000000e+00 -1.000000e+00  0.000000e+00
   outer loop
     vertex  1.351760e+02  5.836670e+01  0.000000e+00
     vertex  1.369010e+02  5.836670e+01  0.000000e+00
     vertex  1.369010e+02  5.836670e+01  4.000000e+00
   endloop
 endfacet
 facet normal  0.000000e+00 -1.000000e+00  0.000000e+00
   outer loop
     vertex  1.351760e+02  5.836670e+01  0.000000e+00
     vertex  1.369010e+02  5.836670e+01  4.000000e+00
     vertex  1.351760e+02  5.836670e+01  4.000000e+00
   endloop
 endfacet
 facet normal  1.000000e+00  0.000000e+00  0.000000e+00
   outer loop
     vertex  1.351760e+02  5.513670e+01  0.000000e+00
     vertex  1.351760e+02  5.836670e+01  0.000000e+00
     vertex  1.351760e+02  5.836670e+01  4.000000e+00
   endloop
 endfacet
 facet normal  1.000000e+00  0.000000e+00  0.000000e+00
   outer loop
     vertex  1.351760e+02  5.513670e+01  0.000000e+00
     vertex  1.351760e+02  5.836670e+01  4.000000e+00
     vertex  1.351760e+02  5.513670e+01  4.000000e+00
   endloop
 endfacet
 facet normal  0.000000e+00 -1.000000e+00  0.000000e+00
   outer loop
     vertex  1.343520e+02  5.513670e+01  0.000000e+00
     vertex  1.351760e+02  5.513670e+01  0.000000e+00
     vertex  1.351760e+02  5.513670e+01  4.000000e+00
   endloop
 endfacet
 facet normal  0.000000e+00 -1.000000e+00  0.000000e+00
   outer loop
     vertex  1.343520e+02  5.513670e+01  0.000000e+00
     vertex  1.351760e+02  5.513670e+01  4.000000e+00
     vertex  1.343520e+02  5.513670e+01  4.000000e+00
   endloop
 endfacet
 facet normal  1.000000e+00  0.000000e+00  0.000000e+00
   outer loop
     vertex  1.343520e+02  5.243720e+01  0.000000e+00
     vertex  1.343520e+02  5.513670e+01  0.000000e+00
     vertex  1.343520e+02  5.513670e+01  4.000000e+00
   endloop
 endfacet
 facet normal  1.000000e+00  0.000000e+00  0.000000e+00
   outer loop
     vertex  1.343520e+02  5.243720e+01  0.000000e+00
     vertex  1.343520e+02  5.513670e+01  4.000000e+00
     vertex  1.343520e+02  5.243720e+01  4.000000e+00
   endloop
 endfacet
 facet normal  0.000000e+00  1.000000e+00  0.000000e+00
   outer loop
     vertex  1.351760e+02  5.243720e+01  0.000000e+00
     vertex  1.343520e+02  5.243720e+01  0.000000e+00
     vertex  1.343520e+02  5.243720e+01  4.000000e+00
   endloop
 endfacet
 facet normal  0.000000e+00  1.000000e+00 -0.000000e+00
   outer loop
     vertex  1.351760e+02  5.243720e+01  0.000000e+00
     vertex  1.343520e+02  5.243720e+01  4.000000e+00
     vertex  1.351760e+02  5.243720e+01  4.000000e+00
   endloop
 endfacet
 facet normal  1.000000e+00  0.000000e+00  0.000000e+00
   outer loop
     vertex  1.351760e+02  4.616700e+01  0.000000e+00
     vertex  1.351760e+02  5.243720e+01  0.000000e+00
     vertex  1.351760e+02  5.243720e+01  4.000000e+00
   endloop
 endfacet
 facet normal  1.000000e+00  0.000000e+00  0.000000e+00
   outer loop
     vertex  1.351760e+02  4.616700e+01  0.000000e+00
     vertex  1.351760e+02  5.243720e+01  4.000000e+00
     vertex  1.351760e+02  4.616700e+01  4.000000e+00
   endloop
 endfacet
 facet normal  0.000000e+00  1.000000e+00  0.000000e+00
   outer loop
     vertex  1.369010e+02  4.616700e+01  0.000000e+00
     vertex  1.351760e+02  4.616700e+01  0.000000e+00
     vertex  1.351760e+02  4.616700e+01  4.000000e+00
   endloop
 endfacet
 facet normal  0.000000e+00  1.000000e+00 -0.000000e+00
   outer loop
     vertex  1.369010e+02  4.616700e+01  0.000000e+00
     vertex  1.351760e+02  4.616700e+01  4.000000e+00
     vertex  1.369010e+02  4.616700e+01  4.000000e+00
   endloop
 endfacet
 facet normal  1.000000e+00  0.000000e+00  0.000000e+00
   outer loop
     vertex  1.369010e+02  4.518730e+01  0.000000e+00
     vertex  1.369010e+02  4.616700e+01  0.000000e+00
     vertex  1.369010e+02  4.616700e+01  4.000000e+00
   endloop
 endfacet
 facet normal  1.000000e+00  0.000000e+00  0.000000e+00
   outer loop
     vertex  1.369010e+02  4.518730e+01  0.000000e+00
     vertex  1.369010e+02  4.616700e+01  4.000000e+00
     vertex  1.369010e+02  4.518730e+01  4.000000e+00
   endloop
 endfacet
 facet normal  0.000000e+00  1.000000e+00  0.000000e+00
   outer loop
     vertex  1.401010e+02  4.518730e+01  0.000000e+00
     vertex  1.369010e+02  4.518730e+01  0.000000e+00
     vertex  1.369010e+02  4.518730e+01  4.000000e+00
   endloop
 endfacet
 facet normal  0.000000e+00  1.000000e+00 -0.000000e+00
   outer loop
     vertex  1.401010e+02  4.518730e+01  0.000000e+00
     vertex  1.369010e+02  4.518730e+01  4.000000e+00
     vertex  1.401010e+02  4.518730e+01  4.000000e+00
   endloop
 endfacet
 facet normal -1.000000e+00  0.000000e+00  0.000000e+00
   outer loop
     vertex  1.401010e+02  4.616700e+01  0.000000e+00
     vertex  1.401010e+02  4.518730e+01  0.000000e+00
     vertex  1.401010e+02  4.518730e+01  4.000000e+00
   endloop
 endfacet
 facet normal -1.000000e+00  0.000000e+00  0.000000e+00
   outer loop
     vertex  1.401010e+02  4.616700e+01  0.000000e+00
     vertex  1.401010e+02  4.518730e+01  4.000000e+00
     vertex  1.401010e+02  4.616700e+01  4.000000e+00
   endloop
 endfacet
 facet normal  0.000000e+00  1.000000e+00  0.000000e+00
   outer loop
     vertex  1.418260e+02  4.616700e+01  0.000000e+00
     vertex  1.401010e+02  4.616700e+01  0.000000e+00
     vertex  1.401010e+02  4.616700e+01  4.000000e+00
   endloop
 endfacet
 facet normal  0.000000e+00  1.000000e+00 -0.000000e+00
   outer loop
     vertex  1.418260e+02  4.616700e+01  0.000000e+00
     vertex  1.401010e+02  4.616700e+01  4.000000e+00
     vertex  1.418260e+02  4.616700e+01  4.000000e+00
   endloop
 endfacet
 facet normal -1.000000e+00  0.000000e+00  0.000000e+00
   outer loop
     vertex  1.418260e+02  5.063740e+01  0.000000e+00
     vertex  1.418260e+02  4.616700e+01  0.000000e+00
     vertex  1.418260e+02  4.616700e+01  4.000000e+00
   endloop
 endfacet
 facet normal -1.000000e+00  0.000000e+00  0.000000e+00
   outer loop
     vertex  1.418260e+02  5.063740e+01  0.000000e+00
     vertex  1.418260e+02  4.616700e+01  4.000000e+00
     vertex  1.418260e+02  5.063740e+01  4.000000e+00
   endloop
 endfacet
 facet normal  0.000000e+00  1.000000e+00  0.000000e+00
   outer loop
     vertex  1.434510e+02  5.063740e+01  0.000000e+00
     vertex  1.418260e+02  5.063740e+01  0.000000e+00
     vertex  1.418260e+02  5.063740e+01  4.000000e+00
   endloop
 endfacet
 facet normal  0.000000e+00  1.000000e+00 -0.000000e+00
   outer loop
     vertex  1.434510e+02  5.063740e+01  0.000000e+00
     vertex  1.418260e+02  5.063740e+01  4.000000e+00
     vertex  1.434510e+02  5.063740e+01  4.000000e+00
   endloop
 endfacet
 facet normal  1.000000e+00  0.000000e+00  0.000000e+00
   outer loop
     vertex  1.434510e+02  4.593700e+01  0.000000e+00
     vertex  1.434510e+02  5.063740e+01  0.000000e+00
     vertex  1.434510e+02  5.063740e+01  4.000000e+00
   endloop
 endfacet
 facet normal  1.000000e+00  0.000000e+00  0.000000e+00
   outer loop
     vertex  1.434510e+02  4.593700e+01  0.000000e+00
     vertex  1.434510e+02  5.063740e+01  4.000000e+00
     vertex  1.434510e+02  4.593700e+01  4.000000e+00
   endloop
 endfacet
 facet normal  0.000000e+00  1.000000e+00  0.000000e+00
   outer loop
     vertex  1.573510e+02  4.593700e+01  0.000000e+00
     vertex  1.434510e+02  4.593700e+01  0.000000e+00
     vertex  1.434510e+02  4.593700e+01  4.000000e+00
   endloop
 endfacet
 facet normal  0.000000e+00  1.000000e+00 -0.000000e+00
   outer loop
     vertex  1.573510e+02  4.593700e+01  0.000000e+00
     vertex  1.434510e+02  4.593700e+01  4.000000e+00
     vertex  1.573510e+02  4.593700e+01  4.000000e+00
   endloop
 endfacet
 facet normal -1.000000e+00  0.000000e+00  0.000000e+00
   outer loop
     vertex  1.573510e+02  5.063740e+01  0.000000e+00
     vertex  1.573510e+02  4.593700e+01  0.000000e+00
     vertex  1.573510e+02  4.593700e+01  4.000000e+00
   endloop
 endfacet
 facet normal -1.000000e+00  0.000000e+00  0.000000e+00
   outer loop
     vertex  1.573510e+02  5.063740e+01  0.000000e+00
     vertex  1.573510e+02  4.593700e+01  4.000000e+00
     vertex  1.573510e+02  5.063740e+01  4.000000e+00
   endloop
 endfacet
 facet normal  0.000000e+00  1.000000e+00  0.000000e+00
   outer loop
     vertex  1.589760e+02  5.063740e+01  0.000000e+00
     vertex  1.573510e+02  5.063740e+01  0.000000e+00
     vertex  1.573510e+02  5.063740e+01  4.000000e+00
   endloop
 endfacet
 facet normal  0.000000e+00  1.000000e+00 -0.000000e+00
   outer loop
     vertex  1.589760e+02  5.063740e+01  0.000000e+00
     vertex  1.573510e+02  5.063740e+01  4.000000e+00
     vertex  1.589760e+02  5.063740e+01  4.000000e+00
   endloop
 endfacet
 facet normal  1.000000e+00  0.000000e+00  0.000000e+00
   outer loop
     vertex  1.589760e+02  4.616700e+01  0.000000e+00
     vertex  1.589760e+02  5.063740e+01  0.000000e+00
     vertex  1.589760e+02  5.063740e+01  4.000000e+00
   endloop
 endfacet
 facet normal  1.000000e+00  0.000000e+00  0.000000e+00
   outer loop
     vertex  1.589760e+02  4.616700e+01  0.000000e+00
     vertex  1.589760e+02  5.063740e+01  4.000000e+00
     vertex  1.589760e+02  4.616700e+01  4.000000e+00
   endloop
 endfacet
 facet normal  0.000000e+00  1.000000e+00  0.000000e+00
   outer loop
     vertex  1.607010e+02  4.616700e+01  0.000000e+00
     vertex  1.589760e+02  4.616700e+01  0.000000e+00
     vertex  1.589760e+02  4.616700e+01  4.000000e+00
   endloop
 endfacet
 facet normal  0.000000e+00  1.000000e+00 -0.000000e+00
   outer loop
     vertex  1.607010e+02  4.616700e+01  0.000000e+00
     vertex  1.589760e+02  4.616700e+01  4.000000e+00
     vertex  1.607010e+02  4.616700e+01  4.000000e+00
   endloop
 endfacet
 facet normal  1.000000e+00  0.000000e+00  0.000000e+00
   outer loop
     vertex  1.607010e+02  4.518730e+01  0.000000e+00
     vertex  1.607010e+02  4.616700e+01  0.000000e+00
     vertex  1.607010e+02  4.616700e+01  4.000000e+00
   endloop
 endfacet
 facet normal  1.000000e+00  0.000000e+00  0.000000e+00
   outer loop
     vertex  1.607010e+02  4.518730e+01  0.000000e+00
     vertex  1.607010e+02  4.616700e+01  4.000000e+00
     vertex  1.607010e+02  4.518730e+01  4.000000e+00
   endloop
 endfacet
 facet normal  0.000000e+00  1.000000e+00  0.000000e+00
   outer loop
     vertex  1.639010e+02  4.518730e+01  0.000000e+00
     vertex  1.607010e+02  4.518730e+01  0.000000e+00
     vertex  1.607010e+02  4.518730e+01  4.000000e+00
   endloop
 endfacet
 facet normal  0.000000e+00  1.000000e+00 -0.000000e+00
   outer loop
     vertex  1.639010e+02  4.518730e+01  0.000000e+00
     vertex  1.607010e+02  4.518730e+01  4.000000e+00
     vertex  1.639010e+02  4.518730e+01  4.000000e+00
   endloop
 endfacet
 facet normal -1.000000e+00  0.000000e+00  0.000000e+00
   outer loop
     vertex  1.639010e+02  4.616700e+01  0.000000e+00
     vertex  1.639010e+02  4.518730e+01  0.000000e+00
     vertex  1.639010e+02  4.518730e+01  4.000000e+00
   endloop
 endfacet
 facet normal -1.000000e+00  0.000000e+00  0.000000e+00
   outer loop
     vertex  1.639010e+02  4.616700e+01  0.000000e+00
     vertex  1.639010e+02  4.518730e+01  4.000000e+00
     vertex  1.639010e+02  4.616700e+01  4.000000e+00
   endloop
 endfacet
 facet normal  0.000000e+00  1.000000e+00  0.000000e+00
   outer loop
     vertex  1.656260e+02  4.616700e+01  0.000000e+00
     vertex  1.639010e+02  4.616700e+01  0.000000e+00
     vertex  1.639010e+02  4.616700e+01  4.000000e+00
   endloop
 endfacet
 facet normal  0.000000e+00  1.000000e+00 -0.000000e+00
   outer loop
     vertex  1.656260e+02  4.616700e+01  0.000000e+00
     vertex  1.639010e+02  4.616700e+01  4.000000e+00
     vertex  1.656260e+02  4.616700e+01  4.000000e+00
   endloop
 endfacet
 facet normal -1.000000e+00  0.000000e+00  0.000000e+00
   outer loop
     vertex  1.656260e+02  5.243720e+01  0.000000e+00
     vertex  1.656260e+02  4.616700e+01  0.000000e+00
     vertex  1.656260e+02  4.616700e+01  4.000000e+00
   endloop
 endfacet
 facet normal -1.000000e+00  0.000000e+00  0.000000e+00
   outer loop
     vertex  1.656260e+02  5.243720e+01  0.000000e+00
     vertex  1.656260e+02  4.616700e+01  4.000000e+00
     vertex  1.656260e+02  5.243720e+01  4.000000e+00
   endloop
 endfacet
 facet normal  0.000000e+00  1.000000e+00  0.000000e+00
   outer loop
     vertex  1.664520e+02  5.243720e+01  0.000000e+00
     vertex  1.656260e+02  5.243720e+01  0.000000e+00
     vertex  1.656260e+02  5.243720e+01  4.000000e+00
   endloop
 endfacet
 facet normal  0.000000e+00  1.000000e+00 -0.000000e+00
   outer loop
     vertex  1.664520e+02  5.243720e+01  0.000000e+00
     vertex  1.656260e+02  5.243720e+01  4.000000e+00
     vertex  1.664520e+02  5.243720e+01  4.000000e+00
   endloop
 endfacet
 facet normal -1.000000e+00  0.000000e+00  0.000000e+00
   outer loop
     vertex  1.664520e+02  5.513670e+01  0.000000e+00
     vertex  1.664520e+02  5.243720e+01  0.000000e+00
     vertex  1.664520e+02  5.243720e+01  4.000000e+00
   endloop
 endfacet
 facet normal -1.000000e+00  0.000000e+00  0.000000e+00
   outer loop
     vertex  1.664520e+02  5.513670e+01  0.000000e+00
     vertex  1.664520e+02  5.243720e+01  4.000000e+00
     vertex  1.664520e+02  5.513670e+01  4.000000e+00
   endloop
 endfacet
 facet normal  0.000000e+00 -1.000000e+00  0.000000e+00
   outer loop
     vertex  1.656260e+02  5.513670e+01  0.000000e+00
     vertex  1.664520e+02  5.513670e+01  0.000000e+00
     vertex  1.664520e+02  5.513670e+01  4.000000e+00
   endloop
 endfacet
 facet normal  0.000000e+00 -1.000000e+00  0.000000e+00
   outer loop
     vertex  1.656260e+02  5.513670e+01  0.000000e+00
     vertex  1.664520e+02  5.513670e+01  4.000000e+00
     vertex  1.656260e+02  5.513670e+01  4.000000e+00
   endloop
 endfacet
 facet normal -1.000000e+00  0.000000e+00  0.000000e+00
   outer loop
     vertex  1.656260e+02  5.836670e+01  0.000000e+00
     vertex  1.656260e+02  5.513670e+01  0.000000e+00
     vertex  1.656260e+02  5.513670e+01  4.000000e+00
   endloop
 endfacet
 facet normal -1.000000e+00  0.000000e+00  0.000000e+00
   outer loop
     vertex  1.656260e+02  5.836670e+01  0.000000e+00
     vertex  1.656260e+02  5.513670e+01  4.000000e+00
     vertex  1.656260e+02  5.836670e+01  4.000000e+00
   endloop
 endfacet
 facet normal  0.000000e+00 -1.000000e+00  0.000000e+00
   outer loop
     vertex  1.639010e+02  5.836670e+01  0.000000e+00
     vertex  1.656260e+02  5.836670e+01  0.000000e+00
     vertex  1.656260e+02  5.836670e+01  4.000000e+00
   endloop
 endfacet
 facet normal  0.000000e+00 -1.000000e+00  0.000000e+00
   outer loop
     vertex  1.639010e+02  5.836670e+01  0.000000e+00
     vertex  1.656260e+02  5.836670e+01  4.000000e+00
     vertex  1.639010e+02  5.836670e+01  4.000000e+00
   endloop
 endfacet
 facet normal -1.000000e+00  0.000000e+00  0.000000e+00
   outer loop
     vertex  1.639010e+02  5.928750e+01  0.000000e+00
     vertex  1.639010e+02  5.836670e+01  0.000000e+00
     vertex  1.639010e+02  5.836670e+01  4.000000e+00
   endloop
 endfacet
 facet normal -1.000000e+00  0.000000e+00  0.000000e+00
   outer loop
     vertex  1.639010e+02  5.928750e+01  0.000000e+00
     vertex  1.639010e+02  5.836670e+01  4.000000e+00
     vertex  1.639010e+02  5.928750e+01  4.000000e+00
   endloop
 endfacet
 facet normal  0.000000e+00 -1.000000e+00  0.000000e+00
   outer loop
     vertex  1.607010e+02  5.928750e+01  0.000000e+00
     vertex  1.639010e+02  5.928750e+01  0.000000e+00
     vertex  1.639010e+02  5.928750e+01  4.000000e+00
   endloop
 endfacet
 facet normal  0.000000e+00 -1.000000e+00  0.000000e+00
   outer loop
     vertex  1.607010e+02  5.928750e+01  0.000000e+00
     vertex  1.639010e+02  5.928750e+01  4.000000e+00
     vertex  1.607010e+02  5.928750e+01  4.000000e+00
   endloop
 endfacet
 facet normal  1.000000e+00  0.000000e+00  0.000000e+00
   outer loop
     vertex  1.607010e+02  5.836670e+01  0.000000e+00
     vertex  1.607010e+02  5.928750e+01  0.000000e+00
     vertex  1.607010e+02  5.928750e+01  4.000000e+00
   endloop
 endfacet
 facet normal  1.000000e+00  0.000000e+00  0.000000e+00
   outer loop
     vertex  1.607010e+02  5.836670e+01  0.000000e+00
     vertex  1.607010e+02  5.928750e+01  4.000000e+00
     vertex  1.607010e+02  5.836670e+01  4.000000e+00
   endloop
 endfacet
 facet normal  0.000000e+00 -1.000000e+00  0.000000e+00
   outer loop
     vertex  1.589760e+02  5.836670e+01  0.000000e+00
     vertex  1.607010e+02  5.836670e+01  0.000000e+00
     vertex  1.607010e+02  5.836670e+01  4.000000e+00
   endloop
 endfacet
 facet normal  0.000000e+00 -1.000000e+00  0.000000e+00
   outer loop
     vertex  1.589760e+02  5.836670e+01  0.000000e+00
     vertex  1.607010e+02  5.836670e+01  4.000000e+00
     vertex  1.589760e+02  5.836670e+01  4.000000e+00
   endloop
 endfacet
 facet normal  1.000000e+00  0.000000e+00  0.000000e+00
   outer loop
     vertex  1.589760e+02  5.513670e+01  0.000000e+00
     vertex  1.589760e+02  5.836670e+01  0.000000e+00
     vertex  1.589760e+02  5.836670e+01  4.000000e+00
   endloop
 endfacet
 facet normal  1.000000e+00  0.000000e+00  0.000000e+00
   outer loop
     vertex  1.589760e+02  5.513670e+01  0.000000e+00
     vertex  1.589760e+02  5.836670e+01  4.000000e+00
     vertex  1.589760e+02  5.513670e+01  4.000000e+00
   endloop
 endfacet
 facet normal  0.000000e+00 -1.000000e+00  0.000000e+00
   outer loop
     vertex  1.573510e+02  5.513670e+01  0.000000e+00
     vertex  1.589760e+02  5.513670e+01  0.000000e+00
     vertex  1.589760e+02  5.513670e+01  4.000000e+00
   endloop
 endfacet
 facet normal  0.000000e+00 -1.000000e+00  0.000000e+00
   outer loop
     vertex  1.573510e+02  5.513670e+01  0.000000e+00
     vertex  1.589760e+02  5.513670e+01  4.000000e+00
     vertex  1.573510e+02  5.513670e+01  4.000000e+00
   endloop
 endfacet
 facet normal -1.000000e+00  0.000000e+00  0.000000e+00
   outer loop
     vertex  1.573510e+02  5.983710e+01  0.000000e+00
     vertex  1.573510e+02  5.513670e+01  0.000000e+00
     vertex  1.573510e+02  5.513670e+01  4.000000e+00
   endloop
 endfacet
 facet normal -1.000000e+00  0.000000e+00  0.000000e+00
   outer loop
     vertex  1.573510e+02  5.983710e+01  0.000000e+00
     vertex  1.573510e+02  5.513670e+01  4.000000e+00
     vertex  1.573510e+02  5.983710e+01  4.000000e+00
   endloop
 endfacet
 facet normal  0.000000e+00 -1.000000e+00  0.000000e+00
   outer loop
     vertex  1.434510e+02  5.983710e+01  0.000000e+00
     vertex  1.573510e+02  5.983710e+01  0.000000e+00
     vertex  1.573510e+02  5.983710e+01  4.000000e+00
   endloop
 endfacet
 facet normal  0.000000e+00 -1.000000e+00  0.000000e+00
   outer loop
     vertex  1.434510e+02  5.983710e+01  0.000000e+00
     vertex  1.573510e+02  5.983710e+01  4.000000e+00
     vertex  1.434510e+02  5.983710e+01  4.000000e+00
   endloop
 endfacet
 facet normal  1.000000e+00  0.000000e+00  0.000000e+00
   outer loop
     vertex  1.434510e+02  5.513670e+01  0.000000e+00
     vertex  1.434510e+02  5.983710e+01  0.000000e+00
     vertex  1.434510e+02  5.983710e+01  4.000000e+00
   endloop
 endfacet
 facet normal  1.000000e+00  0.000000e+00  0.000000e+00
   outer loop
     vertex  1.434510e+02  5.513670e+01  0.000000e+00
     vertex  1.434510e+02  5.983710e+01  4.000000e+00
     vertex  1.434510e+02  5.513670e+01  4.000000e+00
   endloop
 endfacet
 facet normal  0.000000e+00 -1.000000e+00  0.000000e+00
   outer loop
     vertex  1.883070e+02  5.983710e+01  0.000000e+00
     vertex  1.744070e+02  5.983710e+01  4.000000e+00
     vertex  1.744070e+02  5.983710e+01  0.000000e+00
   endloop
 endfacet
 facet normal  0.000000e+00 -1.000000e+00  0.000000e+00
   outer loop
     vertex  1.883070e+02  5.983710e+01  0.000000e+00
     vertex  1.883070e+02  5.983710e+01  4.000000e+00
     vertex  1.744070e+02  5.983710e+01  4.000000e+00
   endloop
 endfacet
 facet normal  1.000000e+00  0.000000e+00  0.000000e+00
   outer loop
     vertex  1.744070e+02  5.983710e+01  0.000000e+00
     vertex  1.744070e+02  4.593700e+01  4.000000e+00
     vertex  1.744070e+02  4.593700e+01  0.000000e+00
   endloop
 endfacet
 facet normal  1.000000e+00  0.000000e+00 -0.000000e+00
   outer loop
     vertex  1.744070e+02  5.983710e+01  0.000000e+00
     vertex  1.744070e+02  5.983710e+01  4.000000e+00
     vertex  1.744070e+02  4.593700e+01  4.000000e+00
   endloop
 endfacet
 facet normal  0.000000e+00  1.000000e+00  0.000000e+00
   outer loop
     vertex  1.744070e+02  4.593700e+01  0.000000e+00
     vertex  1.883070e+02  4.593700e+01  4.000000e+00
     vertex  1.883070e+02  4.593700e+01  0.000000e+00
   endloop
 endfacet
 facet normal  0.000000e+00  1.000000e+00  0.000000e+00
   outer loop
     vertex  1.744070e+02  4.593700e+01  0.000000e+00
     vertex  1.744070e+02  4.593700e+01  4.000000e+00
     vertex  1.883070e+02  4.593700e+01  4.000000e+00
   endloop
 endfacet
 facet normal -1.000000e+00  0.000000e+00  0.000000e+00
   outer loop
     vertex  1.883070e+02  4.593700e+01  0.000000e+00
     vertex  1.883070e+02  5.983710e+01  4.000000e+00
     vertex  1.883070e+02  5.983710e+01  0.000000e+00
   endloop
 endfacet
 facet normal -1.000000e+00  0.000000e+00  0.000000e+00
   outer loop
     vertex  1.883070e+02  4.593700e+01  0.000000e+00
     vertex  1.883070e+02  4.593700e+01  4.000000e+00
     vertex  1.883070e+02  5.983710e+01  4.000000e+00
   endloop
 endfacet
 facet normal  0.000000e+00 -1.000000e+00  0.000000e+00
   outer loop
     vertex  2.638260e+01  7.888710e+01  0.000000e+00
     vertex  1.248230e+01  7.888710e+01  4.000000e+00
     vertex  1.248230e+01  7.888710e+01  0.000000e+00
   endloop
 endfacet
 facet normal  0.000000e+00 -1.000000e+00  0.000000e+00
   outer loop
     vertex  2.638260e+01  7.888710e+01  0.000000e+00
     vertex  2.638260e+01  7.888710e+01  4.000000e+00
     vertex  1.248230e+01  7.888710e+01  4.000000e+00
   endloop
 endfacet
 facet normal  1.000000e+00  0.000000e+00  0.000000e+00
   outer loop
     vertex  1.248230e+01  7.888710e+01  0.000000e+00
     vertex  1.248230e+01  6.498700e+01  4.000000e+00
     vertex  1.248230e+01  6.498700e+01  0.000000e+00
   endloop
 endfacet
 facet normal  1.000000e+00  0.000000e+00 -0.000000e+00
   outer loop
     vertex  1.248230e+01  7.888710e+01  0.000000e+00
     vertex  1.248230e+01  7.888710e+01  4.000000e+00
     vertex  1.248230e+01  6.498700e+01  4.000000e+00
   endloop
 endfacet
 facet normal  0.000000e+00  1.000000e+00  0.000000e+00
   outer loop
     vertex  1.248230e+01  6.498700e+01  0.000000e+00
     vertex  2.638260e+01  6.498700e+01  4.000000e+00
     vertex  2.638260e+01  6.498700e+01  0.000000e+00
   endloop
 endfacet
 facet normal  0.000000e+00  1.000000e+00  0.000000e+00
   outer loop
     vertex  1.248230e+01  6.498700e+01  0.000000e+00
     vertex  1.248230e+01  6.498700e+01  4.000000e+00
     vertex  2.638260e+01  6.498700e+01  4.000000e+00
   endloop
 endfacet
 facet normal -1.000000e+00  0.000000e+00  0.000000e+00
   outer loop
     vertex  2.638260e+01  6.498700e+01  0.000000e+00
     vertex  2.638260e+01  7.888710e+01  4.000000e+00
     vertex  2.638260e+01  7.888710e+01  0.000000e+00
   endloop
 endfacet
 facet normal -1.000000e+00  0.000000e+00  0.000000e+00
   outer loop
     vertex  2.638260e+01  6.498700e+01  0.000000e+00
     vertex  2.638260e+01  6.498700e+01  4.000000e+00
     vertex  2.638260e+01  7.888710e+01  4.000000e+00
   endloop
 endfacet
 facet normal  0.000000e+00 -1.000000e+00  0.000000e+00
   outer loop
     vertex  4.543250e+01  7.888710e+01  0.000000e+00
     vertex  3.153230e+01  7.888710e+01  4.000000e+00
     vertex  3.153230e+01  7.888710e+01  0.000000e+00
   endloop
 endfacet
 facet normal  0.000000e+00 -1.000000e+00  0.000000e+00
   outer loop
     vertex  4.543250e+01  7.888710e+01  0.000000e+00
     vertex  4.543250e+01  7.888710e+01  4.000000e+00
     vertex  3.153230e+01  7.888710e+01  4.000000e+00
   endloop
 endfacet
 facet normal  1.000000e+00  0.000000e+00  0.000000e+00
   outer loop
     vertex  3.153230e+01  7.888710e+01  0.000000e+00
     vertex  3.153230e+01  6.498700e+01  4.000000e+00
     vertex  3.153230e+01  6.498700e+01  0.000000e+00
   endloop
 endfacet
 facet normal  1.000000e+00  0.000000e+00 -0.000000e+00
   outer loop
     vertex  3.153230e+01  7.888710e+01  0.000000e+00
     vertex  3.153230e+01  7.888710e+01  4.000000e+00
     vertex  3.153230e+01  6.498700e+01  4.000000e+00
   endloop
 endfacet
 facet normal  0.000000e+00  1.000000e+00  0.000000e+00
   outer loop
     vertex  3.153230e+01  6.498700e+01  0.000000e+00
     vertex  4.543250e+01  6.498700e+01  4.000000e+00
     vertex  4.543250e+01  6.498700e+01  0.000000e+00
   endloop
 endfacet
 facet normal  0.000000e+00  1.000000e+00  0.000000e+00
   outer loop
     vertex  3.153230e+01  6.498700e+01  0.000000e+00
     vertex  3.153230e+01  6.498700e+01  4.000000e+00
     vertex  4.543250e+01  6.498700e+01  4.000000e+00
   endloop
 endfacet
 facet normal -1.000000e+00  0.000000e+00  0.000000e+00
   outer loop
     vertex  4.543250e+01  6.498700e+01  0.000000e+00
     vertex  4.543250e+01  7.888710e+01  4.000000e+00
     vertex  4.543250e+01  7.888710e+01  0.000000e+00
   endloop
 endfacet
 facet normal -1.000000e+00  0.000000e+00  0.000000e+00
   outer loop
     vertex  4.543250e+01  6.498700e+01  0.000000e+00
     vertex  4.543250e+01  6.498700e+01  4.000000e+00
     vertex  4.543250e+01  7.888710e+01  4.000000e+00
   endloop
 endfacet
 facet normal  0.000000e+00 -1.000000e+00  0.000000e+00
   outer loop
     vertex  3.590750e+01  9.793710e+01  0.000000e+00
     vertex  2.200730e+01  9.793710e+01  4.000000e+00
     vertex  2.200730e+01  9.793710e+01  0.000000e+00
   endloop
 endfacet
 facet normal  0.000000e+00 -1.000000e+00  0.000000e+00
   outer loop
     vertex  3.590750e+01  9.793710e+01  0.000000e+00
     vertex  3.590750e+01  9.793710e+01  4.000000e+00
     vertex  2.200730e+01  9.793710e+01  4.000000e+00
   endloop
 endfacet
 facet normal  1.000000e+00  0.000000e+00  0.000000e+00
   outer loop
     vertex  2.200730e+01  9.793710e+01  0.000000e+00
     vertex  2.200730e+01  8.403700e+01  4.000000e+00
     vertex  2.200730e+01  8.403700e+01  0.000000e+00
   endloop
 endfacet
 facet normal  1.000000e+00  0.000000e+00 -0.000000e+00
   outer loop
     vertex  2.200730e+01  9.793710e+01  0.000000e+00
     vertex  2.200730e+01  9.793710e+01  4.000000e+00
     vertex  2.200730e+01  8.403700e+01  4.000000e+00
   endloop
 endfacet
 facet normal  0.000000e+00  1.000000e+00  0.000000e+00
   outer loop
     vertex  2.200730e+01  8.403700e+01  0.000000e+00
     vertex  3.590750e+01  8.403700e+01  4.000000e+00
     vertex  3.590750e+01  8.403700e+01  0.000000e+00
   endloop
 endfacet
 facet normal  0.000000e+00  1.000000e+00  0.000000e+00
   outer loop
     vertex  2.200730e+01  8.403700e+01  0.000000e+00
     vertex  2.200730e+01  8.403700e+01  4.000000e+00
     vertex  3.590750e+01  8.403700e+01  4.000000e+00
   endloop
 endfacet
 facet normal -1.000000e+00  0.000000e+00  0.000000e+00
   outer loop
     vertex  3.590750e+01  8.403700e+01  0.000000e+00
     vertex  3.590750e+01  9.793710e+01  4.000000e+00
     vertex  3.590750e+01  9.793710e+01  0.000000e+00
   endloop
 endfacet
 facet normal -1.000000e+00  0.000000e+00  0.000000e+00
   outer loop
     vertex  3.590750e+01  8.403700e+01  0.000000e+00
     vertex  3.590750e+01  8.403700e+01  4.000000e+00
     vertex  3.590750e+01  9.793710e+01  4.000000e+00
   endloop
 endfacet
 facet normal -0.000000e+00 -1.000000e+00  0.000000e+00
   outer loop
     vertex  5.495750e+01  9.793710e+01  4.000000e+00
     vertex  4.105730e+01  9.793710e+01  4.000000e+00
     vertex  4.105730e+01  9.793710e+01  0.000000e+00
   endloop
 endfacet
 facet normal  0.000000e+00 -1.000000e+00  0.000000e+00
   outer loop
     vertex  5.495750e+01  9.793710e+01  0.000000e+00
     vertex  5.495750e+01  9.793710e+01  4.000000e+00
     vertex  4.105730e+01  9.793710e+01  0.000000e+00
   endloop
 endfacet
 facet normal  1.000000e+00  0.000000e+00  0.000000e+00
   outer loop
     vertex  4.105730e+01  9.793710e+01  0.000000e+00
     vertex  4.105730e+01  8.403700e+01  4.000000e+00
     vertex  4.105730e+01  8.403700e+01  0.000000e+00
   endloop
 endfacet
 facet normal  1.000000e+00  0.000000e+00 -0.000000e+00
   outer loop
     vertex  4.105730e+01  9.793710e+01  0.000000e+00
     vertex  4.105730e+01  9.793710e+01  4.000000e+00
     vertex  4.105730e+01  8.403700e+01  4.000000e+00
   endloop
 endfacet
 facet normal  0.000000e+00  1.000000e+00  0.000000e+00
   outer loop
     vertex  4.105730e+01  8.403700e+01  0.000000e+00
     vertex  5.495750e+01  8.403700e+01  4.000000e+00
     vertex  5.495750e+01  8.403700e+01  0.000000e+00
   endloop
 endfacet
 facet normal  0.000000e+00  1.000000e+00  0.000000e+00
   outer loop
     vertex  4.105730e+01  8.403700e+01  0.000000e+00
     vertex  4.105730e+01  8.403700e+01  4.000000e+00
     vertex  5.495750e+01  8.403700e+01  4.000000e+00
   endloop
 endfacet
 facet normal -1.000000e+00  0.000000e+00  0.000000e+00
   outer loop
     vertex  5.495750e+01  8.403700e+01  0.000000e+00
     vertex  5.495750e+01  9.793710e+01  4.000000e+00
     vertex  5.495750e+01  9.793710e+01  0.000000e+00
   endloop
 endfacet
 facet normal -1.000000e+00  0.000000e+00  0.000000e+00
   outer loop
     vertex  5.495750e+01  8.403700e+01  0.000000e+00
     vertex  5.495750e+01  8.403700e+01  4.000000e+00
     vertex  5.495750e+01  9.793710e+01  4.000000e+00
   endloop
 endfacet
 facet normal  0.000000e+00 -1.000000e+00  0.000000e+00
   outer loop
     vertex  6.448250e+01  7.888710e+01  0.000000e+00
     vertex  5.058230e+01  7.888710e+01  4.000000e+00
     vertex  5.058230e+01  7.888710e+01  0.000000e+00
   endloop
 endfacet
 facet normal  0.000000e+00 -1.000000e+00  0.000000e+00
   outer loop
     vertex  6.448250e+01  7.888710e+01  0.000000e+00
     vertex  6.448250e+01  7.888710e+01  4.000000e+00
     vertex  5.058230e+01  7.888710e+01  4.000000e+00
   endloop
 endfacet
 facet normal  1.000000e+00  0.000000e+00  0.000000e+00
   outer loop
     vertex  5.058230e+01  7.888710e+01  0.000000e+00
     vertex  5.058230e+01  6.498700e+01  4.000000e+00
     vertex  5.058230e+01  6.498700e+01  0.000000e+00
   endloop
 endfacet
 facet normal  1.000000e+00  0.000000e+00 -0.000000e+00
   outer loop
     vertex  5.058230e+01  7.888710e+01  0.000000e+00
     vertex  5.058230e+01  7.888710e+01  4.000000e+00
     vertex  5.058230e+01  6.498700e+01  4.000000e+00
   endloop
 endfacet
 facet normal -0.000000e+00  1.000000e+00  0.000000e+00
   outer loop
     vertex  5.058230e+01  6.498700e+01  4.000000e+00
     vertex  6.448250e+01  6.498700e+01  4.000000e+00
     vertex  6.448250e+01  6.498700e+01  0.000000e+00
   endloop
 endfacet
 facet normal  0.000000e+00  1.000000e+00  0.000000e+00
   outer loop
     vertex  5.058230e+01  6.498700e+01  0.000000e+00
     vertex  5.058230e+01  6.498700e+01  4.000000e+00
     vertex  6.448250e+01  6.498700e+01  0.000000e+00
   endloop
 endfacet
 facet normal -1.000000e+00  0.000000e+00  0.000000e+00
   outer loop
     vertex  6.448250e+01  6.498700e+01  0.000000e+00
     vertex  6.448250e+01  7.888710e+01  4.000000e+00
     vertex  6.448250e+01  7.888710e+01  0.000000e+00
   endloop
 endfacet
 facet normal -1.000000e+00  0.000000e+00  0.000000e+00
   outer loop
     vertex  6.448250e+01  6.498700e+01  0.000000e+00
     vertex  6.448250e+01  6.498700e+01  4.000000e+00
     vertex  6.448250e+01  7.888710e+01  4.000000e+00
   endloop
 endfacet
 facet normal  0.000000e+00 -1.000000e+00  0.000000e+00
   outer loop
     vertex  8.353250e+01  7.888710e+01  0.000000e+00
     vertex  6.963230e+01  7.888710e+01  4.000000e+00
     vertex  6.963230e+01  7.888710e+01  0.000000e+00
   endloop
 endfacet
 facet normal  0.000000e+00 -1.000000e+00  0.000000e+00
   outer loop
     vertex  8.353250e+01  7.888710e+01  0.000000e+00
     vertex  8.353250e+01  7.888710e+01  4.000000e+00
     vertex  6.963230e+01  7.888710e+01  4.000000e+00
   endloop
 endfacet
 facet normal  1.000000e+00  0.000000e+00  0.000000e+00
   outer loop
     vertex  6.963230e+01  7.888710e+01  0.000000e+00
     vertex  6.963230e+01  6.498700e+01  4.000000e+00
     vertex  6.963230e+01  6.498700e+01  0.000000e+00
   endloop
 endfacet
 facet normal  1.000000e+00  0.000000e+00 -0.000000e+00
   outer loop
     vertex  6.963230e+01  7.888710e+01  0.000000e+00
     vertex  6.963230e+01  7.888710e+01  4.000000e+00
     vertex  6.963230e+01  6.498700e+01  4.000000e+00
   endloop
 endfacet
 facet normal  0.000000e+00  1.000000e+00  0.000000e+00
   outer loop
     vertex  6.963230e+01  6.498700e+01  0.000000e+00
     vertex  8.353250e+01  6.498700e+01  4.000000e+00
     vertex  8.353250e+01  6.498700e+01  0.000000e+00
   endloop
 endfacet
 facet normal  0.000000e+00  1.000000e+00  0.000000e+00
   outer loop
     vertex  6.963230e+01  6.498700e+01  0.000000e+00
     vertex  6.963230e+01  6.498700e+01  4.000000e+00
     vertex  8.353250e+01  6.498700e+01  4.000000e+00
   endloop
 endfacet
 facet normal -1.000000e+00  0.000000e+00  0.000000e+00
   outer loop
     vertex  8.353250e+01  6.498700e+01  0.000000e+00
     vertex  8.353250e+01  7.888710e+01  4.000000e+00
     vertex  8.353250e+01  7.888710e+01  0.000000e+00
   endloop
 endfacet
 facet normal -1.000000e+00  0.000000e+00  0.000000e+00
   outer loop
     vertex  8.353250e+01  6.498700e+01  0.000000e+00
     vertex  8.353250e+01  6.498700e+01  4.000000e+00
     vertex  8.353250e+01  7.888710e+01  4.000000e+00
   endloop
 endfacet
 facet normal  0.000000e+00 -1.000000e+00  0.000000e+00
   outer loop
     vertex  1.025820e+02  7.888710e+01  0.000000e+00
     vertex  8.868230e+01  7.888710e+01  4.000000e+00
     vertex  8.868230e+01  7.888710e+01  0.000000e+00
   endloop
 endfacet
 facet normal  0.000000e+00 -1.000000e+00  0.000000e+00
   outer loop
     vertex  1.025820e+02  7.888710e+01  0.000000e+00
     vertex  1.025820e+02  7.888710e+01  4.000000e+00
     vertex  8.868230e+01  7.888710e+01  4.000000e+00
   endloop
 endfacet
 facet normal  1.000000e+00  0.000000e+00  0.000000e+00
   outer loop
     vertex  8.868230e+01  7.888710e+01  0.000000e+00
     vertex  8.868230e+01  6.498700e+01  4.000000e+00
     vertex  8.868230e+01  6.498700e+01  0.000000e+00
   endloop
 endfacet
 facet normal  1.000000e+00  0.000000e+00 -0.000000e+00
   outer loop
     vertex  8.868230e+01  7.888710e+01  0.000000e+00
     vertex  8.868230e+01  7.888710e+01  4.000000e+00
     vertex  8.868230e+01  6.498700e+01  4.000000e+00
   endloop
 endfacet
 facet normal  0.000000e+00  1.000000e+00  0.000000e+00
   outer loop
     vertex  8.868230e+01  6.498700e+01  0.000000e+00
     vertex  1.025820e+02  6.498700e+01  4.000000e+00
     vertex  1.025820e+02  6.498700e+01  0.000000e+00
   endloop
 endfacet
 facet normal  0.000000e+00  1.000000e+00  0.000000e+00
   outer loop
     vertex  8.868230e+01  6.498700e+01  0.000000e+00
     vertex  8.868230e+01  6.498700e+01  4.000000e+00
     vertex  1.025820e+02  6.498700e+01  4.000000e+00
   endloop
 endfacet
 facet normal -1.000000e+00  0.000000e+00  0.000000e+00
   outer loop
     vertex  1.025820e+02  6.498700e+01  0.000000e+00
     vertex  1.025820e+02  7.888710e+01  4.000000e+00
     vertex  1.025820e+02  7.888710e+01  0.000000e+00
   endloop
 endfacet
 facet normal -1.000000e+00  0.000000e+00  0.000000e+00
   outer loop
     vertex  1.025820e+02  6.498700e+01  0.000000e+00
     vertex  1.025820e+02  6.498700e+01  4.000000e+00
     vertex  1.025820e+02  7.888710e+01  4.000000e+00
   endloop
 endfacet
 facet normal  0.000000e+00 -1.000000e+00  0.000000e+00
   outer loop
     vertex  7.400750e+01  9.793710e+01  0.000000e+00
     vertex  6.010730e+01  9.793710e+01  4.000000e+00
     vertex  6.010730e+01  9.793710e+01  0.000000e+00
   endloop
 endfacet
 facet normal  0.000000e+00 -1.000000e+00  0.000000e+00
   outer loop
     vertex  7.400750e+01  9.793710e+01  0.000000e+00
     vertex  7.400750e+01  9.793710e+01  4.000000e+00
     vertex  6.010730e+01  9.793710e+01  4.000000e+00
   endloop
 endfacet
 facet normal  1.000000e+00  0.000000e+00  0.000000e+00
   outer loop
     vertex  6.010730e+01  9.793710e+01  0.000000e+00
     vertex  6.010730e+01  8.403700e+01  4.000000e+00
     vertex  6.010730e+01  8.403700e+01  0.000000e+00
   endloop
 endfacet
 facet normal  1.000000e+00  0.000000e+00 -0.000000e+00
   outer loop
     vertex  6.010730e+01  9.793710e+01  0.000000e+00
     vertex  6.010730e+01  9.793710e+01  4.000000e+00
     vertex  6.010730e+01  8.403700e+01  4.000000e+00
   endloop
 endfacet
 facet normal  0.000000e+00  1.000000e+00  0.000000e+00
   outer loop
     vertex  6.010730e+01  8.403700e+01  0.000000e+00
     vertex  7.400750e+01  8.403700e+01  4.000000e+00
     vertex  7.400750e+01  8.403700e+01  0.000000e+00
   endloop
 endfacet
 facet normal  0.000000e+00  1.000000e+00  0.000000e+00
   outer loop
     vertex  6.010730e+01  8.403700e+01  0.000000e+00
     vertex  6.010730e+01  8.403700e+01  4.000000e+00
     vertex  7.400750e+01  8.403700e+01  4.000000e+00
   endloop
 endfacet
 facet normal -1.000000e+00  0.000000e+00  0.000000e+00
   outer loop
     vertex  7.400750e+01  8.403700e+01  0.000000e+00
     vertex  7.400750e+01  9.793710e+01  4.000000e+00
     vertex  7.400750e+01  9.793710e+01  0.000000e+00
   endloop
 endfacet
 facet normal -1.000000e+00  0.000000e+00  0.000000e+00
   outer loop
     vertex  7.400750e+01  8.403700e+01  0.000000e+00
     vertex  7.400750e+01  8.403700e+01  4.000000e+00
     vertex  7.400750e+01  9.793710e+01  4.000000e+00
   endloop
 endfacet
 facet normal  0.000000e+00 -1.000000e+00  0.000000e+00
   outer loop
     vertex  9.305750e+01  9.793710e+01  0.000000e+00
     vertex  7.915730e+01  9.793710e+01  4.000000e+00
     vertex  7.915730e+01  9.793710e+01  0.000000e+00
   endloop
 endfacet
 facet normal  0.000000e+00 -1.000000e+00  0.000000e+00
   outer loop
     vertex  9.305750e+01  9.793710e+01  0.000000e+00
     vertex  9.305750e+01  9.793710e+01  4.000000e+00
     vertex  7.915730e+01  9.793710e+01  4.000000e+00
   endloop
 endfacet
 facet normal  1.000000e+00  0.000000e+00  0.000000e+00
   outer loop
     vertex  7.915730e+01  9.793710e+01  0.000000e+00
     vertex  7.915730e+01  8.403700e+01  4.000000e+00
     vertex  7.915730e+01  8.403700e+01  0.000000e+00
   endloop
 endfacet
 facet normal  1.000000e+00  0.000000e+00 -0.000000e+00
   outer loop
     vertex  7.915730e+01  9.793710e+01  0.000000e+00
     vertex  7.915730e+01  9.793710e+01  4.000000e+00
     vertex  7.915730e+01  8.403700e+01  4.000000e+00
   endloop
 endfacet
 facet normal  0.000000e+00  1.000000e+00  0.000000e+00
   outer loop
     vertex  7.915730e+01  8.403700e+01  0.000000e+00
     vertex  9.305750e+01  8.403700e+01  4.000000e+00
     vertex  9.305750e+01  8.403700e+01  0.000000e+00
   endloop
 endfacet
 facet normal  0.000000e+00  1.000000e+00  0.000000e+00
   outer loop
     vertex  7.915730e+01  8.403700e+01  0.000000e+00
     vertex  7.915730e+01  8.403700e+01  4.000000e+00
     vertex  9.305750e+01  8.403700e+01  4.000000e+00
   endloop
 endfacet
 facet normal -1.000000e+00  0.000000e+00  0.000000e+00
   outer loop
     vertex  9.305750e+01  8.403700e+01  0.000000e+00
     vertex  9.305750e+01  9.793710e+01  4.000000e+00
     vertex  9.305750e+01  9.793710e+01  0.000000e+00
   endloop
 endfacet
 facet normal -1.000000e+00  0.000000e+00  0.000000e+00
   outer loop
     vertex  9.305750e+01  8.403700e+01  0.000000e+00
     vertex  9.305750e+01  8.403700e+01  4.000000e+00
     vertex  9.305750e+01  9.793710e+01  4.000000e+00
   endloop
 endfacet
 facet normal -0.000000e+00 -1.000000e+00  0.000000e+00
   outer loop
     vertex  3.114510e+01  1.217480e+02  4.000000e+00
     vertex  1.724610e+01  1.217480e+02  4.000000e+00
     vertex  1.724610e+01  1.217480e+02  0.000000e+00
   endloop
 endfacet
 facet normal  0.000000e+00 -1.000000e+00  0.000000e+00
   outer loop
     vertex  3.114510e+01  1.217480e+02  0.000000e+00
     vertex  3.114510e+01  1.217480e+02  4.000000e+00
     vertex  1.724610e+01  1.217480e+02  0.000000e+00
   endloop
 endfacet
 facet normal  1.000000e+00  0.000000e+00  0.000000e+00
   outer loop
     vertex  1.724610e+01  1.217480e+02  0.000000e+00
     vertex  1.724610e+01  1.078490e+02  4.000000e+00
     vertex  1.724610e+01  1.078490e+02  0.000000e+00
   endloop
 endfacet
 facet normal  1.000000e+00  0.000000e+00 -0.000000e+00
   outer loop
     vertex  1.724610e+01  1.217480e+02  0.000000e+00
     vertex  1.724610e+01  1.217480e+02  4.000000e+00
     vertex  1.724610e+01  1.078490e+02  4.000000e+00
   endloop
 endfacet
 facet normal -0.000000e+00  1.000000e+00  0.000000e+00
   outer loop
     vertex  1.724610e+01  1.078490e+02  4.000000e+00
     vertex  3.114510e+01  1.078490e+02  4.000000e+00
     vertex  3.114510e+01  1.078490e+02  0.000000e+00
   endloop
 endfacet
 facet normal  0.000000e+00  1.000000e+00  0.000000e+00
   outer loop
     vertex  1.724610e+01  1.078490e+02  0.000000e+00
     vertex  1.724610e+01  1.078490e+02  4.000000e+00
     vertex  3.114510e+01  1.078490e+02  0.000000e+00
   endloop
 endfacet
 facet normal -1.000000e+00  0.000000e+00  0.000000e+00
   outer loop
     vertex  3.114510e+01  1.078490e+02  0.000000e+00
     vertex  3.114510e+01  1.217480e+02  4.000000e+00
     vertex  3.114510e+01  1.217480e+02  0.000000e+00
   endloop
 endfacet
 facet normal -1.000000e+00  0.000000e+00  0.000000e+00
   outer loop
     vertex  3.114510e+01  1.078490e+02  0.000000e+00
     vertex  3.114510e+01  1.078490e+02  4.000000e+00
     vertex  3.114510e+01  1.217480e+02  4.000000e+00
   endloop
 endfacet
 facet normal  0.000000e+00 -1.000000e+00  0.000000e+00
   outer loop
     vertex  5.019500e+01  1.217480e+02  0.000000e+00
     vertex  3.629620e+01  1.217480e+02  4.000000e+00
     vertex  3.629620e+01  1.217480e+02  0.000000e+00
   endloop
 endfacet
 facet normal  0.000000e+00 -1.000000e+00  0.000000e+00
   outer loop
     vertex  5.019500e+01  1.217480e+02  0.000000e+00
     vertex  5.019500e+01  1.217480e+02  4.000000e+00
     vertex  3.629620e+01  1.217480e+02  4.000000e+00
   endloop
 endfacet
 facet normal  1.000000e+00  0.000000e+00  0.000000e+00
   outer loop
     vertex  3.629620e+01  1.217480e+02  0.000000e+00
     vertex  3.629620e+01  1.078490e+02  4.000000e+00
     vertex  3.629620e+01  1.078490e+02  0.000000e+00
   endloop
 endfacet
 facet normal  1.000000e+00  0.000000e+00 -0.000000e+00
   outer loop
     vertex  3.629620e+01  1.217480e+02  0.000000e+00
     vertex  3.629620e+01  1.217480e+02  4.000000e+00
     vertex  3.629620e+01  1.078490e+02  4.000000e+00
   endloop
 endfacet
 facet normal  0.000000e+00  1.000000e+00  0.000000e+00
   outer loop
     vertex  3.629620e+01  1.078490e+02  0.000000e+00
     vertex  5.019500e+01  1.078490e+02  4.000000e+00
     vertex  5.019500e+01  1.078490e+02  0.000000e+00
   endloop
 endfacet
 facet normal  0.000000e+00  1.000000e+00  0.000000e+00
   outer loop
     vertex  3.629620e+01  1.078490e+02  0.000000e+00
     vertex  3.629620e+01  1.078490e+02  4.000000e+00
     vertex  5.019500e+01  1.078490e+02  4.000000e+00
   endloop
 endfacet
 facet normal -1.000000e+00  0.000000e+00  0.000000e+00
   outer loop
     vertex  5.019500e+01  1.078490e+02  0.000000e+00
     vertex  5.019500e+01  1.217480e+02  4.000000e+00
     vertex  5.019500e+01  1.217480e+02  0.000000e+00
   endloop
 endfacet
 facet normal -1.000000e+00  0.000000e+00  0.000000e+00
   outer loop
     vertex  5.019500e+01  1.078490e+02  0.000000e+00
     vertex  5.019500e+01  1.078490e+02  4.000000e+00
     vertex  5.019500e+01  1.217480e+02  4.000000e+00
   endloop
 endfacet
 facet normal  0.000000e+00 -1.000000e+00  0.000000e+00
   outer loop
     vertex  6.924500e+01  1.217480e+02  0.000000e+00
     vertex  5.534620e+01  1.217480e+02  4.000000e+00
     vertex  5.534620e+01  1.217480e+02  0.000000e+00
   endloop
 endfacet
 facet normal  0.000000e+00 -1.000000e+00  0.000000e+00
   outer loop
     vertex  6.924500e+01  1.217480e+02  0.000000e+00
     vertex  6.924500e+01  1.217480e+02  4.000000e+00
     vertex  5.534620e+01  1.217480e+02  4.000000e+00
   endloop
 endfacet
 facet normal  1.000000e+00  0.000000e+00  0.000000e+00
   outer loop
     vertex  5.534620e+01  1.217480e+02  0.000000e+00
     vertex  5.534620e+01  1.078490e+02  4.000000e+00
     vertex  5.534620e+01  1.078490e+02  0.000000e+00
   endloop
 endfacet
 facet normal  1.000000e+00  0.000000e+00 -0.000000e+00
   outer loop
     vertex  5.534620e+01  1.217480e+02  0.000000e+00
     vertex  5.534620e+01  1.217480e+02  4.000000e+00
     vertex  5.534620e+01  1.078490e+02  4.000000e+00
   endloop
 endfacet
 facet normal  0.000000e+00  1.000000e+00  0.000000e+00
   outer loop
     vertex  5.534620e+01  1.078490e+02  0.000000e+00
     vertex  6.924500e+01  1.078490e+02  4.000000e+00
     vertex  6.924500e+01  1.078490e+02  0.000000e+00
   endloop
 endfacet
 facet normal  0.000000e+00  1.000000e+00  0.000000e+00
   outer loop
     vertex  5.534620e+01  1.078490e+02  0.000000e+00
     vertex  5.534620e+01  1.078490e+02  4.000000e+00
     vertex  6.924500e+01  1.078490e+02  4.000000e+00
   endloop
 endfacet
 facet normal -1.000000e+00  0.000000e+00  0.000000e+00
   outer loop
     vertex  6.924500e+01  1.078490e+02  0.000000e+00
     vertex  6.924500e+01  1.217480e+02  4.000000e+00
     vertex  6.924500e+01  1.217480e+02  0.000000e+00
   endloop
 endfacet
 facet normal -1.000000e+00  0.000000e+00  0.000000e+00
   outer loop
     vertex  6.924500e+01  1.078490e+02  0.000000e+00
     vertex  6.924500e+01  1.078490e+02  4.000000e+00
     vertex  6.924500e+01  1.217480e+02  4.000000e+00
   endloop
 endfacet
 facet normal  0.000000e+00 -1.000000e+00  0.000000e+00
   outer loop
     vertex  8.829500e+01  1.217480e+02  0.000000e+00
     vertex  7.439620e+01  1.217480e+02  4.000000e+00
     vertex  7.439620e+01  1.217480e+02  0.000000e+00
   endloop
 endfacet
 facet normal  0.000000e+00 -1.000000e+00  0.000000e+00
   outer loop
     vertex  8.829500e+01  1.217480e+02  0.000000e+00
     vertex  8.829500e+01  1.217480e+02  4.000000e+00
     vertex  7.439620e+01  1.217480e+02  4.000000e+00
   endloop
 endfacet
 facet normal  1.000000e+00  0.000000e+00  0.000000e+00
   outer loop
     vertex  7.439620e+01  1.217480e+02  0.000000e+00
     vertex  7.439620e+01  1.078490e+02  4.000000e+00
     vertex  7.439620e+01  1.078490e+02  0.000000e+00
   endloop
 endfacet
 facet normal  1.000000e+00  0.000000e+00 -0.000000e+00
   outer loop
     vertex  7.439620e+01  1.217480e+02  0.000000e+00
     vertex  7.439620e+01  1.217480e+02  4.000000e+00
     vertex  7.439620e+01  1.078490e+02  4.000000e+00
   endloop
 endfacet
 facet normal  0.000000e+00  1.000000e+00  0.000000e+00
   outer loop
     vertex  7.439620e+01  1.078490e+02  0.000000e+00
     vertex  8.829500e+01  1.078490e+02  4.000000e+00
     vertex  8.829500e+01  1.078490e+02  0.000000e+00
   endloop
 endfacet
 facet normal  0.000000e+00  1.000000e+00  0.000000e+00
   outer loop
     vertex  7.439620e+01  1.078490e+02  0.000000e+00
     vertex  7.439620e+01  1.078490e+02  4.000000e+00
     vertex  8.829500e+01  1.078490e+02  4.000000e+00
   endloop
 endfacet
 facet normal -1.000000e+00  0.000000e+00  0.000000e+00
   outer loop
     vertex  8.829500e+01  1.078490e+02  0.000000e+00
     vertex  8.829500e+01  1.217480e+02  4.000000e+00
     vertex  8.829500e+01  1.217480e+02  0.000000e+00
   endloop
 endfacet
 facet normal -1.000000e+00  0.000000e+00  0.000000e+00
   outer loop
     vertex  8.829500e+01  1.078490e+02  0.000000e+00
     vertex  8.829500e+01  1.078490e+02  4.000000e+00
     vertex  8.829500e+01  1.217480e+02  4.000000e+00
   endloop
 endfacet
 facet normal  0.000000e+00 -1.000000e+00  0.000000e+00
   outer loop
     vertex  1.216320e+02  7.888710e+01  0.000000e+00
     vertex  1.077320e+02  7.888710e+01  4.000000e+00
     vertex  1.077320e+02  7.888710e+01  0.000000e+00
   endloop
 endfacet
 facet normal  0.000000e+00 -1.000000e+00  0.000000e+00
   outer loop
     vertex  1.216320e+02  7.888710e+01  0.000000e+00
     vertex  1.216320e+02  7.888710e+01  4.000000e+00
     vertex  1.077320e+02  7.888710e+01  4.000000e+00
   endloop
 endfacet
 facet normal  1.000000e+00  0.000000e+00  0.000000e+00
   outer loop
     vertex  1.077320e+02  7.888710e+01  0.000000e+00
     vertex  1.077320e+02  6.498700e+01  4.000000e+00
     vertex  1.077320e+02  6.498700e+01  0.000000e+00
   endloop
 endfacet
 facet normal  1.000000e+00  0.000000e+00 -0.000000e+00
   outer loop
     vertex  1.077320e+02  7.888710e+01  0.000000e+00
     vertex  1.077320e+02  7.888710e+01  4.000000e+00
     vertex  1.077320e+02  6.498700e+01  4.000000e+00
   endloop
 endfacet
 facet normal  0.000000e+00  1.000000e+00  0.000000e+00
   outer loop
     vertex  1.077320e+02  6.498700e+01  0.000000e+00
     vertex  1.216320e+02  6.498700e+01  4.000000e+00
     vertex  1.216320e+02  6.498700e+01  0.000000e+00
   endloop
 endfacet
 facet normal  0.000000e+00  1.000000e+00  0.000000e+00
   outer loop
     vertex  1.077320e+02  6.498700e+01  0.000000e+00
     vertex  1.077320e+02  6.498700e+01  4.000000e+00
     vertex  1.216320e+02  6.498700e+01  4.000000e+00
   endloop
 endfacet
 facet normal -1.000000e+00  0.000000e+00  0.000000e+00
   outer loop
     vertex  1.216320e+02  6.498700e+01  0.000000e+00
     vertex  1.216320e+02  7.888710e+01  4.000000e+00
     vertex  1.216320e+02  7.888710e+01  0.000000e+00
   endloop
 endfacet
 facet normal -1.000000e+00  0.000000e+00  0.000000e+00
   outer loop
     vertex  1.216320e+02  6.498700e+01  0.000000e+00
     vertex  1.216320e+02  6.498700e+01  4.000000e+00
     vertex  1.216320e+02  7.888710e+01  4.000000e+00
   endloop
 endfacet
 facet normal  0.000000e+00 -1.000000e+00  0.000000e+00
   outer loop
     vertex  1.406820e+02  7.888710e+01  0.000000e+00
     vertex  1.267820e+02  7.888710e+01  4.000000e+00
     vertex  1.267820e+02  7.888710e+01  0.000000e+00
   endloop
 endfacet
 facet normal  0.000000e+00 -1.000000e+00  0.000000e+00
   outer loop
     vertex  1.406820e+02  7.888710e+01  0.000000e+00
     vertex  1.406820e+02  7.888710e+01  4.000000e+00
     vertex  1.267820e+02  7.888710e+01  4.000000e+00
   endloop
 endfacet
 facet normal  1.000000e+00  0.000000e+00  0.000000e+00
   outer loop
     vertex  1.267820e+02  7.888710e+01  0.000000e+00
     vertex  1.267820e+02  6.498700e+01  4.000000e+00
     vertex  1.267820e+02  6.498700e+01  0.000000e+00
   endloop
 endfacet
 facet normal  1.000000e+00  0.000000e+00 -0.000000e+00
   outer loop
     vertex  1.267820e+02  7.888710e+01  0.000000e+00
     vertex  1.267820e+02  7.888710e+01  4.000000e+00
     vertex  1.267820e+02  6.498700e+01  4.000000e+00
   endloop
 endfacet
 facet normal  0.000000e+00  1.000000e+00  0.000000e+00
   outer loop
     vertex  1.267820e+02  6.498700e+01  0.000000e+00
     vertex  1.406820e+02  6.498700e+01  4.000000e+00
     vertex  1.406820e+02  6.498700e+01  0.000000e+00
   endloop
 endfacet
 facet normal  0.000000e+00  1.000000e+00  0.000000e+00
   outer loop
     vertex  1.267820e+02  6.498700e+01  0.000000e+00
     vertex  1.267820e+02  6.498700e+01  4.000000e+00
     vertex  1.406820e+02  6.498700e+01  4.000000e+00
   endloop
 endfacet
 facet normal -1.000000e+00  0.000000e+00  0.000000e+00
   outer loop
     vertex  1.406820e+02  6.498700e+01  0.000000e+00
     vertex  1.406820e+02  7.888710e+01  4.000000e+00
     vertex  1.406820e+02  7.888710e+01  0.000000e+00
   endloop
 endfacet
 facet normal -1.000000e+00  0.000000e+00  0.000000e+00
   outer loop
     vertex  1.406820e+02  6.498700e+01  0.000000e+00
     vertex  1.406820e+02  6.498700e+01  4.000000e+00
     vertex  1.406820e+02  7.888710e+01  4.000000e+00
   endloop
 endfacet
 facet normal  0.000000e+00 -1.000000e+00  0.000000e+00
   outer loop
     vertex  1.121070e+02  9.793710e+01  0.000000e+00
     vertex  9.820730e+01  9.793710e+01  4.000000e+00
     vertex  9.820730e+01  9.793710e+01  0.000000e+00
   endloop
 endfacet
 facet normal  0.000000e+00 -1.000000e+00  0.000000e+00
   outer loop
     vertex  1.121070e+02  9.793710e+01  0.000000e+00
     vertex  1.121070e+02  9.793710e+01  4.000000e+00
     vertex  9.820730e+01  9.793710e+01  4.000000e+00
   endloop
 endfacet
 facet normal  1.000000e+00  0.000000e+00  0.000000e+00
   outer loop
     vertex  9.820730e+01  9.793710e+01  0.000000e+00
     vertex  9.820730e+01  8.403700e+01  4.000000e+00
     vertex  9.820730e+01  8.403700e+01  0.000000e+00
   endloop
 endfacet
 facet normal  1.000000e+00  0.000000e+00 -0.000000e+00
   outer loop
     vertex  9.820730e+01  9.793710e+01  0.000000e+00
     vertex  9.820730e+01  9.793710e+01  4.000000e+00
     vertex  9.820730e+01  8.403700e+01  4.000000e+00
   endloop
 endfacet
 facet normal  0.000000e+00  1.000000e+00  0.000000e+00
   outer loop
     vertex  9.820730e+01  8.403700e+01  0.000000e+00
     vertex  1.121070e+02  8.403700e+01  4.000000e+00
     vertex  1.121070e+02  8.403700e+01  0.000000e+00
   endloop
 endfacet
 facet normal  0.000000e+00  1.000000e+00  0.000000e+00
   outer loop
     vertex  9.820730e+01  8.403700e+01  0.000000e+00
     vertex  9.820730e+01  8.403700e+01  4.000000e+00
     vertex  1.121070e+02  8.403700e+01  4.000000e+00
   endloop
 endfacet
 facet normal -1.000000e+00  0.000000e+00  0.000000e+00
   outer loop
     vertex  1.121070e+02  8.403700e+01  0.000000e+00
     vertex  1.121070e+02  9.793710e+01  4.000000e+00
     vertex  1.121070e+02  9.793710e+01  0.000000e+00
   endloop
 endfacet
 facet normal -1.000000e+00  0.000000e+00  0.000000e+00
   outer loop
     vertex  1.121070e+02  8.403700e+01  0.000000e+00
     vertex  1.121070e+02  8.403700e+01  4.000000e+00
     vertex  1.121070e+02  9.793710e+01  4.000000e+00
   endloop
 endfacet
 facet normal  0.000000e+00 -1.000000e+00  0.000000e+00
   outer loop
     vertex  1.311570e+02  9.793710e+01  0.000000e+00
     vertex  1.172570e+02  9.793710e+01  4.000000e+00
     vertex  1.172570e+02  9.793710e+01  0.000000e+00
   endloop
 endfacet
 facet normal  0.000000e+00 -1.000000e+00  0.000000e+00
   outer loop
     vertex  1.311570e+02  9.793710e+01  0.000000e+00
     vertex  1.311570e+02  9.793710e+01  4.000000e+00
     vertex  1.172570e+02  9.793710e+01  4.000000e+00
   endloop
 endfacet
 facet normal  1.000000e+00  0.000000e+00  0.000000e+00
   outer loop
     vertex  1.172570e+02  9.793710e+01  0.000000e+00
     vertex  1.172570e+02  8.403700e+01  4.000000e+00
     vertex  1.172570e+02  8.403700e+01  0.000000e+00
   endloop
 endfacet
 facet normal  1.000000e+00  0.000000e+00 -0.000000e+00
   outer loop
     vertex  1.172570e+02  9.793710e+01  0.000000e+00
     vertex  1.172570e+02  9.793710e+01  4.000000e+00
     vertex  1.172570e+02  8.403700e+01  4.000000e+00
   endloop
 endfacet
 facet normal  0.000000e+00  1.000000e+00  0.000000e+00
   outer loop
     vertex  1.172570e+02  8.403700e+01  0.000000e+00
     vertex  1.311570e+02  8.403700e+01  4.000000e+00
     vertex  1.311570e+02  8.403700e+01  0.000000e+00
   endloop
 endfacet
 facet normal  0.000000e+00  1.000000e+00  0.000000e+00
   outer loop
     vertex  1.172570e+02  8.403700e+01  0.000000e+00
     vertex  1.172570e+02  8.403700e+01  4.000000e+00
     vertex  1.311570e+02  8.403700e+01  4.000000e+00
   endloop
 endfacet
 facet normal -1.000000e+00  0.000000e+00  0.000000e+00
   outer loop
     vertex  1.311570e+02  8.403700e+01  0.000000e+00
     vertex  1.311570e+02  9.793710e+01  4.000000e+00
     vertex  1.311570e+02  9.793710e+01  0.000000e+00
   endloop
 endfacet
 facet normal -1.000000e+00  0.000000e+00  0.000000e+00
   outer loop
     vertex  1.311570e+02  8.403700e+01  0.000000e+00
     vertex  1.311570e+02  8.403700e+01  4.000000e+00
     vertex  1.311570e+02  9.793710e+01  4.000000e+00
   endloop
 endfacet
 facet normal  0.000000e+00 -1.000000e+00  0.000000e+00
   outer loop
     vertex  1.644950e+02  7.888710e+01  0.000000e+00
     vertex  1.505960e+02  7.888710e+01  4.000000e+00
     vertex  1.505960e+02  7.888710e+01  0.000000e+00
   endloop
 endfacet
 facet normal  0.000000e+00 -1.000000e+00  0.000000e+00
   outer loop
     vertex  1.644950e+02  7.888710e+01  0.000000e+00
     vertex  1.644950e+02  7.888710e+01  4.000000e+00
     vertex  1.505960e+02  7.888710e+01  4.000000e+00
   endloop
 endfacet
 facet normal  1.000000e+00  0.000000e+00  0.000000e+00
   outer loop
     vertex  1.505960e+02  7.888710e+01  0.000000e+00
     vertex  1.505960e+02  6.498700e+01  4.000000e+00
     vertex  1.505960e+02  6.498700e+01  0.000000e+00
   endloop
 endfacet
 facet normal  1.000000e+00  0.000000e+00 -0.000000e+00
   outer loop
     vertex  1.505960e+02  7.888710e+01  0.000000e+00
     vertex  1.505960e+02  7.888710e+01  4.000000e+00
     vertex  1.505960e+02  6.498700e+01  4.000000e+00
   endloop
 endfacet
 facet normal  0.000000e+00  1.000000e+00  0.000000e+00
   outer loop
     vertex  1.505960e+02  6.498700e+01  0.000000e+00
     vertex  1.644950e+02  6.498700e+01  4.000000e+00
     vertex  1.644950e+02  6.498700e+01  0.000000e+00
   endloop
 endfacet
 facet normal  0.000000e+00  1.000000e+00  0.000000e+00
   outer loop
     vertex  1.505960e+02  6.498700e+01  0.000000e+00
     vertex  1.505960e+02  6.498700e+01  4.000000e+00
     vertex  1.644950e+02  6.498700e+01  4.000000e+00
   endloop
 endfacet
 facet normal -1.000000e+00  0.000000e+00  0.000000e+00
   outer loop
     vertex  1.644950e+02  6.498700e+01  0.000000e+00
     vertex  1.644950e+02  7.888710e+01  4.000000e+00
     vertex  1.644950e+02  7.888710e+01  0.000000e+00
   endloop
 endfacet
 facet normal -1.000000e+00  0.000000e+00  0.000000e+00
   outer loop
     vertex  1.644950e+02  6.498700e+01  0.000000e+00
     vertex  1.644950e+02  6.498700e+01  4.000000e+00
     vertex  1.644950e+02  7.888710e+01  4.000000e+00
   endloop
 endfacet
 facet normal  0.000000e+00 -1.000000e+00  0.000000e+00
   outer loop
     vertex  1.883070e+02  7.888710e+01  0.000000e+00
     vertex  1.744070e+02  7.888710e+01  4.000000e+00
     vertex  1.744070e+02  7.888710e+01  0.000000e+00
   endloop
 endfacet
 facet normal  0.000000e+00 -1.000000e+00  0.000000e+00
   outer loop
     vertex  1.883070e+02  7.888710e+01  0.000000e+00
     vertex  1.883070e+02  7.888710e+01  4.000000e+00
     vertex  1.744070e+02  7.888710e+01  4.000000e+00
   endloop
 endfacet
 facet normal  1.000000e+00  0.000000e+00  0.000000e+00
   outer loop
     vertex  1.744070e+02  7.888710e+01  0.000000e+00
     vertex  1.744070e+02  6.498700e+01  4.000000e+00
     vertex  1.744070e+02  6.498700e+01  0.000000e+00
   endloop
 endfacet
 facet normal  1.000000e+00  0.000000e+00 -0.000000e+00
   outer loop
     vertex  1.744070e+02  7.888710e+01  0.000000e+00
     vertex  1.744070e+02  7.888710e+01  4.000000e+00
     vertex  1.744070e+02  6.498700e+01  4.000000e+00
   endloop
 endfacet
 facet normal  0.000000e+00  1.000000e+00  0.000000e+00
   outer loop
     vertex  1.744070e+02  6.498700e+01  0.000000e+00
     vertex  1.883070e+02  6.498700e+01  4.000000e+00
     vertex  1.883070e+02  6.498700e+01  0.000000e+00
   endloop
 endfacet
 facet normal  0.000000e+00  1.000000e+00  0.000000e+00
   outer loop
     vertex  1.744070e+02  6.498700e+01  0.000000e+00
     vertex  1.744070e+02  6.498700e+01  4.000000e+00
     vertex  1.883070e+02  6.498700e+01  4.000000e+00
   endloop
 endfacet
 facet normal -1.000000e+00  0.000000e+00  0.000000e+00
   outer loop
     vertex  1.883070e+02  6.498700e+01  0.000000e+00
     vertex  1.883070e+02  7.888710e+01  4.000000e+00
     vertex  1.883070e+02  7.888710e+01  0.000000e+00
   endloop
 endfacet
 facet normal -1.000000e+00  0.000000e+00  0.000000e+00
   outer loop
     vertex  1.883070e+02  6.498700e+01  0.000000e+00
     vertex  1.883070e+02  6.498700e+01  4.000000e+00
     vertex  1.883070e+02  7.888710e+01  4.000000e+00
   endloop
 endfacet
 facet normal  0.000000e+00 -1.000000e+00  0.000000e+00
   outer loop
     vertex  1.442070e+02  9.323670e+01  0.000000e+00
     vertex  1.458320e+02  9.323670e+01  0.000000e+00
     vertex  1.458320e+02  9.323670e+01  4.000000e+00
   endloop
 endfacet
 facet normal  0.000000e+00 -1.000000e+00  0.000000e+00
   outer loop
     vertex  1.442070e+02  9.323670e+01  0.000000e+00
     vertex  1.458320e+02  9.323670e+01  4.000000e+00
     vertex  1.442070e+02  9.323670e+01  4.000000e+00
   endloop
 endfacet
 facet normal -1.000000e+00  0.000000e+00  0.000000e+00
   outer loop
     vertex  1.442070e+02  9.646670e+01  0.000000e+00
     vertex  1.442070e+02  9.323670e+01  0.000000e+00
     vertex  1.442070e+02  9.323670e+01  4.000000e+00
   endloop
 endfacet
 facet normal -1.000000e+00  0.000000e+00  0.000000e+00
   outer loop
     vertex  1.442070e+02  9.646670e+01  0.000000e+00
     vertex  1.442070e+02  9.323670e+01  4.000000e+00
     vertex  1.442070e+02  9.646670e+01  4.000000e+00
   endloop
 endfacet
 facet normal  0.000000e+00 -1.000000e+00  0.000000e+00
   outer loop
     vertex  1.424820e+02  9.646670e+01  0.000000e+00
     vertex  1.442070e+02  9.646670e+01  0.000000e+00
     vertex  1.442070e+02  9.646670e+01  4.000000e+00
   endloop
 endfacet
 facet normal  0.000000e+00 -1.000000e+00  0.000000e+00
   outer loop
     vertex  1.424820e+02  9.646670e+01  0.000000e+00
     vertex  1.442070e+02  9.646670e+01  4.000000e+00
     vertex  1.424820e+02  9.646670e+01  4.000000e+00
   endloop
 endfacet
 facet normal -1.000000e+00  0.000000e+00  0.000000e+00
   outer loop
     vertex  1.424820e+02  9.738750e+01  0.000000e+00
     vertex  1.424820e+02  9.646670e+01  0.000000e+00
     vertex  1.424820e+02  9.646670e+01  4.000000e+00
   endloop
 endfacet
 facet normal -1.000000e+00  0.000000e+00  0.000000e+00
   outer loop
     vertex  1.424820e+02  9.738750e+01  0.000000e+00
     vertex  1.424820e+02  9.646670e+01  4.000000e+00
     vertex  1.424820e+02  9.738750e+01  4.000000e+00
   endloop
 endfacet
 facet normal  0.000000e+00 -1.000000e+00  0.000000e+00
   outer loop
     vertex  1.392820e+02  9.738750e+01  0.000000e+00
     vertex  1.424820e+02  9.738750e+01  0.000000e+00
     vertex  1.424820e+02  9.738750e+01  4.000000e+00
   endloop
 endfacet
 facet normal  0.000000e+00 -1.000000e+00  0.000000e+00
   outer loop
     vertex  1.392820e+02  9.738750e+01  0.000000e+00
     vertex  1.424820e+02  9.738750e+01  4.000000e+00
     vertex  1.392820e+02  9.738750e+01  4.000000e+00
   endloop
 endfacet
 facet normal  1.000000e+00  0.000000e+00  0.000000e+00
   outer loop
     vertex  1.392820e+02  9.646670e+01  0.000000e+00
     vertex  1.392820e+02  9.738750e+01  0.000000e+00
     vertex  1.392820e+02  9.738750e+01  4.000000e+00
   endloop
 endfacet
 facet normal  1.000000e+00  0.000000e+00  0.000000e+00
   outer loop
     vertex  1.392820e+02  9.646670e+01  0.000000e+00
     vertex  1.392820e+02  9.738750e+01  4.000000e+00
     vertex  1.392820e+02  9.646670e+01  4.000000e+00
   endloop
 endfacet
 facet normal  0.000000e+00 -1.000000e+00  0.000000e+00
   outer loop
     vertex  1.375570e+02  9.646670e+01  0.000000e+00
     vertex  1.392820e+02  9.646670e+01  0.000000e+00
     vertex  1.392820e+02  9.646670e+01  4.000000e+00
   endloop
 endfacet
 facet normal  0.000000e+00 -1.000000e+00  0.000000e+00
   outer loop
     vertex  1.375570e+02  9.646670e+01  0.000000e+00
     vertex  1.392820e+02  9.646670e+01  4.000000e+00
     vertex  1.375570e+02  9.646670e+01  4.000000e+00
   endloop
 endfacet
 facet normal  1.000000e+00  0.000000e+00  0.000000e+00
   outer loop
     vertex  1.375570e+02  9.323670e+01  0.000000e+00
     vertex  1.375570e+02  9.646670e+01  0.000000e+00
     vertex  1.375570e+02  9.646670e+01  4.000000e+00
   endloop
 endfacet
 facet normal  1.000000e+00  0.000000e+00  0.000000e+00
   outer loop
     vertex  1.375570e+02  9.323670e+01  0.000000e+00
     vertex  1.375570e+02  9.646670e+01  4.000000e+00
     vertex  1.375570e+02  9.323670e+01  4.000000e+00
   endloop
 endfacet
 facet normal  0.000000e+00 -1.000000e+00  0.000000e+00
   outer loop
     vertex  1.367330e+02  9.323670e+01  0.000000e+00
     vertex  1.375570e+02  9.323670e+01  0.000000e+00
     vertex  1.375570e+02  9.323670e+01  4.000000e+00
   endloop
 endfacet
 facet normal  0.000000e+00 -1.000000e+00  0.000000e+00
   outer loop
     vertex  1.367330e+02  9.323670e+01  0.000000e+00
     vertex  1.375570e+02  9.323670e+01  4.000000e+00
     vertex  1.367330e+02  9.323670e+01  4.000000e+00
   endloop
 endfacet
 facet normal  1.000000e+00  0.000000e+00  0.000000e+00
   outer loop
     vertex  1.367330e+02  9.053720e+01  0.000000e+00
     vertex  1.367330e+02  9.323670e+01  0.000000e+00
     vertex  1.367330e+02  9.323670e+01  4.000000e+00
   endloop
 endfacet
 facet normal  1.000000e+00  0.000000e+00  0.000000e+00
   outer loop
     vertex  1.367330e+02  9.053720e+01  0.000000e+00
     vertex  1.367330e+02  9.323670e+01  4.000000e+00
     vertex  1.367330e+02  9.053720e+01  4.000000e+00
   endloop
 endfacet
 facet normal  0.000000e+00  1.000000e+00  0.000000e+00
   outer loop
     vertex  1.375570e+02  9.053720e+01  0.000000e+00
     vertex  1.367330e+02  9.053720e+01  0.000000e+00
     vertex  1.367330e+02  9.053720e+01  4.000000e+00
   endloop
 endfacet
 facet normal  0.000000e+00  1.000000e+00 -0.000000e+00
   outer loop
     vertex  1.375570e+02  9.053720e+01  0.000000e+00
     vertex  1.367330e+02  9.053720e+01  4.000000e+00
     vertex  1.375570e+02  9.053720e+01  4.000000e+00
   endloop
 endfacet
 facet normal  1.000000e+00  0.000000e+00  0.000000e+00
   outer loop
     vertex  1.375570e+02  8.426700e+01  0.000000e+00
     vertex  1.375570e+02  9.053720e+01  0.000000e+00
     vertex  1.375570e+02  9.053720e+01  4.000000e+00
   endloop
 endfacet
 facet normal  1.000000e+00  0.000000e+00  0.000000e+00
   outer loop
     vertex  1.375570e+02  8.426700e+01  0.000000e+00
     vertex  1.375570e+02  9.053720e+01  4.000000e+00
     vertex  1.375570e+02  8.426700e+01  4.000000e+00
   endloop
 endfacet
 facet normal  0.000000e+00  1.000000e+00  0.000000e+00
   outer loop
     vertex  1.392820e+02  8.426700e+01  0.000000e+00
     vertex  1.375570e+02  8.426700e+01  0.000000e+00
     vertex  1.375570e+02  8.426700e+01  4.000000e+00
   endloop
 endfacet
 facet normal  0.000000e+00  1.000000e+00 -0.000000e+00
   outer loop
     vertex  1.392820e+02  8.426700e+01  0.000000e+00
     vertex  1.375570e+02  8.426700e+01  4.000000e+00
     vertex  1.392820e+02  8.426700e+01  4.000000e+00
   endloop
 endfacet
 facet normal  1.000000e+00  0.000000e+00  0.000000e+00
   outer loop
     vertex  1.392820e+02  8.328730e+01  0.000000e+00
     vertex  1.392820e+02  8.426700e+01  0.000000e+00
     vertex  1.392820e+02  8.426700e+01  4.000000e+00
   endloop
 endfacet
 facet normal  1.000000e+00  0.000000e+00  0.000000e+00
   outer loop
     vertex  1.392820e+02  8.328730e+01  0.000000e+00
     vertex  1.392820e+02  8.426700e+01  4.000000e+00
     vertex  1.392820e+02  8.328730e+01  4.000000e+00
   endloop
 endfacet
 facet normal  0.000000e+00  1.000000e+00  0.000000e+00
   outer loop
     vertex  1.424820e+02  8.328730e+01  0.000000e+00
     vertex  1.392820e+02  8.328730e+01  0.000000e+00
     vertex  1.392820e+02  8.328730e+01  4.000000e+00
   endloop
 endfacet
 facet normal  0.000000e+00  1.000000e+00 -0.000000e+00
   outer loop
     vertex  1.424820e+02  8.328730e+01  0.000000e+00
     vertex  1.392820e+02  8.328730e+01  4.000000e+00
     vertex  1.424820e+02  8.328730e+01  4.000000e+00
   endloop
 endfacet
 facet normal -1.000000e+00  0.000000e+00  0.000000e+00
   outer loop
     vertex  1.424820e+02  8.426700e+01  0.000000e+00
     vertex  1.424820e+02  8.328730e+01  0.000000e+00
     vertex  1.424820e+02  8.328730e+01  4.000000e+00
   endloop
 endfacet
 facet normal -1.000000e+00  0.000000e+00  0.000000e+00
   outer loop
     vertex  1.424820e+02  8.426700e+01  0.000000e+00
     vertex  1.424820e+02  8.328730e+01  4.000000e+00
     vertex  1.424820e+02  8.426700e+01  4.000000e+00
   endloop
 endfacet
 facet normal  0.000000e+00  1.000000e+00  0.000000e+00
   outer loop
     vertex  1.442070e+02  8.426700e+01  0.000000e+00
     vertex  1.424820e+02  8.426700e+01  0.000000e+00
     vertex  1.424820e+02  8.426700e+01  4.000000e+00
   endloop
 endfacet
 facet normal  0.000000e+00  1.000000e+00 -0.000000e+00
   outer loop
     vertex  1.442070e+02  8.426700e+01  0.000000e+00
     vertex  1.424820e+02  8.426700e+01  4.000000e+00
     vertex  1.442070e+02  8.426700e+01  4.000000e+00
   endloop
 endfacet
 facet normal -1.000000e+00  0.000000e+00  0.000000e+00
   outer loop
     vertex  1.442070e+02  8.873740e+01  0.000000e+00
     vertex  1.442070e+02  8.426700e+01  0.000000e+00
     vertex  1.442070e+02  8.426700e+01  4.000000e+00
   endloop
 endfacet
 facet normal -1.000000e+00  0.000000e+00  0.000000e+00
   outer loop
     vertex  1.442070e+02  8.873740e+01  0.000000e+00
     vertex  1.442070e+02  8.426700e+01  4.000000e+00
     vertex  1.442070e+02  8.873740e+01  4.000000e+00
   endloop
 endfacet
 facet normal  0.000000e+00  1.000000e+00  0.000000e+00
   outer loop
     vertex  1.458320e+02  8.873740e+01  0.000000e+00
     vertex  1.442070e+02  8.873740e+01  0.000000e+00
     vertex  1.442070e+02  8.873740e+01  4.000000e+00
   endloop
 endfacet
 facet normal  0.000000e+00  1.000000e+00 -0.000000e+00
   outer loop
     vertex  1.458320e+02  8.873740e+01  0.000000e+00
     vertex  1.442070e+02  8.873740e+01  4.000000e+00
     vertex  1.458320e+02  8.873740e+01  4.000000e+00
   endloop
 endfacet
 facet normal  1.000000e+00  0.000000e+00  0.000000e+00
   outer loop
     vertex  1.458320e+02  8.403700e+01  0.000000e+00
     vertex  1.458320e+02  8.873740e+01  0.000000e+00
     vertex  1.458320e+02  8.873740e+01  4.000000e+00
   endloop
 endfacet
 facet normal  1.000000e+00  0.000000e+00  0.000000e+00
   outer loop
     vertex  1.458320e+02  8.403700e+01  0.000000e+00
     vertex  1.458320e+02  8.873740e+01  4.000000e+00
     vertex  1.458320e+02  8.403700e+01  4.000000e+00
   endloop
 endfacet
 facet normal  0.000000e+00  1.000000e+00  0.000000e+00
   outer loop
     vertex  1.597320e+02  8.403700e+01  0.000000e+00
     vertex  1.458320e+02  8.403700e+01  0.000000e+00
     vertex  1.458320e+02  8.403700e+01  4.000000e+00
   endloop
 endfacet
 facet normal  0.000000e+00  1.000000e+00 -0.000000e+00
   outer loop
     vertex  1.597320e+02  8.403700e+01  0.000000e+00
     vertex  1.458320e+02  8.403700e+01  4.000000e+00
     vertex  1.597320e+02  8.403700e+01  4.000000e+00
   endloop
 endfacet
 facet normal -1.000000e+00  0.000000e+00  0.000000e+00
   outer loop
     vertex  1.597320e+02  8.873740e+01  0.000000e+00
     vertex  1.597320e+02  8.403700e+01  0.000000e+00
     vertex  1.597320e+02  8.403700e+01  4.000000e+00
   endloop
 endfacet
 facet normal -1.000000e+00  0.000000e+00  0.000000e+00
   outer loop
     vertex  1.597320e+02  8.873740e+01  0.000000e+00
     vertex  1.597320e+02  8.403700e+01  4.000000e+00
     vertex  1.597320e+02  8.873740e+01  4.000000e+00
   endloop
 endfacet
 facet normal  0.000000e+00  1.000000e+00  0.000000e+00
   outer loop
     vertex  1.613570e+02  8.873740e+01  0.000000e+00
     vertex  1.597320e+02  8.873740e+01  0.000000e+00
     vertex  1.597320e+02  8.873740e+01  4.000000e+00
   endloop
 endfacet
 facet normal  0.000000e+00  1.000000e+00 -0.000000e+00
   outer loop
     vertex  1.613570e+02  8.873740e+01  0.000000e+00
     vertex  1.597320e+02  8.873740e+01  4.000000e+00
     vertex  1.613570e+02  8.873740e+01  4.000000e+00
   endloop
 endfacet
 facet normal  1.000000e+00  0.000000e+00  0.000000e+00
   outer loop
     vertex  1.613570e+02  8.426700e+01  0.000000e+00
     vertex  1.613570e+02  8.873740e+01  0.000000e+00
     vertex  1.613570e+02  8.873740e+01  4.000000e+00
   endloop
 endfacet
 facet normal  1.000000e+00  0.000000e+00  0.000000e+00
   outer loop
     vertex  1.613570e+02  8.426700e+01  0.000000e+00
     vertex  1.613570e+02  8.873740e+01  4.000000e+00
     vertex  1.613570e+02  8.426700e+01  4.000000e+00
   endloop
 endfacet
 facet normal  0.000000e+00  1.000000e+00  0.000000e+00
   outer loop
     vertex  1.630820e+02  8.426700e+01  0.000000e+00
     vertex  1.613570e+02  8.426700e+01  0.000000e+00
     vertex  1.613570e+02  8.426700e+01  4.000000e+00
   endloop
 endfacet
 facet normal  0.000000e+00  1.000000e+00 -0.000000e+00
   outer loop
     vertex  1.630820e+02  8.426700e+01  0.000000e+00
     vertex  1.613570e+02  8.426700e+01  4.000000e+00
     vertex  1.630820e+02  8.426700e+01  4.000000e+00
   endloop
 endfacet
 facet normal  1.000000e+00  0.000000e+00  0.000000e+00
   outer loop
     vertex  1.630820e+02  8.328730e+01  0.000000e+00
     vertex  1.630820e+02  8.426700e+01  0.000000e+00
     vertex  1.630820e+02  8.426700e+01  4.000000e+00
   endloop
 endfacet
 facet normal  1.000000e+00  0.000000e+00  0.000000e+00
   outer loop
     vertex  1.630820e+02  8.328730e+01  0.000000e+00
     vertex  1.630820e+02  8.426700e+01  4.000000e+00
     vertex  1.630820e+02  8.328730e+01  4.000000e+00
   endloop
 endfacet
 facet normal  0.000000e+00  1.000000e+00  0.000000e+00
   outer loop
     vertex  1.662830e+02  8.328730e+01  0.000000e+00
     vertex  1.630820e+02  8.328730e+01  0.000000e+00
     vertex  1.630820e+02  8.328730e+01  4.000000e+00
   endloop
 endfacet
 facet normal  0.000000e+00  1.000000e+00 -0.000000e+00
   outer loop
     vertex  1.662830e+02  8.328730e+01  0.000000e+00
     vertex  1.630820e+02  8.328730e+01  4.000000e+00
     vertex  1.662830e+02  8.328730e+01  4.000000e+00
   endloop
 endfacet
 facet normal -1.000000e+00  0.000000e+00  0.000000e+00
   outer loop
     vertex  1.662830e+02  8.426700e+01  0.000000e+00
     vertex  1.662830e+02  8.328730e+01  0.000000e+00
     vertex  1.662830e+02  8.328730e+01  4.000000e+00
   endloop
 endfacet
 facet normal -1.000000e+00  0.000000e+00  0.000000e+00
   outer loop
     vertex  1.662830e+02  8.426700e+01  0.000000e+00
     vertex  1.662830e+02  8.328730e+01  4.000000e+00
     vertex  1.662830e+02  8.426700e+01  4.000000e+00
   endloop
 endfacet
 facet normal  0.000000e+00  1.000000e+00  0.000000e+00
   outer loop
     vertex  1.680080e+02  8.426700e+01  0.000000e+00
     vertex  1.662830e+02  8.426700e+01  0.000000e+00
     vertex  1.662830e+02  8.426700e+01  4.000000e+00
   endloop
 endfacet
 facet normal  0.000000e+00  1.000000e+00 -0.000000e+00
   outer loop
     vertex  1.680080e+02  8.426700e+01  0.000000e+00
     vertex  1.662830e+02  8.426700e+01  4.000000e+00
     vertex  1.680080e+02  8.426700e+01  4.000000e+00
   endloop
 endfacet
 facet normal -1.000000e+00  0.000000e+00  0.000000e+00
   outer loop
     vertex  1.680080e+02  9.053720e+01  0.000000e+00
     vertex  1.680080e+02  8.426700e+01  0.000000e+00
     vertex  1.680080e+02  8.426700e+01  4.000000e+00
   endloop
 endfacet
 facet normal -1.000000e+00  0.000000e+00  0.000000e+00
   outer loop
     vertex  1.680080e+02  9.053720e+01  0.000000e+00
     vertex  1.680080e+02  8.426700e+01  4.000000e+00
     vertex  1.680080e+02  9.053720e+01  4.000000e+00
   endloop
 endfacet
 facet normal  0.000000e+00  1.000000e+00  0.000000e+00
   outer loop
     vertex  1.688330e+02  9.053720e+01  0.000000e+00
     vertex  1.680080e+02  9.053720e+01  0.000000e+00
     vertex  1.680080e+02  9.053720e+01  4.000000e+00
   endloop
 endfacet
 facet normal  0.000000e+00  1.000000e+00 -0.000000e+00
   outer loop
     vertex  1.688330e+02  9.053720e+01  0.000000e+00
     vertex  1.680080e+02  9.053720e+01  4.000000e+00
     vertex  1.688330e+02  9.053720e+01  4.000000e+00
   endloop
 endfacet
 facet normal -1.000000e+00  0.000000e+00  0.000000e+00
   outer loop
     vertex  1.688330e+02  9.323670e+01  0.000000e+00
     vertex  1.688330e+02  9.053720e+01  0.000000e+00
     vertex  1.688330e+02  9.053720e+01  4.000000e+00
   endloop
 endfacet
 facet normal -1.000000e+00  0.000000e+00  0.000000e+00
   outer loop
     vertex  1.688330e+02  9.323670e+01  0.000000e+00
     vertex  1.688330e+02  9.053720e+01  4.000000e+00
     vertex  1.688330e+02  9.323670e+01  4.000000e+00
   endloop
 endfacet
 facet normal  0.000000e+00 -1.000000e+00  0.000000e+00
   outer loop
     vertex  1.680080e+02  9.323670e+01  0.000000e+00
     vertex  1.688330e+02  9.323670e+01  0.000000e+00
     vertex  1.688330e+02  9.323670e+01  4.000000e+00
   endloop
 endfacet
 facet normal  0.000000e+00 -1.000000e+00  0.000000e+00
   outer loop
     vertex  1.680080e+02  9.323670e+01  0.000000e+00
     vertex  1.688330e+02  9.323670e+01  4.000000e+00
     vertex  1.680080e+02  9.323670e+01  4.000000e+00
   endloop
 endfacet
 facet normal -1.000000e+00  0.000000e+00  0.000000e+00
   outer loop
     vertex  1.680080e+02  9.646670e+01  0.000000e+00
     vertex  1.680080e+02  9.323670e+01  0.000000e+00
     vertex  1.680080e+02  9.323670e+01  4.000000e+00
   endloop
 endfacet
 facet normal -1.000000e+00  0.000000e+00  0.000000e+00
   outer loop
     vertex  1.680080e+02  9.646670e+01  0.000000e+00
     vertex  1.680080e+02  9.323670e+01  4.000000e+00
     vertex  1.680080e+02  9.646670e+01  4.000000e+00
   endloop
 endfacet
 facet normal  0.000000e+00 -1.000000e+00  0.000000e+00
   outer loop
     vertex  1.662830e+02  9.646670e+01  0.000000e+00
     vertex  1.680080e+02  9.646670e+01  0.000000e+00
     vertex  1.680080e+02  9.646670e+01  4.000000e+00
   endloop
 endfacet
 facet normal  0.000000e+00 -1.000000e+00  0.000000e+00
   outer loop
     vertex  1.662830e+02  9.646670e+01  0.000000e+00
     vertex  1.680080e+02  9.646670e+01  4.000000e+00
     vertex  1.662830e+02  9.646670e+01  4.000000e+00
   endloop
 endfacet
 facet normal -1.000000e+00  0.000000e+00  0.000000e+00
   outer loop
     vertex  1.662830e+02  9.738750e+01  0.000000e+00
     vertex  1.662830e+02  9.646670e+01  0.000000e+00
     vertex  1.662830e+02  9.646670e+01  4.000000e+00
   endloop
 endfacet
 facet normal -1.000000e+00  0.000000e+00  0.000000e+00
   outer loop
     vertex  1.662830e+02  9.738750e+01  0.000000e+00
     vertex  1.662830e+02  9.646670e+01  4.000000e+00
     vertex  1.662830e+02  9.738750e+01  4.000000e+00
   endloop
 endfacet
 facet normal  0.000000e+00 -1.000000e+00  0.000000e+00
   outer loop
     vertex  1.630820e+02  9.738750e+01  0.000000e+00
     vertex  1.662830e+02  9.738750e+01  0.000000e+00
     vertex  1.662830e+02  9.738750e+01  4.000000e+00
   endloop
 endfacet
 facet normal  0.000000e+00 -1.000000e+00  0.000000e+00
   outer loop
     vertex  1.630820e+02  9.738750e+01  0.000000e+00
     vertex  1.662830e+02  9.738750e+01  4.000000e+00
     vertex  1.630820e+02  9.738750e+01  4.000000e+00
   endloop
 endfacet
 facet normal  1.000000e+00  0.000000e+00  0.000000e+00
   outer loop
     vertex  1.630820e+02  9.646670e+01  0.000000e+00
     vertex  1.630820e+02  9.738750e+01  0.000000e+00
     vertex  1.630820e+02  9.738750e+01  4.000000e+00
   endloop
 endfacet
 facet normal  1.000000e+00  0.000000e+00  0.000000e+00
   outer loop
     vertex  1.630820e+02  9.646670e+01  0.000000e+00
     vertex  1.630820e+02  9.738750e+01  4.000000e+00
     vertex  1.630820e+02  9.646670e+01  4.000000e+00
   endloop
 endfacet
 facet normal  0.000000e+00 -1.000000e+00  0.000000e+00
   outer loop
     vertex  1.613570e+02  9.646670e+01  0.000000e+00
     vertex  1.630820e+02  9.646670e+01  0.000000e+00
     vertex  1.630820e+02  9.646670e+01  4.000000e+00
   endloop
 endfacet
 facet normal  0.000000e+00 -1.000000e+00  0.000000e+00
   outer loop
     vertex  1.613570e+02  9.646670e+01  0.000000e+00
     vertex  1.630820e+02  9.646670e+01  4.000000e+00
     vertex  1.613570e+02  9.646670e+01  4.000000e+00
   endloop
 endfacet
 facet normal  1.000000e+00  0.000000e+00  0.000000e+00
   outer loop
     vertex  1.613570e+02  9.323670e+01  0.000000e+00
     vertex  1.613570e+02  9.646670e+01  0.000000e+00
     vertex  1.613570e+02  9.646670e+01  4.000000e+00
   endloop
 endfacet
 facet normal  1.000000e+00  0.000000e+00  0.000000e+00
   outer loop
     vertex  1.613570e+02  9.323670e+01  0.000000e+00
     vertex  1.613570e+02  9.646670e+01  4.000000e+00
     vertex  1.613570e+02  9.323670e+01  4.000000e+00
   endloop
 endfacet
 facet normal  0.000000e+00 -1.000000e+00  0.000000e+00
   outer loop
     vertex  1.597320e+02  9.323670e+01  0.000000e+00
     vertex  1.613570e+02  9.323670e+01  0.000000e+00
     vertex  1.613570e+02  9.323670e+01  4.000000e+00
   endloop
 endfacet
 facet normal  0.000000e+00 -1.000000e+00  0.000000e+00
   outer loop
     vertex  1.597320e+02  9.323670e+01  0.000000e+00
     vertex  1.613570e+02  9.323670e+01  4.000000e+00
     vertex  1.597320e+02  9.323670e+01  4.000000e+00
   endloop
 endfacet
 facet normal -1.000000e+00  0.000000e+00  0.000000e+00
   outer loop
     vertex  1.597320e+02  9.793710e+01  0.000000e+00
     vertex  1.597320e+02  9.323670e+01  0.000000e+00
     vertex  1.597320e+02  9.323670e+01  4.000000e+00
   endloop
 endfacet
 facet normal -1.000000e+00  0.000000e+00  0.000000e+00
   outer loop
     vertex  1.597320e+02  9.793710e+01  0.000000e+00
     vertex  1.597320e+02  9.323670e+01  4.000000e+00
     vertex  1.597320e+02  9.793710e+01  4.000000e+00
   endloop
 endfacet
 facet normal  0.000000e+00 -1.000000e+00  0.000000e+00
   outer loop
     vertex  1.458320e+02  9.793710e+01  0.000000e+00
     vertex  1.597320e+02  9.793710e+01  0.000000e+00
     vertex  1.597320e+02  9.793710e+01  4.000000e+00
   endloop
 endfacet
 facet normal  0.000000e+00 -1.000000e+00  0.000000e+00
   outer loop
     vertex  1.458320e+02  9.793710e+01  0.000000e+00
     vertex  1.597320e+02  9.793710e+01  4.000000e+00
     vertex  1.458320e+02  9.793710e+01  4.000000e+00
   endloop
 endfacet
 facet normal  1.000000e+00  0.000000e+00  0.000000e+00
   outer loop
     vertex  1.458320e+02  9.323670e+01  0.000000e+00
     vertex  1.458320e+02  9.793710e+01  0.000000e+00
     vertex  1.458320e+02  9.793710e+01  4.000000e+00
   endloop
 endfacet
 facet normal  1.000000e+00  0.000000e+00  0.000000e+00
   outer loop
     vertex  1.458320e+02  9.323670e+01  0.000000e+00
     vertex  1.458320e+02  9.793710e+01  4.000000e+00
     vertex  1.458320e+02  9.323670e+01  4.000000e+00
   endloop
 endfacet
 facet normal  0.000000e+00 -1.000000e+00  0.000000e+00
   outer loop
     vertex  1.883070e+02  9.793710e+01  0.000000e+00
     vertex  1.744070e+02  9.793710e+01  4.000000e+00
     vertex  1.744070e+02  9.793710e+01  0.000000e+00
   endloop
 endfacet
 facet normal  0.000000e+00 -1.000000e+00  0.000000e+00
   outer loop
     vertex  1.883070e+02  9.793710e+01  0.000000e+00
     vertex  1.883070e+02  9.793710e+01  4.000000e+00
     vertex  1.744070e+02  9.793710e+01  4.000000e+00
   endloop
 endfacet
 facet normal  1.000000e+00  0.000000e+00  0.000000e+00
   outer loop
     vertex  1.744070e+02  9.793710e+01  0.000000e+00
     vertex  1.744070e+02  8.403700e+01  4.000000e+00
     vertex  1.744070e+02  8.403700e+01  0.000000e+00
   endloop
 endfacet
 facet normal  1.000000e+00  0.000000e+00 -0.000000e+00
   outer loop
     vertex  1.744070e+02  9.793710e+01  0.000000e+00
     vertex  1.744070e+02  9.793710e+01  4.000000e+00
     vertex  1.744070e+02  8.403700e+01  4.000000e+00
   endloop
 endfacet
 facet normal  0.000000e+00  1.000000e+00  0.000000e+00
   outer loop
     vertex  1.744070e+02  8.403700e+01  0.000000e+00
     vertex  1.883070e+02  8.403700e+01  4.000000e+00
     vertex  1.883070e+02  8.403700e+01  0.000000e+00
   endloop
 endfacet
 facet normal  0.000000e+00  1.000000e+00  0.000000e+00
   outer loop
     vertex  1.744070e+02  8.403700e+01  0.000000e+00
     vertex  1.744070e+02  8.403700e+01  4.000000e+00
     vertex  1.883070e+02  8.403700e+01  4.000000e+00
   endloop
 endfacet
 facet normal -1.000000e+00  0.000000e+00  0.000000e+00
   outer loop
     vertex  1.883070e+02  8.403700e+01  0.000000e+00
     vertex  1.883070e+02  9.793710e+01  4.000000e+00
     vertex  1.883070e+02  9.793710e+01  0.000000e+00
   endloop
 endfacet
 facet normal -1.000000e+00  0.000000e+00  0.000000e+00
   outer loop
     vertex  1.883070e+02  8.403700e+01  0.000000e+00
     vertex  1.883070e+02  8.403700e+01  4.000000e+00
     vertex  1.883070e+02  9.793710e+01  4.000000e+00
   endloop
 endfacet
 facet normal  0.000000e+00 -1.000000e+00  0.000000e+00
   outer loop
     vertex  1.073450e+02  1.217480e+02  0.000000e+00
     vertex  9.344620e+01  1.217480e+02  4.000000e+00
     vertex  9.344620e+01  1.217480e+02  0.000000e+00
   endloop
 endfacet
 facet normal  0.000000e+00 -1.000000e+00  0.000000e+00
   outer loop
     vertex  1.073450e+02  1.217480e+02  0.000000e+00
     vertex  1.073450e+02  1.217480e+02  4.000000e+00
     vertex  9.344620e+01  1.217480e+02  4.000000e+00
   endloop
 endfacet
 facet normal  1.000000e+00  0.000000e+00  0.000000e+00
   outer loop
     vertex  9.344620e+01  1.217480e+02  0.000000e+00
     vertex  9.344620e+01  1.078490e+02  4.000000e+00
     vertex  9.344620e+01  1.078490e+02  0.000000e+00
   endloop
 endfacet
 facet normal  1.000000e+00  0.000000e+00 -0.000000e+00
   outer loop
     vertex  9.344620e+01  1.217480e+02  0.000000e+00
     vertex  9.344620e+01  1.217480e+02  4.000000e+00
     vertex  9.344620e+01  1.078490e+02  4.000000e+00
   endloop
 endfacet
 facet normal  0.000000e+00  1.000000e+00  0.000000e+00
   outer loop
     vertex  9.344620e+01  1.078490e+02  0.000000e+00
     vertex  1.073450e+02  1.078490e+02  4.000000e+00
     vertex  1.073450e+02  1.078490e+02  0.000000e+00
   endloop
 endfacet
 facet normal  0.000000e+00  1.000000e+00  0.000000e+00
   outer loop
     vertex  9.344620e+01  1.078490e+02  0.000000e+00
     vertex  9.344620e+01  1.078490e+02  4.000000e+00
     vertex  1.073450e+02  1.078490e+02  4.000000e+00
   endloop
 endfacet
 facet normal -1.000000e+00  0.000000e+00  0.000000e+00
   outer loop
     vertex  1.073450e+02  1.078490e+02  0.000000e+00
     vertex  1.073450e+02  1.217480e+02  4.000000e+00
     vertex  1.073450e+02  1.217480e+02  0.000000e+00
   endloop
 endfacet
 facet normal -1.000000e+00  0.000000e+00  0.000000e+00
   outer loop
     vertex  1.073450e+02  1.078490e+02  0.000000e+00
     vertex  1.073450e+02  1.078490e+02  4.000000e+00
     vertex  1.073450e+02  1.217480e+02  4.000000e+00
   endloop
 endfacet
 facet normal  0.000000e+00 -1.000000e+00  0.000000e+00
   outer loop
     vertex  1.263950e+02  1.217480e+02  0.000000e+00
     vertex  1.124950e+02  1.217480e+02  4.000000e+00
     vertex  1.124950e+02  1.217480e+02  0.000000e+00
   endloop
 endfacet
 facet normal  0.000000e+00 -1.000000e+00  0.000000e+00
   outer loop
     vertex  1.263950e+02  1.217480e+02  0.000000e+00
     vertex  1.263950e+02  1.217480e+02  4.000000e+00
     vertex  1.124950e+02  1.217480e+02  4.000000e+00
   endloop
 endfacet
 facet normal  1.000000e+00  0.000000e+00  0.000000e+00
   outer loop
     vertex  1.124950e+02  1.217480e+02  0.000000e+00
     vertex  1.124950e+02  1.078490e+02  4.000000e+00
     vertex  1.124950e+02  1.078490e+02  0.000000e+00
   endloop
 endfacet
 facet normal  1.000000e+00  0.000000e+00 -0.000000e+00
   outer loop
     vertex  1.124950e+02  1.217480e+02  0.000000e+00
     vertex  1.124950e+02  1.217480e+02  4.000000e+00
     vertex  1.124950e+02  1.078490e+02  4.000000e+00
   endloop
 endfacet
 facet normal  0.000000e+00  1.000000e+00  0.000000e+00
   outer loop
     vertex  1.124950e+02  1.078490e+02  0.000000e+00
     vertex  1.263950e+02  1.078490e+02  4.000000e+00
     vertex  1.263950e+02  1.078490e+02  0.000000e+00
   endloop
 endfacet
 facet normal  0.000000e+00  1.000000e+00  0.000000e+00
   outer loop
     vertex  1.124950e+02  1.078490e+02  0.000000e+00
     vertex  1.124950e+02  1.078490e+02  4.000000e+00
     vertex  1.263950e+02  1.078490e+02  4.000000e+00
   endloop
 endfacet
 facet normal -1.000000e+00  0.000000e+00  0.000000e+00
   outer loop
     vertex  1.263950e+02  1.078490e+02  0.000000e+00
     vertex  1.263950e+02  1.217480e+02  4.000000e+00
     vertex  1.263950e+02  1.217480e+02  0.000000e+00
   endloop
 endfacet
 facet normal -1.000000e+00  0.000000e+00  0.000000e+00
   outer loop
     vertex  1.263950e+02  1.078490e+02  0.000000e+00
     vertex  1.263950e+02  1.078490e+02  4.000000e+00
     vertex  1.263950e+02  1.217480e+02  4.000000e+00
   endloop
 endfacet
 facet normal  0.000000e+00 -1.000000e+00  0.000000e+00
   outer loop
     vertex  1.502070e+02  1.217480e+02  0.000000e+00
     vertex  1.363070e+02  1.217480e+02  4.000000e+00
     vertex  1.363070e+02  1.217480e+02  0.000000e+00
   endloop
 endfacet
 facet normal  0.000000e+00 -1.000000e+00  0.000000e+00
   outer loop
     vertex  1.502070e+02  1.217480e+02  0.000000e+00
     vertex  1.502070e+02  1.217480e+02  4.000000e+00
     vertex  1.363070e+02  1.217480e+02  4.000000e+00
   endloop
 endfacet
 facet normal  1.000000e+00  0.000000e+00  0.000000e+00
   outer loop
     vertex  1.363070e+02  1.217480e+02  0.000000e+00
     vertex  1.363070e+02  1.078490e+02  4.000000e+00
     vertex  1.363070e+02  1.078490e+02  0.000000e+00
   endloop
 endfacet
 facet normal  1.000000e+00  0.000000e+00 -0.000000e+00
   outer loop
     vertex  1.363070e+02  1.217480e+02  0.000000e+00
     vertex  1.363070e+02  1.217480e+02  4.000000e+00
     vertex  1.363070e+02  1.078490e+02  4.000000e+00
   endloop
 endfacet
 facet normal  0.000000e+00  1.000000e+00  0.000000e+00
   outer loop
     vertex  1.363070e+02  1.078490e+02  0.000000e+00
     vertex  1.502070e+02  1.078490e+02  4.000000e+00
     vertex  1.502070e+02  1.078490e+02  0.000000e+00
   endloop
 endfacet
 facet normal  0.000000e+00  1.000000e+00  0.000000e+00
   outer loop
     vertex  1.363070e+02  1.078490e+02  0.000000e+00
     vertex  1.363070e+02  1.078490e+02  4.000000e+00
     vertex  1.502070e+02  1.078490e+02  4.000000e+00
   endloop
 endfacet
 facet normal -1.000000e+00  0.000000e+00  0.000000e+00
   outer loop
     vertex  1.502070e+02  1.078490e+02  0.000000e+00
     vertex  1.502070e+02  1.217480e+02  4.000000e+00
     vertex  1.502070e+02  1.217480e+02  0.000000e+00
   endloop
 endfacet
 facet normal -1.000000e+00  0.000000e+00  0.000000e+00
   outer loop
     vertex  1.502070e+02  1.078490e+02  0.000000e+00
     vertex  1.502070e+02  1.078490e+02  4.000000e+00
     vertex  1.502070e+02  1.217480e+02  4.000000e+00
   endloop
 endfacet
 facet normal  0.000000e+00 -1.000000e+00  0.000000e+00
   outer loop
     vertex  1.692570e+02  1.217480e+02  0.000000e+00
     vertex  1.553570e+02  1.217480e+02  4.000000e+00
     vertex  1.553570e+02  1.217480e+02  0.000000e+00
   endloop
 endfacet
 facet normal  0.000000e+00 -1.000000e+00  0.000000e+00
   outer loop
     vertex  1.692570e+02  1.217480e+02  0.000000e+00
     vertex  1.692570e+02  1.217480e+02  4.000000e+00
     vertex  1.553570e+02  1.217480e+02  4.000000e+00
   endloop
 endfacet
 facet normal  1.000000e+00  0.000000e+00  0.000000e+00
   outer loop
     vertex  1.553570e+02  1.217480e+02  0.000000e+00
     vertex  1.553570e+02  1.078490e+02  4.000000e+00
     vertex  1.553570e+02  1.078490e+02  0.000000e+00
   endloop
 endfacet
 facet normal  1.000000e+00  0.000000e+00 -0.000000e+00
   outer loop
     vertex  1.553570e+02  1.217480e+02  0.000000e+00
     vertex  1.553570e+02  1.217480e+02  4.000000e+00
     vertex  1.553570e+02  1.078490e+02  4.000000e+00
   endloop
 endfacet
 facet normal  0.000000e+00  1.000000e+00  0.000000e+00
   outer loop
     vertex  1.553570e+02  1.078490e+02  0.000000e+00
     vertex  1.692570e+02  1.078490e+02  4.000000e+00
     vertex  1.692570e+02  1.078490e+02  0.000000e+00
   endloop
 endfacet
 facet normal  0.000000e+00  1.000000e+00  0.000000e+00
   outer loop
     vertex  1.553570e+02  1.078490e+02  0.000000e+00
     vertex  1.553570e+02  1.078490e+02  4.000000e+00
     vertex  1.692570e+02  1.078490e+02  4.000000e+00
   endloop
 endfacet
 facet normal -1.000000e+00  0.000000e+00  0.000000e+00
   outer loop
     vertex  1.692570e+02  1.078490e+02  0.000000e+00
     vertex  1.692570e+02  1.217480e+02  4.000000e+00
     vertex  1.692570e+02  1.217480e+02  0.000000e+00
   endloop
 endfacet
 facet normal -1.000000e+00  0.000000e+00  0.000000e+00
   outer loop
     vertex  1.692570e+02  1.078490e+02  0.000000e+00
     vertex  1.692570e+02  1.078490e+02  4.000000e+00
     vertex  1.692570e+02  1.217480e+02  4.000000e+00
   endloop
 endfacet
 facet normal  0.000000e+00 -1.000000e+00  0.000000e+00
   outer loop
     vertex  1.883070e+02  1.217480e+02  0.000000e+00
     vertex  1.744070e+02  1.217480e+02  4.000000e+00
     vertex  1.744070e+02  1.217480e+02  0.000000e+00
   endloop
 endfacet
 facet normal  0.000000e+00 -1.000000e+00  0.000000e+00
   outer loop
     vertex  1.883070e+02  1.217480e+02  0.000000e+00
     vertex  1.883070e+02  1.217480e+02  4.000000e+00
     vertex  1.744070e+02  1.217480e+02  4.000000e+00
   endloop
 endfacet
 facet normal  1.000000e+00  0.000000e+00  0.000000e+00
   outer loop
     vertex  1.744070e+02  1.217480e+02  0.000000e+00
     vertex  1.744070e+02  1.078490e+02  4.000000e+00
     vertex  1.744070e+02  1.078490e+02  0.000000e+00
   endloop
 endfacet
 facet normal  1.000000e+00  0.000000e+00 -0.000000e+00
   outer loop
     vertex  1.744070e+02  1.217480e+02  0.000000e+00
     vertex  1.744070e+02  1.217480e+02  4.000000e+00
     vertex  1.744070e+02  1.078490e+02  4.000000e+00
   endloop
 endfacet
 facet normal  0.000000e+00  1.000000e+00  0.000000e+00
   outer loop
     vertex  1.744070e+02  1.078490e+02  0.000000e+00
     vertex  1.883070e+02  1.078490e+02  4.000000e+00
     vertex  1.883070e+02  1.078490e+02  0.000000e+00
   endloop
 endfacet
 facet normal  0.000000e+00  1.000000e+00  0.000000e+00
   outer loop
     vertex  1.744070e+02  1.078490e+02  0.000000e+00
     vertex  1.744070e+02  1.078490e+02  4.000000e+00
     vertex  1.883070e+02  1.078490e+02  4.000000e+00
   endloop
 endfacet
 facet normal -1.000000e+00  0.000000e+00  0.000000e+00
   outer loop
     vertex  1.883070e+02  1.078490e+02  0.000000e+00
     vertex  1.883070e+02  1.217480e+02  4.000000e+00
     vertex  1.883070e+02  1.217480e+02  0.000000e+00
   endloop
 endfacet
 facet normal -1.000000e+00  0.000000e+00  0.000000e+00
   outer loop
     vertex  1.883070e+02  1.078490e+02  0.000000e+00
     vertex  1.883070e+02  1.078490e+02  4.000000e+00
     vertex  1.883070e+02  1.217480e+02  4.000000e+00
   endloop
 endfacet
endsolid
