ISO-10303-21;
HEADER;
FILE_DESCRIPTION(('FreeCAD Model'),'2;1');
FILE_NAME('Open CASCADE Shape Model','2026-07-14T23:55:30',('FreeCAD'),(
    'FreeCAD'),'Open CASCADE STEP processor 7.8','FreeCAD','Unknown');
FILE_SCHEMA(('AUTOMOTIVE_DESIGN { 1 0 10303 214 1 1 1 1 }'));
ENDSEC;
DATA;
#1 = APPLICATION_PROTOCOL_DEFINITION('international standard',
  'automotive_design',2000,#2);
#2 = APPLICATION_CONTEXT(
  'core data for automotive mechanical design processes');
#3 = SHAPE_DEFINITION_REPRESENTATION(#4,#10);
#4 = PRODUCT_DEFINITION_SHAPE('','',#5);
#5 = PRODUCT_DEFINITION('design','',#6,#9);
#6 = PRODUCT_DEFINITION_FORMATION('','',#7);
#7 = PRODUCT('Open CASCADE STEP translator 7.8 2',
  'Open CASCADE STEP translator 7.8 2','',(#8));
#8 = PRODUCT_CONTEXT('',#2,'mechanical');
#9 = PRODUCT_DEFINITION_CONTEXT('part definition',#2,'design');
#10 = ADVANCED_BREP_SHAPE_REPRESENTATION('',(#11,#15),#6589);
#11 = AXIS2_PLACEMENT_3D('',#12,#13,#14);
#12 = CARTESIAN_POINT('',(0.,0.,0.));
#13 = DIRECTION('',(0.,0.,1.));
#14 = DIRECTION('',(1.,0.,-0.));
#15 = MANIFOLD_SOLID_BREP('',#16);
#16 = CLOSED_SHELL('',(#17,#57,#1630,#1655,#1680,#3237,#3254,#3271,#3288
    ,#3305,#3317,#3342,#3364,#3381,#3398,#3410,#3432,#3449,#3466,#3478,
    #3500,#3517,#3534,#3546,#3568,#3585,#3602,#3614,#3636,#3653,#3670,
    #3682,#3704,#3721,#3738,#3750,#3772,#3789,#3806,#3818,#3840,#3857,
    #3874,#3886,#3908,#3925,#3942,#3954,#3976,#3993,#4010,#4022,#4044,
    #4061,#4078,#4090,#4115,#4137,#4154,#4171,#4183,#4205,#4222,#4239,
    #4251,#4273,#4290,#4307,#4319,#4341,#4358,#4375,#4387,#4409,#4426,
    #4443,#4455,#4477,#4494,#4511,#4523,#4545,#4562,#4579,#4591,#4613,
    #4630,#4647,#4659,#4681,#4698,#4715,#4727,#4749,#4766,#4783,#4795,
    #4817,#4834,#4851,#4863,#4885,#4902,#4919,#4931,#4953,#4970,#4987,
    #4999,#5021,#5038,#5055,#5067,#5089,#5106,#5123,#5135,#5157,#5174,
    #5191,#5203,#5225,#5242,#5259,#5271,#5296,#5318,#5335,#5352,#5364,
    #5386,#5403,#5420,#5432,#5454,#5471,#5488,#5500,#5522,#5539,#5556,
    #5568,#5590,#5607,#5624,#5636,#5658,#5675,#5692,#5704,#5726,#5743,
    #5760,#5772,#5794,#5811,#5828,#5840,#5862,#5879,#5896,#5908,#5930,
    #5947,#5964,#5976,#5998,#6015,#6032,#6044,#6066,#6083,#6100,#6112,
    #6134,#6151,#6168,#6180,#6202,#6219,#6236,#6248,#6270,#6287,#6304,
    #6316,#6341,#6366,#6391,#6416,#6441,#6461,#6481,#6501,#6521,#6538,
    #6555,#6572));
#17 = ADVANCED_FACE('',(#18),#52,.F.);
#18 = FACE_BOUND('',#19,.F.);
#19 = EDGE_LOOP('',(#20,#30,#38,#46));
#20 = ORIENTED_EDGE('',*,*,#21,.F.);
#21 = EDGE_CURVE('',#22,#24,#26,.T.);
#22 = VERTEX_POINT('',#23);
#23 = CARTESIAN_POINT('',(-1.457,3.593,1.5));
#24 = VERTEX_POINT('',#25);
#25 = CARTESIAN_POINT('',(-1.457,99.794,1.5));
#26 = LINE('',#27,#28);
#27 = CARTESIAN_POINT('',(-1.457,-1.407,1.5));
#28 = VECTOR('',#29,1.);
#29 = DIRECTION('',(-0.,1.,0.));
#30 = ORIENTED_EDGE('',*,*,#31,.F.);
#31 = EDGE_CURVE('',#32,#22,#34,.T.);
#32 = VERTEX_POINT('',#33);
#33 = CARTESIAN_POINT('',(-1.457,3.593,0.));
#34 = LINE('',#35,#36);
#35 = CARTESIAN_POINT('',(-1.457,3.593,0.));
#36 = VECTOR('',#37,1.);
#37 = DIRECTION('',(0.,0.,1.));
#38 = ORIENTED_EDGE('',*,*,#39,.T.);
#39 = EDGE_CURVE('',#32,#40,#42,.T.);
#40 = VERTEX_POINT('',#41);
#41 = CARTESIAN_POINT('',(-1.457,99.794,0.));
#42 = LINE('',#43,#44);
#43 = CARTESIAN_POINT('',(-1.457,-1.407,0.));
#44 = VECTOR('',#45,1.);
#45 = DIRECTION('',(-0.,1.,0.));
#46 = ORIENTED_EDGE('',*,*,#47,.T.);
#47 = EDGE_CURVE('',#40,#24,#48,.T.);
#48 = LINE('',#49,#50);
#49 = CARTESIAN_POINT('',(-1.457,99.794,0.));
#50 = VECTOR('',#51,1.);
#51 = DIRECTION('',(0.,0.,1.));
#52 = PLANE('',#53);
#53 = AXIS2_PLACEMENT_3D('',#54,#55,#56);
#54 = CARTESIAN_POINT('',(-1.457,-1.407,0.));
#55 = DIRECTION('',(1.,0.,-0.));
#56 = DIRECTION('',(0.,0.,1.));
#57 = ADVANCED_FACE('',(#58,#119,#130,#164,#198,#232,#266,#300,#334,#368
    ,#402,#436,#470,#504,#515,#549,#583,#617,#651,#685,#719,#753,#787,
    #821,#855,#889,#923,#957,#991,#1025,#1059,#1093,#1104,#1138,#1172,
    #1206,#1240,#1274,#1308,#1342,#1376,#1410,#1444,#1478,#1512,#1546,
    #1580,#1614),#1625,.T.);
#58 = FACE_BOUND('',#59,.T.);
#59 = EDGE_LOOP('',(#60,#61,#70,#78,#87,#95,#104,#112));
#60 = ORIENTED_EDGE('',*,*,#21,.F.);
#61 = ORIENTED_EDGE('',*,*,#62,.T.);
#62 = EDGE_CURVE('',#22,#63,#65,.T.);
#63 = VERTEX_POINT('',#64);
#64 = CARTESIAN_POINT('',(3.543,-1.407,1.5));
#65 = CIRCLE('',#66,5.);
#66 = AXIS2_PLACEMENT_3D('',#67,#68,#69);
#67 = CARTESIAN_POINT('',(3.543,3.593,1.5));
#68 = DIRECTION('',(0.,0.,1.));
#69 = DIRECTION('',(0.,-1.,0.));
#70 = ORIENTED_EDGE('',*,*,#71,.T.);
#71 = EDGE_CURVE('',#63,#72,#74,.T.);
#72 = VERTEX_POINT('',#73);
#73 = CARTESIAN_POINT('',(194.993,-1.407,1.5));
#74 = LINE('',#75,#76);
#75 = CARTESIAN_POINT('',(-1.457,-1.407,1.5));
#76 = VECTOR('',#77,1.);
#77 = DIRECTION('',(1.,0.,-0.));
#78 = ORIENTED_EDGE('',*,*,#79,.F.);
#79 = EDGE_CURVE('',#80,#72,#82,.T.);
#80 = VERTEX_POINT('',#81);
#81 = CARTESIAN_POINT('',(199.993,3.593,1.5));
#82 = CIRCLE('',#83,5.);
#83 = AXIS2_PLACEMENT_3D('',#84,#85,#86);
#84 = CARTESIAN_POINT('',(194.993,3.593,1.5));
#85 = DIRECTION('',(-0.,-0.,-1.));
#86 = DIRECTION('',(0.,-1.,0.));
#87 = ORIENTED_EDGE('',*,*,#88,.T.);
#88 = EDGE_CURVE('',#80,#89,#91,.T.);
#89 = VERTEX_POINT('',#90);
#90 = CARTESIAN_POINT('',(199.993,99.794,1.5));
#91 = LINE('',#92,#93);
#92 = CARTESIAN_POINT('',(199.993,-1.407,1.5));
#93 = VECTOR('',#94,1.);
#94 = DIRECTION('',(-0.,1.,0.));
#95 = ORIENTED_EDGE('',*,*,#96,.T.);
#96 = EDGE_CURVE('',#89,#97,#99,.T.);
#97 = VERTEX_POINT('',#98);
#98 = CARTESIAN_POINT('',(194.993,104.794,1.5));
#99 = CIRCLE('',#100,5.);
#100 = AXIS2_PLACEMENT_3D('',#101,#102,#103);
#101 = CARTESIAN_POINT('',(194.993,99.794,1.5));
#102 = DIRECTION('',(0.,0.,1.));
#103 = DIRECTION('',(0.,-1.,0.));
#104 = ORIENTED_EDGE('',*,*,#105,.F.);
#105 = EDGE_CURVE('',#106,#97,#108,.T.);
#106 = VERTEX_POINT('',#107);
#107 = CARTESIAN_POINT('',(3.543,104.794,1.5));
#108 = LINE('',#109,#110);
#109 = CARTESIAN_POINT('',(-1.457,104.794,1.5));
#110 = VECTOR('',#111,1.);
#111 = DIRECTION('',(1.,0.,-0.));
#112 = ORIENTED_EDGE('',*,*,#113,.F.);
#113 = EDGE_CURVE('',#24,#106,#114,.T.);
#114 = CIRCLE('',#115,5.);
#115 = AXIS2_PLACEMENT_3D('',#116,#117,#118);
#116 = CARTESIAN_POINT('',(3.543,99.794,1.5));
#117 = DIRECTION('',(-0.,-0.,-1.));
#118 = DIRECTION('',(0.,-1.,0.));
#119 = FACE_BOUND('',#120,.T.);
#120 = EDGE_LOOP('',(#121));
#121 = ORIENTED_EDGE('',*,*,#122,.F.);
#122 = EDGE_CURVE('',#123,#123,#125,.T.);
#123 = VERTEX_POINT('',#124);
#124 = CARTESIAN_POINT('',(6.06808483617,3.018851917704,1.5));
#125 = CIRCLE('',#126,3.1);
#126 = AXIS2_PLACEMENT_3D('',#127,#128,#129);
#127 = CARTESIAN_POINT('',(2.96808483617,3.018851917704,1.5));
#128 = DIRECTION('',(0.,0.,1.));
#129 = DIRECTION('',(1.,0.,-0.));
#130 = FACE_BOUND('',#131,.T.);
#131 = EDGE_LOOP('',(#132,#142,#150,#158));
#132 = ORIENTED_EDGE('',*,*,#133,.T.);
#133 = EDGE_CURVE('',#134,#136,#138,.T.);
#134 = VERTEX_POINT('',#135);
#135 = CARTESIAN_POINT('',(25.251,20.649,1.5));
#136 = VERTEX_POINT('',#137);
#137 = CARTESIAN_POINT('',(25.251,6.649,1.5));
#138 = LINE('',#139,#140);
#139 = CARTESIAN_POINT('',(25.251,2.621,1.5));
#140 = VECTOR('',#141,1.);
#141 = DIRECTION('',(0.,-1.,0.));
#142 = ORIENTED_EDGE('',*,*,#143,.T.);
#143 = EDGE_CURVE('',#136,#144,#146,.T.);
#144 = VERTEX_POINT('',#145);
#145 = CARTESIAN_POINT('',(11.251,6.649,1.5));
#146 = LINE('',#147,#148);
#147 = CARTESIAN_POINT('',(4.897,6.649,1.5));
#148 = VECTOR('',#149,1.);
#149 = DIRECTION('',(-1.,0.,0.));
#150 = ORIENTED_EDGE('',*,*,#151,.T.);
#151 = EDGE_CURVE('',#144,#152,#154,.T.);
#152 = VERTEX_POINT('',#153);
#153 = CARTESIAN_POINT('',(11.251,20.649,1.5));
#154 = LINE('',#155,#156);
#155 = CARTESIAN_POINT('',(11.251,9.621,1.5));
#156 = VECTOR('',#157,1.);
#157 = DIRECTION('',(-0.,1.,0.));
#158 = ORIENTED_EDGE('',*,*,#159,.T.);
#159 = EDGE_CURVE('',#152,#134,#160,.T.);
#160 = LINE('',#161,#162);
#161 = CARTESIAN_POINT('',(11.897,20.649,1.5));
#162 = VECTOR('',#163,1.);
#163 = DIRECTION('',(1.,0.,-0.));
#164 = FACE_BOUND('',#165,.T.);
#165 = EDGE_LOOP('',(#166,#176,#184,#192));
#166 = ORIENTED_EDGE('',*,*,#167,.T.);
#167 = EDGE_CURVE('',#168,#170,#172,.T.);
#168 = VERTEX_POINT('',#169);
#169 = CARTESIAN_POINT('',(61.024,20.593,1.5));
#170 = VERTEX_POINT('',#171);
#171 = CARTESIAN_POINT('',(61.024,6.593,1.5));
#172 = LINE('',#173,#174);
#173 = CARTESIAN_POINT('',(61.024,2.593,1.5));
#174 = VECTOR('',#175,1.);
#175 = DIRECTION('',(0.,-1.,0.));
#176 = ORIENTED_EDGE('',*,*,#177,.T.);
#177 = EDGE_CURVE('',#170,#178,#180,.T.);
#178 = VERTEX_POINT('',#179);
#179 = CARTESIAN_POINT('',(47.024,6.593,1.5));
#180 = LINE('',#181,#182);
#181 = CARTESIAN_POINT('',(22.7835,6.593,1.5));
#182 = VECTOR('',#183,1.);
#183 = DIRECTION('',(-1.,0.,0.));
#184 = ORIENTED_EDGE('',*,*,#185,.T.);
#185 = EDGE_CURVE('',#178,#186,#188,.T.);
#186 = VERTEX_POINT('',#187);
#187 = CARTESIAN_POINT('',(47.024,20.593,1.5));
#188 = LINE('',#189,#190);
#189 = CARTESIAN_POINT('',(47.024,9.593,1.5));
#190 = VECTOR('',#191,1.);
#191 = DIRECTION('',(-0.,1.,0.));
#192 = ORIENTED_EDGE('',*,*,#193,.T.);
#193 = EDGE_CURVE('',#186,#168,#194,.T.);
#194 = LINE('',#195,#196);
#195 = CARTESIAN_POINT('',(29.7835,20.593,1.5));
#196 = VECTOR('',#197,1.);
#197 = DIRECTION('',(1.,0.,-0.));
#198 = FACE_BOUND('',#199,.T.);
#199 = EDGE_LOOP('',(#200,#210,#218,#226));
#200 = ORIENTED_EDGE('',*,*,#201,.T.);
#201 = EDGE_CURVE('',#202,#204,#206,.T.);
#202 = VERTEX_POINT('',#203);
#203 = CARTESIAN_POINT('',(96.744,20.638,1.5));
#204 = VERTEX_POINT('',#205);
#205 = CARTESIAN_POINT('',(96.744,6.638,1.5));
#206 = LINE('',#207,#208);
#207 = CARTESIAN_POINT('',(96.744,2.6155,1.5));
#208 = VECTOR('',#209,1.);
#209 = DIRECTION('',(0.,-1.,0.));
#210 = ORIENTED_EDGE('',*,*,#211,.T.);
#211 = EDGE_CURVE('',#204,#212,#214,.T.);
#212 = VERTEX_POINT('',#213);
#213 = CARTESIAN_POINT('',(82.744,6.638,1.5));
#214 = LINE('',#215,#216);
#215 = CARTESIAN_POINT('',(40.6435,6.638,1.5));
#216 = VECTOR('',#217,1.);
#217 = DIRECTION('',(-1.,0.,0.));
#218 = ORIENTED_EDGE('',*,*,#219,.T.);
#219 = EDGE_CURVE('',#212,#220,#222,.T.);
#220 = VERTEX_POINT('',#221);
#221 = CARTESIAN_POINT('',(82.744,20.638,1.5));
#222 = LINE('',#223,#224);
#223 = CARTESIAN_POINT('',(82.744,9.6155,1.5));
#224 = VECTOR('',#225,1.);
#225 = DIRECTION('',(-0.,1.,0.));
#226 = ORIENTED_EDGE('',*,*,#227,.T.);
#227 = EDGE_CURVE('',#220,#202,#228,.T.);
#228 = LINE('',#229,#230);
#229 = CARTESIAN_POINT('',(47.6435,20.638,1.5));
#230 = VECTOR('',#231,1.);
#231 = DIRECTION('',(1.,0.,-0.));
#232 = FACE_BOUND('',#233,.T.);
#233 = EDGE_LOOP('',(#234,#244,#252,#260));
#234 = ORIENTED_EDGE('',*,*,#235,.T.);
#235 = EDGE_CURVE('',#236,#238,#240,.T.);
#236 = VERTEX_POINT('',#237);
#237 = CARTESIAN_POINT('',(25.305,39.644,1.5));
#238 = VERTEX_POINT('',#239);
#239 = CARTESIAN_POINT('',(25.305,25.644,1.5));
#240 = LINE('',#241,#242);
#241 = CARTESIAN_POINT('',(25.305,12.1185,1.5));
#242 = VECTOR('',#243,1.);
#243 = DIRECTION('',(0.,-1.,0.));
#244 = ORIENTED_EDGE('',*,*,#245,.T.);
#245 = EDGE_CURVE('',#238,#246,#248,.T.);
#246 = VERTEX_POINT('',#247);
#247 = CARTESIAN_POINT('',(11.305,25.644,1.5));
#248 = LINE('',#249,#250);
#249 = CARTESIAN_POINT('',(4.924,25.644,1.5));
#250 = VECTOR('',#251,1.);
#251 = DIRECTION('',(-1.,0.,0.));
#252 = ORIENTED_EDGE('',*,*,#253,.T.);
#253 = EDGE_CURVE('',#246,#254,#256,.T.);
#254 = VERTEX_POINT('',#255);
#255 = CARTESIAN_POINT('',(11.305,39.644,1.5));
#256 = LINE('',#257,#258);
#257 = CARTESIAN_POINT('',(11.305,19.1185,1.5));
#258 = VECTOR('',#259,1.);
#259 = DIRECTION('',(-0.,1.,0.));
#260 = ORIENTED_EDGE('',*,*,#261,.T.);
#261 = EDGE_CURVE('',#254,#236,#262,.T.);
#262 = LINE('',#263,#264);
#263 = CARTESIAN_POINT('',(11.924,39.644,1.5));
#264 = VECTOR('',#265,1.);
#265 = DIRECTION('',(1.,0.,-0.));
#266 = FACE_BOUND('',#267,.T.);
#267 = EDGE_LOOP('',(#268,#278,#286,#294));
#268 = ORIENTED_EDGE('',*,*,#269,.T.);
#269 = EDGE_CURVE('',#270,#272,#274,.T.);
#270 = VERTEX_POINT('',#271);
#271 = CARTESIAN_POINT('',(44.355,39.644,1.5));
#272 = VERTEX_POINT('',#273);
#273 = CARTESIAN_POINT('',(44.355,25.644,1.5));
#274 = LINE('',#275,#276);
#275 = CARTESIAN_POINT('',(44.355,12.1185,1.5));
#276 = VECTOR('',#277,1.);
#277 = DIRECTION('',(0.,-1.,0.));
#278 = ORIENTED_EDGE('',*,*,#279,.T.);
#279 = EDGE_CURVE('',#272,#280,#282,.T.);
#280 = VERTEX_POINT('',#281);
#281 = CARTESIAN_POINT('',(30.355,25.644,1.5));
#282 = LINE('',#283,#284);
#283 = CARTESIAN_POINT('',(14.449,25.644,1.5));
#284 = VECTOR('',#285,1.);
#285 = DIRECTION('',(-1.,0.,0.));
#286 = ORIENTED_EDGE('',*,*,#287,.T.);
#287 = EDGE_CURVE('',#280,#288,#290,.T.);
#288 = VERTEX_POINT('',#289);
#289 = CARTESIAN_POINT('',(30.355,39.644,1.5));
#290 = LINE('',#291,#292);
#291 = CARTESIAN_POINT('',(30.355,19.1185,1.5));
#292 = VECTOR('',#293,1.);
#293 = DIRECTION('',(-0.,1.,0.));
#294 = ORIENTED_EDGE('',*,*,#295,.T.);
#295 = EDGE_CURVE('',#288,#270,#296,.T.);
#296 = LINE('',#297,#298);
#297 = CARTESIAN_POINT('',(21.449,39.644,1.5));
#298 = VECTOR('',#299,1.);
#299 = DIRECTION('',(1.,0.,-0.));
#300 = FACE_BOUND('',#301,.T.);
#301 = EDGE_LOOP('',(#302,#312,#320,#328));
#302 = ORIENTED_EDGE('',*,*,#303,.T.);
#303 = EDGE_CURVE('',#304,#306,#308,.T.);
#304 = VERTEX_POINT('',#305);
#305 = CARTESIAN_POINT('',(63.406,39.644,1.5));
#306 = VERTEX_POINT('',#307);
#307 = CARTESIAN_POINT('',(63.406,25.644,1.5));
#308 = LINE('',#309,#310);
#309 = CARTESIAN_POINT('',(63.406,12.1185,1.5));
#310 = VECTOR('',#311,1.);
#311 = DIRECTION('',(0.,-1.,0.));
#312 = ORIENTED_EDGE('',*,*,#313,.T.);
#313 = EDGE_CURVE('',#306,#314,#316,.T.);
#314 = VERTEX_POINT('',#315);
#315 = CARTESIAN_POINT('',(49.406,25.644,1.5));
#316 = LINE('',#317,#318);
#317 = CARTESIAN_POINT('',(23.9745,25.644,1.5));
#318 = VECTOR('',#319,1.);
#319 = DIRECTION('',(-1.,0.,0.));
#320 = ORIENTED_EDGE('',*,*,#321,.T.);
#321 = EDGE_CURVE('',#314,#322,#324,.T.);
#322 = VERTEX_POINT('',#323);
#323 = CARTESIAN_POINT('',(49.406,39.644,1.5));
#324 = LINE('',#325,#326);
#325 = CARTESIAN_POINT('',(49.406,19.1185,1.5));
#326 = VECTOR('',#327,1.);
#327 = DIRECTION('',(-0.,1.,0.));
#328 = ORIENTED_EDGE('',*,*,#329,.T.);
#329 = EDGE_CURVE('',#322,#304,#330,.T.);
#330 = LINE('',#331,#332);
#331 = CARTESIAN_POINT('',(30.9745,39.644,1.5));
#332 = VECTOR('',#333,1.);
#333 = DIRECTION('',(1.,0.,-0.));
#334 = FACE_BOUND('',#335,.T.);
#335 = EDGE_LOOP('',(#336,#346,#354,#362));
#336 = ORIENTED_EDGE('',*,*,#337,.T.);
#337 = EDGE_CURVE('',#338,#340,#342,.T.);
#338 = VERTEX_POINT('',#339);
#339 = CARTESIAN_POINT('',(82.456,39.644,1.5));
#340 = VERTEX_POINT('',#341);
#341 = CARTESIAN_POINT('',(82.456,25.644,1.5));
#342 = LINE('',#343,#344);
#343 = CARTESIAN_POINT('',(82.456,12.1185,1.5));
#344 = VECTOR('',#345,1.);
#345 = DIRECTION('',(0.,-1.,0.));
#346 = ORIENTED_EDGE('',*,*,#347,.T.);
#347 = EDGE_CURVE('',#340,#348,#350,.T.);
#348 = VERTEX_POINT('',#349);
#349 = CARTESIAN_POINT('',(68.456,25.644,1.5));
#350 = LINE('',#351,#352);
#351 = CARTESIAN_POINT('',(33.4995,25.644,1.5));
#352 = VECTOR('',#353,1.);
#353 = DIRECTION('',(-1.,0.,0.));
#354 = ORIENTED_EDGE('',*,*,#355,.T.);
#355 = EDGE_CURVE('',#348,#356,#358,.T.);
#356 = VERTEX_POINT('',#357);
#357 = CARTESIAN_POINT('',(68.456,39.644,1.5));
#358 = LINE('',#359,#360);
#359 = CARTESIAN_POINT('',(68.456,19.1185,1.5));
#360 = VECTOR('',#361,1.);
#361 = DIRECTION('',(-0.,1.,0.));
#362 = ORIENTED_EDGE('',*,*,#363,.T.);
#363 = EDGE_CURVE('',#356,#338,#364,.T.);
#364 = LINE('',#365,#366);
#365 = CARTESIAN_POINT('',(40.4995,39.644,1.5));
#366 = VECTOR('',#367,1.);
#367 = DIRECTION('',(1.,0.,-0.));
#368 = FACE_BOUND('',#369,.T.);
#369 = EDGE_LOOP('',(#370,#380,#388,#396));
#370 = ORIENTED_EDGE('',*,*,#371,.T.);
#371 = EDGE_CURVE('',#372,#374,#376,.T.);
#372 = VERTEX_POINT('',#373);
#373 = CARTESIAN_POINT('',(101.506,39.644,1.5));
#374 = VERTEX_POINT('',#375);
#375 = CARTESIAN_POINT('',(101.506,25.644,1.5));
#376 = LINE('',#377,#378);
#377 = CARTESIAN_POINT('',(101.506,12.1185,1.5));
#378 = VECTOR('',#379,1.);
#379 = DIRECTION('',(0.,-1.,0.));
#380 = ORIENTED_EDGE('',*,*,#381,.T.);
#381 = EDGE_CURVE('',#374,#382,#384,.T.);
#382 = VERTEX_POINT('',#383);
#383 = CARTESIAN_POINT('',(87.506,25.644,1.5));
#384 = LINE('',#385,#386);
#385 = CARTESIAN_POINT('',(43.0245,25.644,1.5));
#386 = VECTOR('',#387,1.);
#387 = DIRECTION('',(-1.,0.,0.));
#388 = ORIENTED_EDGE('',*,*,#389,.T.);
#389 = EDGE_CURVE('',#382,#390,#392,.T.);
#390 = VERTEX_POINT('',#391);
#391 = CARTESIAN_POINT('',(87.506,39.644,1.5));
#392 = LINE('',#393,#394);
#393 = CARTESIAN_POINT('',(87.506,19.1185,1.5));
#394 = VECTOR('',#395,1.);
#395 = DIRECTION('',(-0.,1.,0.));
#396 = ORIENTED_EDGE('',*,*,#397,.T.);
#397 = EDGE_CURVE('',#390,#372,#398,.T.);
#398 = LINE('',#399,#400);
#399 = CARTESIAN_POINT('',(50.0245,39.644,1.5));
#400 = VECTOR('',#401,1.);
#401 = DIRECTION('',(1.,0.,-0.));
#402 = FACE_BOUND('',#403,.T.);
#403 = EDGE_LOOP('',(#404,#414,#422,#430));
#404 = ORIENTED_EDGE('',*,*,#405,.T.);
#405 = EDGE_CURVE('',#406,#408,#410,.T.);
#406 = VERTEX_POINT('',#407);
#407 = CARTESIAN_POINT('',(115.785,20.638,1.5));
#408 = VERTEX_POINT('',#409);
#409 = CARTESIAN_POINT('',(115.785,6.638,1.5));
#410 = LINE('',#411,#412);
#411 = CARTESIAN_POINT('',(115.785,2.6155,1.5));
#412 = VECTOR('',#413,1.);
#413 = DIRECTION('',(0.,-1.,0.));
#414 = ORIENTED_EDGE('',*,*,#415,.T.);
#415 = EDGE_CURVE('',#408,#416,#418,.T.);
#416 = VERTEX_POINT('',#417);
#417 = CARTESIAN_POINT('',(101.785,6.638,1.5));
#418 = LINE('',#419,#420);
#419 = CARTESIAN_POINT('',(50.164,6.638,1.5));
#420 = VECTOR('',#421,1.);
#421 = DIRECTION('',(-1.,0.,0.));
#422 = ORIENTED_EDGE('',*,*,#423,.T.);
#423 = EDGE_CURVE('',#416,#424,#426,.T.);
#424 = VERTEX_POINT('',#425);
#425 = CARTESIAN_POINT('',(101.785,20.638,1.5));
#426 = LINE('',#427,#428);
#427 = CARTESIAN_POINT('',(101.785,9.6155,1.5));
#428 = VECTOR('',#429,1.);
#429 = DIRECTION('',(-0.,1.,0.));
#430 = ORIENTED_EDGE('',*,*,#431,.T.);
#431 = EDGE_CURVE('',#424,#406,#432,.T.);
#432 = LINE('',#433,#434);
#433 = CARTESIAN_POINT('',(57.164,20.638,1.5));
#434 = VECTOR('',#435,1.);
#435 = DIRECTION('',(1.,0.,-0.));
#436 = FACE_BOUND('',#437,.T.);
#437 = EDGE_LOOP('',(#438,#448,#456,#464));
#438 = ORIENTED_EDGE('',*,*,#439,.T.);
#439 = EDGE_CURVE('',#440,#442,#444,.T.);
#440 = VERTEX_POINT('',#441);
#441 = CARTESIAN_POINT('',(134.826,20.638,1.5));
#442 = VERTEX_POINT('',#443);
#443 = CARTESIAN_POINT('',(134.826,6.638,1.5));
#444 = LINE('',#445,#446);
#445 = CARTESIAN_POINT('',(134.826,2.6155,1.5));
#446 = VECTOR('',#447,1.);
#447 = DIRECTION('',(0.,-1.,0.));
#448 = ORIENTED_EDGE('',*,*,#449,.T.);
#449 = EDGE_CURVE('',#442,#450,#452,.T.);
#450 = VERTEX_POINT('',#451);
#451 = CARTESIAN_POINT('',(120.826,6.638,1.5));
#452 = LINE('',#453,#454);
#453 = CARTESIAN_POINT('',(59.6845,6.638,1.5));
#454 = VECTOR('',#455,1.);
#455 = DIRECTION('',(-1.,0.,0.));
#456 = ORIENTED_EDGE('',*,*,#457,.T.);
#457 = EDGE_CURVE('',#450,#458,#460,.T.);
#458 = VERTEX_POINT('',#459);
#459 = CARTESIAN_POINT('',(120.826,20.638,1.5));
#460 = LINE('',#461,#462);
#461 = CARTESIAN_POINT('',(120.826,9.6155,1.5));
#462 = VECTOR('',#463,1.);
#463 = DIRECTION('',(-0.,1.,0.));
#464 = ORIENTED_EDGE('',*,*,#465,.T.);
#465 = EDGE_CURVE('',#458,#440,#466,.T.);
#466 = LINE('',#467,#468);
#467 = CARTESIAN_POINT('',(66.6845,20.638,1.5));
#468 = VECTOR('',#469,1.);
#469 = DIRECTION('',(1.,0.,-0.));
#470 = FACE_BOUND('',#471,.T.);
#471 = EDGE_LOOP('',(#472,#482,#490,#498));
#472 = ORIENTED_EDGE('',*,*,#473,.T.);
#473 = EDGE_CURVE('',#474,#476,#478,.T.);
#474 = VERTEX_POINT('',#475);
#475 = CARTESIAN_POINT('',(153.867,20.638,1.5));
#476 = VERTEX_POINT('',#477);
#477 = CARTESIAN_POINT('',(153.867,6.638,1.5));
#478 = LINE('',#479,#480);
#479 = CARTESIAN_POINT('',(153.867,2.6155,1.5));
#480 = VECTOR('',#481,1.);
#481 = DIRECTION('',(0.,-1.,0.));
#482 = ORIENTED_EDGE('',*,*,#483,.T.);
#483 = EDGE_CURVE('',#476,#484,#486,.T.);
#484 = VERTEX_POINT('',#485);
#485 = CARTESIAN_POINT('',(139.867,6.638,1.5));
#486 = LINE('',#487,#488);
#487 = CARTESIAN_POINT('',(69.205,6.638,1.5));
#488 = VECTOR('',#489,1.);
#489 = DIRECTION('',(-1.,0.,0.));
#490 = ORIENTED_EDGE('',*,*,#491,.T.);
#491 = EDGE_CURVE('',#484,#492,#494,.T.);
#492 = VERTEX_POINT('',#493);
#493 = CARTESIAN_POINT('',(139.867,20.638,1.5));
#494 = LINE('',#495,#496);
#495 = CARTESIAN_POINT('',(139.867,9.6155,1.5));
#496 = VECTOR('',#497,1.);
#497 = DIRECTION('',(-0.,1.,0.));
#498 = ORIENTED_EDGE('',*,*,#499,.T.);
#499 = EDGE_CURVE('',#492,#474,#500,.T.);
#500 = LINE('',#501,#502);
#501 = CARTESIAN_POINT('',(76.205,20.638,1.5));
#502 = VECTOR('',#503,1.);
#503 = DIRECTION('',(1.,0.,-0.));
#504 = FACE_BOUND('',#505,.T.);
#505 = EDGE_LOOP('',(#506));
#506 = ORIENTED_EDGE('',*,*,#507,.F.);
#507 = EDGE_CURVE('',#508,#508,#510,.T.);
#508 = VERTEX_POINT('',#509);
#509 = CARTESIAN_POINT('',(198.66839725679,3.018851917704,1.5));
#510 = CIRCLE('',#511,3.1);
#511 = AXIS2_PLACEMENT_3D('',#512,#513,#514);
#512 = CARTESIAN_POINT('',(195.56839725679,3.018851917704,1.5));
#513 = DIRECTION('',(0.,0.,1.));
#514 = DIRECTION('',(1.,0.,-0.));
#515 = FACE_BOUND('',#516,.T.);
#516 = EDGE_LOOP('',(#517,#527,#535,#543));
#517 = ORIENTED_EDGE('',*,*,#518,.T.);
#518 = EDGE_CURVE('',#519,#521,#523,.T.);
#519 = VERTEX_POINT('',#520);
#520 = CARTESIAN_POINT('',(172.908,20.638,1.5));
#521 = VERTEX_POINT('',#522);
#522 = CARTESIAN_POINT('',(172.908,6.638,1.5));
#523 = LINE('',#524,#525);
#524 = CARTESIAN_POINT('',(172.908,2.6155,1.5));
#525 = VECTOR('',#526,1.);
#526 = DIRECTION('',(0.,-1.,0.));
#527 = ORIENTED_EDGE('',*,*,#528,.T.);
#528 = EDGE_CURVE('',#521,#529,#531,.T.);
#529 = VERTEX_POINT('',#530);
#530 = CARTESIAN_POINT('',(158.908,6.638,1.5));
#531 = LINE('',#532,#533);
#532 = CARTESIAN_POINT('',(78.7255,6.638,1.5));
#533 = VECTOR('',#534,1.);
#534 = DIRECTION('',(-1.,0.,0.));
#535 = ORIENTED_EDGE('',*,*,#536,.T.);
#536 = EDGE_CURVE('',#529,#537,#539,.T.);
#537 = VERTEX_POINT('',#538);
#538 = CARTESIAN_POINT('',(158.908,20.638,1.5));
#539 = LINE('',#540,#541);
#540 = CARTESIAN_POINT('',(158.908,9.6155,1.5));
#541 = VECTOR('',#542,1.);
#542 = DIRECTION('',(-0.,1.,0.));
#543 = ORIENTED_EDGE('',*,*,#544,.T.);
#544 = EDGE_CURVE('',#537,#519,#545,.T.);
#545 = LINE('',#546,#547);
#546 = CARTESIAN_POINT('',(85.7255,20.638,1.5));
#547 = VECTOR('',#548,1.);
#548 = DIRECTION('',(1.,0.,-0.));
#549 = FACE_BOUND('',#550,.T.);
#550 = EDGE_LOOP('',(#551,#561,#569,#577));
#551 = ORIENTED_EDGE('',*,*,#552,.T.);
#552 = EDGE_CURVE('',#553,#555,#557,.T.);
#553 = VERTEX_POINT('',#554);
#554 = CARTESIAN_POINT('',(191.949,20.638,1.5));
#555 = VERTEX_POINT('',#556);
#556 = CARTESIAN_POINT('',(191.949,6.638,1.5));
#557 = LINE('',#558,#559);
#558 = CARTESIAN_POINT('',(191.949,2.6155,1.5));
#559 = VECTOR('',#560,1.);
#560 = DIRECTION('',(0.,-1.,0.));
#561 = ORIENTED_EDGE('',*,*,#562,.T.);
#562 = EDGE_CURVE('',#555,#563,#565,.T.);
#563 = VERTEX_POINT('',#564);
#564 = CARTESIAN_POINT('',(177.949,6.638,1.5));
#565 = LINE('',#566,#567);
#566 = CARTESIAN_POINT('',(88.246,6.638,1.5));
#567 = VECTOR('',#568,1.);
#568 = DIRECTION('',(-1.,0.,0.));
#569 = ORIENTED_EDGE('',*,*,#570,.T.);
#570 = EDGE_CURVE('',#563,#571,#573,.T.);
#571 = VERTEX_POINT('',#572);
#572 = CARTESIAN_POINT('',(177.949,20.638,1.5));
#573 = LINE('',#574,#575);
#574 = CARTESIAN_POINT('',(177.949,9.6155,1.5));
#575 = VECTOR('',#576,1.);
#576 = DIRECTION('',(-0.,1.,0.));
#577 = ORIENTED_EDGE('',*,*,#578,.T.);
#578 = EDGE_CURVE('',#571,#553,#579,.T.);
#579 = LINE('',#580,#581);
#580 = CARTESIAN_POINT('',(95.246,20.638,1.5));
#581 = VECTOR('',#582,1.);
#582 = DIRECTION('',(1.,0.,-0.));
#583 = FACE_BOUND('',#584,.T.);
#584 = EDGE_LOOP('',(#585,#595,#603,#611));
#585 = ORIENTED_EDGE('',*,*,#586,.T.);
#586 = EDGE_CURVE('',#587,#589,#591,.T.);
#587 = VERTEX_POINT('',#588);
#588 = CARTESIAN_POINT('',(120.556,39.644,1.5));
#589 = VERTEX_POINT('',#590);
#590 = CARTESIAN_POINT('',(120.556,25.644,1.5));
#591 = LINE('',#592,#593);
#592 = CARTESIAN_POINT('',(120.556,12.1185,1.5));
#593 = VECTOR('',#594,1.);
#594 = DIRECTION('',(0.,-1.,0.));
#595 = ORIENTED_EDGE('',*,*,#596,.T.);
#596 = EDGE_CURVE('',#589,#597,#599,.T.);
#597 = VERTEX_POINT('',#598);
#598 = CARTESIAN_POINT('',(106.556,25.644,1.5));
#599 = LINE('',#600,#601);
#600 = CARTESIAN_POINT('',(52.5495,25.644,1.5));
#601 = VECTOR('',#602,1.);
#602 = DIRECTION('',(-1.,0.,0.));
#603 = ORIENTED_EDGE('',*,*,#604,.T.);
#604 = EDGE_CURVE('',#597,#605,#607,.T.);
#605 = VERTEX_POINT('',#606);
#606 = CARTESIAN_POINT('',(106.556,39.644,1.5));
#607 = LINE('',#608,#609);
#608 = CARTESIAN_POINT('',(106.556,19.1185,1.5));
#609 = VECTOR('',#610,1.);
#610 = DIRECTION('',(-0.,1.,0.));
#611 = ORIENTED_EDGE('',*,*,#612,.T.);
#612 = EDGE_CURVE('',#605,#587,#613,.T.);
#613 = LINE('',#614,#615);
#614 = CARTESIAN_POINT('',(59.5495,39.644,1.5));
#615 = VECTOR('',#616,1.);
#616 = DIRECTION('',(1.,0.,-0.));
#617 = FACE_BOUND('',#618,.T.);
#618 = EDGE_LOOP('',(#619,#629,#637,#645));
#619 = ORIENTED_EDGE('',*,*,#620,.T.);
#620 = EDGE_CURVE('',#621,#623,#625,.T.);
#621 = VERTEX_POINT('',#622);
#622 = CARTESIAN_POINT('',(146.771,39.666,1.5));
#623 = VERTEX_POINT('',#624);
#624 = CARTESIAN_POINT('',(146.771,25.666,1.5));
#625 = LINE('',#626,#627);
#626 = CARTESIAN_POINT('',(146.771,12.1295,1.5));
#627 = VECTOR('',#628,1.);
#628 = DIRECTION('',(0.,-1.,0.));
#629 = ORIENTED_EDGE('',*,*,#630,.T.);
#630 = EDGE_CURVE('',#623,#631,#633,.T.);
#631 = VERTEX_POINT('',#632);
#632 = CARTESIAN_POINT('',(132.771,25.666,1.5));
#633 = LINE('',#634,#635);
#634 = CARTESIAN_POINT('',(65.657,25.666,1.5));
#635 = VECTOR('',#636,1.);
#636 = DIRECTION('',(-1.,0.,0.));
#637 = ORIENTED_EDGE('',*,*,#638,.T.);
#638 = EDGE_CURVE('',#631,#639,#641,.T.);
#639 = VERTEX_POINT('',#640);
#640 = CARTESIAN_POINT('',(132.771,39.666,1.5));
#641 = LINE('',#642,#643);
#642 = CARTESIAN_POINT('',(132.771,19.1295,1.5));
#643 = VECTOR('',#644,1.);
#644 = DIRECTION('',(-0.,1.,0.));
#645 = ORIENTED_EDGE('',*,*,#646,.T.);
#646 = EDGE_CURVE('',#639,#621,#647,.T.);
#647 = LINE('',#648,#649);
#648 = CARTESIAN_POINT('',(72.657,39.666,1.5));
#649 = VECTOR('',#650,1.);
#650 = DIRECTION('',(1.,0.,-0.));
#651 = FACE_BOUND('',#652,.T.);
#652 = EDGE_LOOP('',(#653,#663,#671,#679));
#653 = ORIENTED_EDGE('',*,*,#654,.T.);
#654 = EDGE_CURVE('',#655,#657,#659,.T.);
#655 = VERTEX_POINT('',#656);
#656 = CARTESIAN_POINT('',(172.92,39.667,1.5));
#657 = VERTEX_POINT('',#658);
#658 = CARTESIAN_POINT('',(172.92,25.667,1.5));
#659 = LINE('',#660,#661);
#660 = CARTESIAN_POINT('',(172.92,12.13,1.5));
#661 = VECTOR('',#662,1.);
#662 = DIRECTION('',(0.,-1.,0.));
#663 = ORIENTED_EDGE('',*,*,#664,.T.);
#664 = EDGE_CURVE('',#657,#665,#667,.T.);
#665 = VERTEX_POINT('',#666);
#666 = CARTESIAN_POINT('',(158.92,25.667,1.5));
#667 = LINE('',#668,#669);
#668 = CARTESIAN_POINT('',(78.7315,25.667,1.5));
#669 = VECTOR('',#670,1.);
#670 = DIRECTION('',(-1.,0.,0.));
#671 = ORIENTED_EDGE('',*,*,#672,.T.);
#672 = EDGE_CURVE('',#665,#673,#675,.T.);
#673 = VERTEX_POINT('',#674);
#674 = CARTESIAN_POINT('',(158.92,39.667,1.5));
#675 = LINE('',#676,#677);
#676 = CARTESIAN_POINT('',(158.92,19.13,1.5));
#677 = VECTOR('',#678,1.);
#678 = DIRECTION('',(-0.,1.,0.));
#679 = ORIENTED_EDGE('',*,*,#680,.T.);
#680 = EDGE_CURVE('',#673,#655,#681,.T.);
#681 = LINE('',#682,#683);
#682 = CARTESIAN_POINT('',(85.7315,39.667,1.5));
#683 = VECTOR('',#684,1.);
#684 = DIRECTION('',(1.,0.,-0.));
#685 = FACE_BOUND('',#686,.T.);
#686 = EDGE_LOOP('',(#687,#697,#705,#713));
#687 = ORIENTED_EDGE('',*,*,#688,.T.);
#688 = EDGE_CURVE('',#689,#691,#693,.T.);
#689 = VERTEX_POINT('',#690);
#690 = CARTESIAN_POINT('',(191.993,39.644,1.5));
#691 = VERTEX_POINT('',#692);
#692 = CARTESIAN_POINT('',(191.993,25.644,1.5));
#693 = LINE('',#694,#695);
#694 = CARTESIAN_POINT('',(191.993,12.1185,1.5));
#695 = VECTOR('',#696,1.);
#696 = DIRECTION('',(0.,-1.,0.));
#697 = ORIENTED_EDGE('',*,*,#698,.T.);
#698 = EDGE_CURVE('',#691,#699,#701,.T.);
#699 = VERTEX_POINT('',#700);
#700 = CARTESIAN_POINT('',(177.993,25.644,1.5));
#701 = LINE('',#702,#703);
#702 = CARTESIAN_POINT('',(88.268,25.644,1.5));
#703 = VECTOR('',#704,1.);
#704 = DIRECTION('',(-1.,0.,0.));
#705 = ORIENTED_EDGE('',*,*,#706,.T.);
#706 = EDGE_CURVE('',#699,#707,#709,.T.);
#707 = VERTEX_POINT('',#708);
#708 = CARTESIAN_POINT('',(177.993,39.644,1.5));
#709 = LINE('',#710,#711);
#710 = CARTESIAN_POINT('',(177.993,19.1185,1.5));
#711 = VECTOR('',#712,1.);
#712 = DIRECTION('',(-0.,1.,0.));
#713 = ORIENTED_EDGE('',*,*,#714,.T.);
#714 = EDGE_CURVE('',#707,#689,#715,.T.);
#715 = LINE('',#716,#717);
#716 = CARTESIAN_POINT('',(95.268,39.644,1.5));
#717 = VECTOR('',#718,1.);
#718 = DIRECTION('',(1.,0.,-0.));
#719 = FACE_BOUND('',#720,.T.);
#720 = EDGE_LOOP('',(#721,#731,#739,#747));
#721 = ORIENTED_EDGE('',*,*,#722,.T.);
#722 = EDGE_CURVE('',#723,#725,#727,.T.);
#723 = VERTEX_POINT('',#724);
#724 = CARTESIAN_POINT('',(161.036,58.693,1.5));
#725 = VERTEX_POINT('',#726);
#726 = CARTESIAN_POINT('',(161.036,44.693,1.5));
#727 = LINE('',#728,#729);
#728 = CARTESIAN_POINT('',(161.036,21.643,1.5));
#729 = VECTOR('',#730,1.);
#730 = DIRECTION('',(0.,-1.,0.));
#731 = ORIENTED_EDGE('',*,*,#732,.T.);
#732 = EDGE_CURVE('',#725,#733,#735,.T.);
#733 = VERTEX_POINT('',#734);
#734 = CARTESIAN_POINT('',(147.036,44.693,1.5));
#735 = LINE('',#736,#737);
#736 = CARTESIAN_POINT('',(72.7895,44.693,1.5));
#737 = VECTOR('',#738,1.);
#738 = DIRECTION('',(-1.,0.,0.));
#739 = ORIENTED_EDGE('',*,*,#740,.T.);
#740 = EDGE_CURVE('',#733,#741,#743,.T.);
#741 = VERTEX_POINT('',#742);
#742 = CARTESIAN_POINT('',(147.036,58.693,1.5));
#743 = LINE('',#744,#745);
#744 = CARTESIAN_POINT('',(147.036,28.643,1.5));
#745 = VECTOR('',#746,1.);
#746 = DIRECTION('',(-0.,1.,0.));
#747 = ORIENTED_EDGE('',*,*,#748,.T.);
#748 = EDGE_CURVE('',#741,#723,#749,.T.);
#749 = LINE('',#750,#751);
#750 = CARTESIAN_POINT('',(79.7895,58.693,1.5));
#751 = VECTOR('',#752,1.);
#752 = DIRECTION('',(1.,0.,-0.));
#753 = FACE_BOUND('',#754,.T.);
#754 = EDGE_LOOP('',(#755,#765,#773,#781));
#755 = ORIENTED_EDGE('',*,*,#756,.T.);
#756 = EDGE_CURVE('',#757,#759,#761,.T.);
#757 = VERTEX_POINT('',#758);
#758 = CARTESIAN_POINT('',(34.831,58.694,1.5));
#759 = VERTEX_POINT('',#760);
#760 = CARTESIAN_POINT('',(34.831,44.694,1.5));
#761 = LINE('',#762,#763);
#762 = CARTESIAN_POINT('',(34.831,21.6435,1.5));
#763 = VECTOR('',#764,1.);
#764 = DIRECTION('',(0.,-1.,0.));
#765 = ORIENTED_EDGE('',*,*,#766,.T.);
#766 = EDGE_CURVE('',#759,#767,#769,.T.);
#767 = VERTEX_POINT('',#768);
#768 = CARTESIAN_POINT('',(20.831,44.694,1.5));
#769 = LINE('',#770,#771);
#770 = CARTESIAN_POINT('',(9.687,44.694,1.5));
#771 = VECTOR('',#772,1.);
#772 = DIRECTION('',(-1.,0.,0.));
#773 = ORIENTED_EDGE('',*,*,#774,.T.);
#774 = EDGE_CURVE('',#767,#775,#777,.T.);
#775 = VERTEX_POINT('',#776);
#776 = CARTESIAN_POINT('',(20.831,58.694,1.5));
#777 = LINE('',#778,#779);
#778 = CARTESIAN_POINT('',(20.831,28.6435,1.5));
#779 = VECTOR('',#780,1.);
#780 = DIRECTION('',(-0.,1.,0.));
#781 = ORIENTED_EDGE('',*,*,#782,.T.);
#782 = EDGE_CURVE('',#775,#757,#783,.T.);
#783 = LINE('',#784,#785);
#784 = CARTESIAN_POINT('',(16.687,58.694,1.5));
#785 = VECTOR('',#786,1.);
#786 = DIRECTION('',(1.,0.,-0.));
#787 = FACE_BOUND('',#788,.T.);
#788 = EDGE_LOOP('',(#789,#799,#807,#815));
#789 = ORIENTED_EDGE('',*,*,#790,.T.);
#790 = EDGE_CURVE('',#791,#793,#795,.T.);
#791 = VERTEX_POINT('',#792);
#792 = CARTESIAN_POINT('',(53.881,58.694,1.5));
#793 = VERTEX_POINT('',#794);
#794 = CARTESIAN_POINT('',(53.881,44.694,1.5));
#795 = LINE('',#796,#797);
#796 = CARTESIAN_POINT('',(53.881,21.6435,1.5));
#797 = VECTOR('',#798,1.);
#798 = DIRECTION('',(0.,-1.,0.));
#799 = ORIENTED_EDGE('',*,*,#800,.T.);
#800 = EDGE_CURVE('',#793,#801,#803,.T.);
#801 = VERTEX_POINT('',#802);
#802 = CARTESIAN_POINT('',(39.881,44.694,1.5));
#803 = LINE('',#804,#805);
#804 = CARTESIAN_POINT('',(19.212,44.694,1.5));
#805 = VECTOR('',#806,1.);
#806 = DIRECTION('',(-1.,0.,0.));
#807 = ORIENTED_EDGE('',*,*,#808,.T.);
#808 = EDGE_CURVE('',#801,#809,#811,.T.);
#809 = VERTEX_POINT('',#810);
#810 = CARTESIAN_POINT('',(39.881,58.694,1.5));
#811 = LINE('',#812,#813);
#812 = CARTESIAN_POINT('',(39.881,28.6435,1.5));
#813 = VECTOR('',#814,1.);
#814 = DIRECTION('',(-0.,1.,0.));
#815 = ORIENTED_EDGE('',*,*,#816,.T.);
#816 = EDGE_CURVE('',#809,#791,#817,.T.);
#817 = LINE('',#818,#819);
#818 = CARTESIAN_POINT('',(26.212,58.694,1.5));
#819 = VECTOR('',#820,1.);
#820 = DIRECTION('',(1.,0.,-0.));
#821 = FACE_BOUND('',#822,.T.);
#822 = EDGE_LOOP('',(#823,#833,#841,#849));
#823 = ORIENTED_EDGE('',*,*,#824,.T.);
#824 = EDGE_CURVE('',#825,#827,#829,.T.);
#825 = VERTEX_POINT('',#826);
#826 = CARTESIAN_POINT('',(30.068,77.749,1.5));
#827 = VERTEX_POINT('',#828);
#828 = CARTESIAN_POINT('',(30.068,63.749,1.5));
#829 = LINE('',#830,#831);
#830 = CARTESIAN_POINT('',(30.068,31.171,1.5));
#831 = VECTOR('',#832,1.);
#832 = DIRECTION('',(0.,-1.,0.));
#833 = ORIENTED_EDGE('',*,*,#834,.T.);
#834 = EDGE_CURVE('',#827,#835,#837,.T.);
#835 = VERTEX_POINT('',#836);
#836 = CARTESIAN_POINT('',(16.068,63.749,1.5));
#837 = LINE('',#838,#839);
#838 = CARTESIAN_POINT('',(7.3055,63.749,1.5));
#839 = VECTOR('',#840,1.);
#840 = DIRECTION('',(-1.,0.,0.));
#841 = ORIENTED_EDGE('',*,*,#842,.T.);
#842 = EDGE_CURVE('',#835,#843,#845,.T.);
#843 = VERTEX_POINT('',#844);
#844 = CARTESIAN_POINT('',(16.068,77.749,1.5));
#845 = LINE('',#846,#847);
#846 = CARTESIAN_POINT('',(16.068,38.171,1.5));
#847 = VECTOR('',#848,1.);
#848 = DIRECTION('',(-0.,1.,0.));
#849 = ORIENTED_EDGE('',*,*,#850,.T.);
#850 = EDGE_CURVE('',#843,#825,#851,.T.);
#851 = LINE('',#852,#853);
#852 = CARTESIAN_POINT('',(14.3055,77.749,1.5));
#853 = VECTOR('',#854,1.);
#854 = DIRECTION('',(1.,0.,-0.));
#855 = FACE_BOUND('',#856,.T.);
#856 = EDGE_LOOP('',(#857,#867,#875,#883));
#857 = ORIENTED_EDGE('',*,*,#858,.T.);
#858 = EDGE_CURVE('',#859,#861,#863,.T.);
#859 = VERTEX_POINT('',#860);
#860 = CARTESIAN_POINT('',(49.119,77.749,1.5));
#861 = VERTEX_POINT('',#862);
#862 = CARTESIAN_POINT('',(49.119,63.749,1.5));
#863 = LINE('',#864,#865);
#864 = CARTESIAN_POINT('',(49.119,31.171,1.5));
#865 = VECTOR('',#866,1.);
#866 = DIRECTION('',(0.,-1.,0.));
#867 = ORIENTED_EDGE('',*,*,#868,.T.);
#868 = EDGE_CURVE('',#861,#869,#871,.T.);
#869 = VERTEX_POINT('',#870);
#870 = CARTESIAN_POINT('',(35.119,63.749,1.5));
#871 = LINE('',#872,#873);
#872 = CARTESIAN_POINT('',(16.831,63.749,1.5));
#873 = VECTOR('',#874,1.);
#874 = DIRECTION('',(-1.,0.,0.));
#875 = ORIENTED_EDGE('',*,*,#876,.T.);
#876 = EDGE_CURVE('',#869,#877,#879,.T.);
#877 = VERTEX_POINT('',#878);
#878 = CARTESIAN_POINT('',(35.119,77.749,1.5));
#879 = LINE('',#880,#881);
#880 = CARTESIAN_POINT('',(35.119,38.171,1.5));
#881 = VECTOR('',#882,1.);
#882 = DIRECTION('',(-0.,1.,0.));
#883 = ORIENTED_EDGE('',*,*,#884,.T.);
#884 = EDGE_CURVE('',#877,#859,#885,.T.);
#885 = LINE('',#886,#887);
#886 = CARTESIAN_POINT('',(23.831,77.749,1.5));
#887 = VECTOR('',#888,1.);
#888 = DIRECTION('',(1.,0.,-0.));
#889 = FACE_BOUND('',#890,.T.);
#890 = EDGE_LOOP('',(#891,#901,#909,#917));
#891 = ORIENTED_EDGE('',*,*,#892,.T.);
#892 = EDGE_CURVE('',#893,#895,#897,.T.);
#893 = VERTEX_POINT('',#894);
#894 = CARTESIAN_POINT('',(72.931,58.694,1.5));
#895 = VERTEX_POINT('',#896);
#896 = CARTESIAN_POINT('',(72.931,44.694,1.5));
#897 = LINE('',#898,#899);
#898 = CARTESIAN_POINT('',(72.931,21.6435,1.5));
#899 = VECTOR('',#900,1.);
#900 = DIRECTION('',(0.,-1.,0.));
#901 = ORIENTED_EDGE('',*,*,#902,.T.);
#902 = EDGE_CURVE('',#895,#903,#905,.T.);
#903 = VERTEX_POINT('',#904);
#904 = CARTESIAN_POINT('',(58.931,44.694,1.5));
#905 = LINE('',#906,#907);
#906 = CARTESIAN_POINT('',(28.737,44.694,1.5));
#907 = VECTOR('',#908,1.);
#908 = DIRECTION('',(-1.,0.,0.));
#909 = ORIENTED_EDGE('',*,*,#910,.T.);
#910 = EDGE_CURVE('',#903,#911,#913,.T.);
#911 = VERTEX_POINT('',#912);
#912 = CARTESIAN_POINT('',(58.931,58.694,1.5));
#913 = LINE('',#914,#915);
#914 = CARTESIAN_POINT('',(58.931,28.6435,1.5));
#915 = VECTOR('',#916,1.);
#916 = DIRECTION('',(-0.,1.,0.));
#917 = ORIENTED_EDGE('',*,*,#918,.T.);
#918 = EDGE_CURVE('',#911,#893,#919,.T.);
#919 = LINE('',#920,#921);
#920 = CARTESIAN_POINT('',(35.737,58.694,1.5));
#921 = VECTOR('',#922,1.);
#922 = DIRECTION('',(1.,0.,-0.));
#923 = FACE_BOUND('',#924,.T.);
#924 = EDGE_LOOP('',(#925,#935,#943,#951));
#925 = ORIENTED_EDGE('',*,*,#926,.T.);
#926 = EDGE_CURVE('',#927,#929,#931,.T.);
#927 = VERTEX_POINT('',#928);
#928 = CARTESIAN_POINT('',(91.981,58.694,1.5));
#929 = VERTEX_POINT('',#930);
#930 = CARTESIAN_POINT('',(91.981,44.694,1.5));
#931 = LINE('',#932,#933);
#932 = CARTESIAN_POINT('',(91.981,21.6435,1.5));
#933 = VECTOR('',#934,1.);
#934 = DIRECTION('',(0.,-1.,0.));
#935 = ORIENTED_EDGE('',*,*,#936,.T.);
#936 = EDGE_CURVE('',#929,#937,#939,.T.);
#937 = VERTEX_POINT('',#938);
#938 = CARTESIAN_POINT('',(77.981,44.694,1.5));
#939 = LINE('',#940,#941);
#940 = CARTESIAN_POINT('',(38.262,44.694,1.5));
#941 = VECTOR('',#942,1.);
#942 = DIRECTION('',(-1.,0.,0.));
#943 = ORIENTED_EDGE('',*,*,#944,.T.);
#944 = EDGE_CURVE('',#937,#945,#947,.T.);
#945 = VERTEX_POINT('',#946);
#946 = CARTESIAN_POINT('',(77.981,58.694,1.5));
#947 = LINE('',#948,#949);
#948 = CARTESIAN_POINT('',(77.981,28.6435,1.5));
#949 = VECTOR('',#950,1.);
#950 = DIRECTION('',(-0.,1.,0.));
#951 = ORIENTED_EDGE('',*,*,#952,.T.);
#952 = EDGE_CURVE('',#945,#927,#953,.T.);
#953 = LINE('',#954,#955);
#954 = CARTESIAN_POINT('',(45.262,58.694,1.5));
#955 = VECTOR('',#956,1.);
#956 = DIRECTION('',(1.,0.,-0.));
#957 = FACE_BOUND('',#958,.T.);
#958 = EDGE_LOOP('',(#959,#969,#977,#985));
#959 = ORIENTED_EDGE('',*,*,#960,.T.);
#960 = EDGE_CURVE('',#961,#963,#965,.T.);
#961 = VERTEX_POINT('',#962);
#962 = CARTESIAN_POINT('',(68.17,77.749,1.5));
#963 = VERTEX_POINT('',#964);
#964 = CARTESIAN_POINT('',(68.17,63.749,1.5));
#965 = LINE('',#966,#967);
#966 = CARTESIAN_POINT('',(68.17,31.171,1.5));
#967 = VECTOR('',#968,1.);
#968 = DIRECTION('',(0.,-1.,0.));
#969 = ORIENTED_EDGE('',*,*,#970,.T.);
#970 = EDGE_CURVE('',#963,#971,#973,.T.);
#971 = VERTEX_POINT('',#972);
#972 = CARTESIAN_POINT('',(54.17,63.749,1.5));
#973 = LINE('',#974,#975);
#974 = CARTESIAN_POINT('',(26.3565,63.749,1.5));
#975 = VECTOR('',#976,1.);
#976 = DIRECTION('',(-1.,0.,0.));
#977 = ORIENTED_EDGE('',*,*,#978,.T.);
#978 = EDGE_CURVE('',#971,#979,#981,.T.);
#979 = VERTEX_POINT('',#980);
#980 = CARTESIAN_POINT('',(54.17,77.749,1.5));
#981 = LINE('',#982,#983);
#982 = CARTESIAN_POINT('',(54.17,38.171,1.5));
#983 = VECTOR('',#984,1.);
#984 = DIRECTION('',(-0.,1.,0.));
#985 = ORIENTED_EDGE('',*,*,#986,.T.);
#986 = EDGE_CURVE('',#979,#961,#987,.T.);
#987 = LINE('',#988,#989);
#988 = CARTESIAN_POINT('',(33.3565,77.749,1.5));
#989 = VECTOR('',#990,1.);
#990 = DIRECTION('',(1.,0.,-0.));
#991 = FACE_BOUND('',#992,.T.);
#992 = EDGE_LOOP('',(#993,#1003,#1011,#1019));
#993 = ORIENTED_EDGE('',*,*,#994,.T.);
#994 = EDGE_CURVE('',#995,#997,#999,.T.);
#995 = VERTEX_POINT('',#996);
#996 = CARTESIAN_POINT('',(87.221,77.749,1.5));
#997 = VERTEX_POINT('',#998);
#998 = CARTESIAN_POINT('',(87.221,63.749,1.5));
#999 = LINE('',#1000,#1001);
#1000 = CARTESIAN_POINT('',(87.221,31.171,1.5));
#1001 = VECTOR('',#1002,1.);
#1002 = DIRECTION('',(0.,-1.,0.));
#1003 = ORIENTED_EDGE('',*,*,#1004,.T.);
#1004 = EDGE_CURVE('',#997,#1005,#1007,.T.);
#1005 = VERTEX_POINT('',#1006);
#1006 = CARTESIAN_POINT('',(73.221,63.749,1.5));
#1007 = LINE('',#1008,#1009);
#1008 = CARTESIAN_POINT('',(35.882,63.749,1.5));
#1009 = VECTOR('',#1010,1.);
#1010 = DIRECTION('',(-1.,0.,0.));
#1011 = ORIENTED_EDGE('',*,*,#1012,.T.);
#1012 = EDGE_CURVE('',#1005,#1013,#1015,.T.);
#1013 = VERTEX_POINT('',#1014);
#1014 = CARTESIAN_POINT('',(73.221,77.749,1.5));
#1015 = LINE('',#1016,#1017);
#1016 = CARTESIAN_POINT('',(73.221,38.171,1.5));
#1017 = VECTOR('',#1018,1.);
#1018 = DIRECTION('',(-0.,1.,0.));
#1019 = ORIENTED_EDGE('',*,*,#1020,.T.);
#1020 = EDGE_CURVE('',#1013,#995,#1021,.T.);
#1021 = LINE('',#1022,#1023);
#1022 = CARTESIAN_POINT('',(42.882,77.749,1.5));
#1023 = VECTOR('',#1024,1.);
#1024 = DIRECTION('',(1.,0.,-0.));
#1025 = FACE_BOUND('',#1026,.T.);
#1026 = EDGE_LOOP('',(#1027,#1037,#1045,#1053));
#1027 = ORIENTED_EDGE('',*,*,#1028,.T.);
#1028 = EDGE_CURVE('',#1029,#1031,#1033,.T.);
#1029 = VERTEX_POINT('',#1030);
#1030 = CARTESIAN_POINT('',(20.543,96.793,1.5));
#1031 = VERTEX_POINT('',#1032);
#1032 = CARTESIAN_POINT('',(20.543,82.793,1.5));
#1033 = LINE('',#1034,#1035);
#1034 = CARTESIAN_POINT('',(20.543,40.693,1.5));
#1035 = VECTOR('',#1036,1.);
#1036 = DIRECTION('',(0.,-1.,0.));
#1037 = ORIENTED_EDGE('',*,*,#1038,.T.);
#1038 = EDGE_CURVE('',#1031,#1039,#1041,.T.);
#1039 = VERTEX_POINT('',#1040);
#1040 = CARTESIAN_POINT('',(6.543,82.793,1.5));
#1041 = LINE('',#1042,#1043);
#1042 = CARTESIAN_POINT('',(2.543,82.793,1.5));
#1043 = VECTOR('',#1044,1.);
#1044 = DIRECTION('',(-1.,0.,0.));
#1045 = ORIENTED_EDGE('',*,*,#1046,.T.);
#1046 = EDGE_CURVE('',#1039,#1047,#1049,.T.);
#1047 = VERTEX_POINT('',#1048);
#1048 = CARTESIAN_POINT('',(6.543,96.793,1.5));
#1049 = LINE('',#1050,#1051);
#1050 = CARTESIAN_POINT('',(6.543,47.693,1.5));
#1051 = VECTOR('',#1052,1.);
#1052 = DIRECTION('',(-0.,1.,0.));
#1053 = ORIENTED_EDGE('',*,*,#1054,.T.);
#1054 = EDGE_CURVE('',#1047,#1029,#1055,.T.);
#1055 = LINE('',#1056,#1057);
#1056 = CARTESIAN_POINT('',(9.543,96.793,1.5));
#1057 = VECTOR('',#1058,1.);
#1058 = DIRECTION('',(1.,0.,-0.));
#1059 = FACE_BOUND('',#1060,.T.);
#1060 = EDGE_LOOP('',(#1061,#1071,#1079,#1087));
#1061 = ORIENTED_EDGE('',*,*,#1062,.T.);
#1062 = EDGE_CURVE('',#1063,#1065,#1067,.T.);
#1063 = VERTEX_POINT('',#1064);
#1064 = CARTESIAN_POINT('',(39.593,96.793,1.5));
#1065 = VERTEX_POINT('',#1066);
#1066 = CARTESIAN_POINT('',(39.593,82.793,1.5));
#1067 = LINE('',#1068,#1069);
#1068 = CARTESIAN_POINT('',(39.593,40.693,1.5));
#1069 = VECTOR('',#1070,1.);
#1070 = DIRECTION('',(0.,-1.,0.));
#1071 = ORIENTED_EDGE('',*,*,#1072,.T.);
#1072 = EDGE_CURVE('',#1065,#1073,#1075,.T.);
#1073 = VERTEX_POINT('',#1074);
#1074 = CARTESIAN_POINT('',(25.593,82.793,1.5));
#1075 = LINE('',#1076,#1077);
#1076 = CARTESIAN_POINT('',(12.068,82.793,1.5));
#1077 = VECTOR('',#1078,1.);
#1078 = DIRECTION('',(-1.,0.,0.));
#1079 = ORIENTED_EDGE('',*,*,#1080,.T.);
#1080 = EDGE_CURVE('',#1073,#1081,#1083,.T.);
#1081 = VERTEX_POINT('',#1082);
#1082 = CARTESIAN_POINT('',(25.593,96.793,1.5));
#1083 = LINE('',#1084,#1085);
#1084 = CARTESIAN_POINT('',(25.593,47.693,1.5));
#1085 = VECTOR('',#1086,1.);
#1086 = DIRECTION('',(-0.,1.,0.));
#1087 = ORIENTED_EDGE('',*,*,#1088,.T.);
#1088 = EDGE_CURVE('',#1081,#1063,#1089,.T.);
#1089 = LINE('',#1090,#1091);
#1090 = CARTESIAN_POINT('',(19.068,96.793,1.5));
#1091 = VECTOR('',#1092,1.);
#1092 = DIRECTION('',(1.,0.,-0.));
#1093 = FACE_BOUND('',#1094,.T.);
#1094 = EDGE_LOOP('',(#1095));
#1095 = ORIENTED_EDGE('',*,*,#1096,.F.);
#1096 = EDGE_CURVE('',#1097,#1097,#1099,.T.);
#1097 = VERTEX_POINT('',#1098);
#1098 = CARTESIAN_POINT('',(6.06808483617,100.36720599441,1.5));
#1099 = CIRCLE('',#1100,3.1);
#1100 = AXIS2_PLACEMENT_3D('',#1101,#1102,#1103);
#1101 = CARTESIAN_POINT('',(2.96808483617,100.36720599441,1.5));
#1102 = DIRECTION('',(0.,0.,1.));
#1103 = DIRECTION('',(1.,0.,-0.));
#1104 = FACE_BOUND('',#1105,.T.);
#1105 = EDGE_LOOP('',(#1106,#1116,#1124,#1132));
#1106 = ORIENTED_EDGE('',*,*,#1107,.T.);
#1107 = EDGE_CURVE('',#1108,#1110,#1112,.T.);
#1108 = VERTEX_POINT('',#1109);
#1109 = CARTESIAN_POINT('',(58.642,96.793,1.5));
#1110 = VERTEX_POINT('',#1111);
#1111 = CARTESIAN_POINT('',(58.642,82.793,1.5));
#1112 = LINE('',#1113,#1114);
#1113 = CARTESIAN_POINT('',(58.642,40.693,1.5));
#1114 = VECTOR('',#1115,1.);
#1115 = DIRECTION('',(0.,-1.,0.));
#1116 = ORIENTED_EDGE('',*,*,#1117,.T.);
#1117 = EDGE_CURVE('',#1110,#1118,#1120,.T.);
#1118 = VERTEX_POINT('',#1119);
#1119 = CARTESIAN_POINT('',(44.642,82.793,1.5));
#1120 = LINE('',#1121,#1122);
#1121 = CARTESIAN_POINT('',(21.5925,82.793,1.5));
#1122 = VECTOR('',#1123,1.);
#1123 = DIRECTION('',(-1.,0.,0.));
#1124 = ORIENTED_EDGE('',*,*,#1125,.T.);
#1125 = EDGE_CURVE('',#1118,#1126,#1128,.T.);
#1126 = VERTEX_POINT('',#1127);
#1127 = CARTESIAN_POINT('',(44.642,96.793,1.5));
#1128 = LINE('',#1129,#1130);
#1129 = CARTESIAN_POINT('',(44.642,47.693,1.5));
#1130 = VECTOR('',#1131,1.);
#1131 = DIRECTION('',(-0.,1.,0.));
#1132 = ORIENTED_EDGE('',*,*,#1133,.T.);
#1133 = EDGE_CURVE('',#1126,#1108,#1134,.T.);
#1134 = LINE('',#1135,#1136);
#1135 = CARTESIAN_POINT('',(28.5925,96.793,1.5));
#1136 = VECTOR('',#1137,1.);
#1137 = DIRECTION('',(1.,0.,-0.));
#1138 = FACE_BOUND('',#1139,.T.);
#1139 = EDGE_LOOP('',(#1140,#1150,#1158,#1166));
#1140 = ORIENTED_EDGE('',*,*,#1141,.T.);
#1141 = EDGE_CURVE('',#1142,#1144,#1146,.T.);
#1142 = VERTEX_POINT('',#1143);
#1143 = CARTESIAN_POINT('',(77.692,96.793,1.5));
#1144 = VERTEX_POINT('',#1145);
#1145 = CARTESIAN_POINT('',(77.692,82.793,1.5));
#1146 = LINE('',#1147,#1148);
#1147 = CARTESIAN_POINT('',(77.692,40.693,1.5));
#1148 = VECTOR('',#1149,1.);
#1149 = DIRECTION('',(0.,-1.,0.));
#1150 = ORIENTED_EDGE('',*,*,#1151,.T.);
#1151 = EDGE_CURVE('',#1144,#1152,#1154,.T.);
#1152 = VERTEX_POINT('',#1153);
#1153 = CARTESIAN_POINT('',(63.692,82.793,1.5));
#1154 = LINE('',#1155,#1156);
#1155 = CARTESIAN_POINT('',(31.1175,82.793,1.5));
#1156 = VECTOR('',#1157,1.);
#1157 = DIRECTION('',(-1.,0.,0.));
#1158 = ORIENTED_EDGE('',*,*,#1159,.T.);
#1159 = EDGE_CURVE('',#1152,#1160,#1162,.T.);
#1160 = VERTEX_POINT('',#1161);
#1161 = CARTESIAN_POINT('',(63.692,96.793,1.5));
#1162 = LINE('',#1163,#1164);
#1163 = CARTESIAN_POINT('',(63.692,47.693,1.5));
#1164 = VECTOR('',#1165,1.);
#1165 = DIRECTION('',(-0.,1.,0.));
#1166 = ORIENTED_EDGE('',*,*,#1167,.T.);
#1167 = EDGE_CURVE('',#1160,#1142,#1168,.T.);
#1168 = LINE('',#1169,#1170);
#1169 = CARTESIAN_POINT('',(38.1175,96.793,1.5));
#1170 = VECTOR('',#1171,1.);
#1171 = DIRECTION('',(1.,0.,-0.));
#1172 = FACE_BOUND('',#1173,.T.);
#1173 = EDGE_LOOP('',(#1174,#1184,#1192,#1200));
#1174 = ORIENTED_EDGE('',*,*,#1175,.T.);
#1175 = EDGE_CURVE('',#1176,#1178,#1180,.T.);
#1176 = VERTEX_POINT('',#1177);
#1177 = CARTESIAN_POINT('',(96.742,96.793,1.5));
#1178 = VERTEX_POINT('',#1179);
#1179 = CARTESIAN_POINT('',(96.742,82.793,1.5));
#1180 = LINE('',#1181,#1182);
#1181 = CARTESIAN_POINT('',(96.742,40.693,1.5));
#1182 = VECTOR('',#1183,1.);
#1183 = DIRECTION('',(0.,-1.,0.));
#1184 = ORIENTED_EDGE('',*,*,#1185,.T.);
#1185 = EDGE_CURVE('',#1178,#1186,#1188,.T.);
#1186 = VERTEX_POINT('',#1187);
#1187 = CARTESIAN_POINT('',(82.742,82.793,1.5));
#1188 = LINE('',#1189,#1190);
#1189 = CARTESIAN_POINT('',(40.6425,82.793,1.5));
#1190 = VECTOR('',#1191,1.);
#1191 = DIRECTION('',(-1.,0.,0.));
#1192 = ORIENTED_EDGE('',*,*,#1193,.T.);
#1193 = EDGE_CURVE('',#1186,#1194,#1196,.T.);
#1194 = VERTEX_POINT('',#1195);
#1195 = CARTESIAN_POINT('',(82.742,96.793,1.5));
#1196 = LINE('',#1197,#1198);
#1197 = CARTESIAN_POINT('',(82.742,47.693,1.5));
#1198 = VECTOR('',#1199,1.);
#1199 = DIRECTION('',(-0.,1.,0.));
#1200 = ORIENTED_EDGE('',*,*,#1201,.T.);
#1201 = EDGE_CURVE('',#1194,#1176,#1202,.T.);
#1202 = LINE('',#1203,#1204);
#1203 = CARTESIAN_POINT('',(47.6425,96.793,1.5));
#1204 = VECTOR('',#1205,1.);
#1205 = DIRECTION('',(1.,0.,-0.));
#1206 = FACE_BOUND('',#1207,.T.);
#1207 = EDGE_LOOP('',(#1208,#1218,#1226,#1234));
#1208 = ORIENTED_EDGE('',*,*,#1209,.T.);
#1209 = EDGE_CURVE('',#1210,#1212,#1214,.T.);
#1210 = VERTEX_POINT('',#1211);
#1211 = CARTESIAN_POINT('',(111.031,58.694,1.5));
#1212 = VERTEX_POINT('',#1213);
#1213 = CARTESIAN_POINT('',(111.031,44.694,1.5));
#1214 = LINE('',#1215,#1216);
#1215 = CARTESIAN_POINT('',(111.031,21.6435,1.5));
#1216 = VECTOR('',#1217,1.);
#1217 = DIRECTION('',(0.,-1.,0.));
#1218 = ORIENTED_EDGE('',*,*,#1219,.T.);
#1219 = EDGE_CURVE('',#1212,#1220,#1222,.T.);
#1220 = VERTEX_POINT('',#1221);
#1221 = CARTESIAN_POINT('',(97.031,44.694,1.5));
#1222 = LINE('',#1223,#1224);
#1223 = CARTESIAN_POINT('',(47.787,44.694,1.5));
#1224 = VECTOR('',#1225,1.);
#1225 = DIRECTION('',(-1.,0.,0.));
#1226 = ORIENTED_EDGE('',*,*,#1227,.T.);
#1227 = EDGE_CURVE('',#1220,#1228,#1230,.T.);
#1228 = VERTEX_POINT('',#1229);
#1229 = CARTESIAN_POINT('',(97.031,58.694,1.5));
#1230 = LINE('',#1231,#1232);
#1231 = CARTESIAN_POINT('',(97.031,28.6435,1.5));
#1232 = VECTOR('',#1233,1.);
#1233 = DIRECTION('',(-0.,1.,0.));
#1234 = ORIENTED_EDGE('',*,*,#1235,.T.);
#1235 = EDGE_CURVE('',#1228,#1210,#1236,.T.);
#1236 = LINE('',#1237,#1238);
#1237 = CARTESIAN_POINT('',(54.787,58.694,1.5));
#1238 = VECTOR('',#1239,1.);
#1239 = DIRECTION('',(1.,0.,-0.));
#1240 = FACE_BOUND('',#1241,.T.);
#1241 = EDGE_LOOP('',(#1242,#1252,#1260,#1268));
#1242 = ORIENTED_EDGE('',*,*,#1243,.T.);
#1243 = EDGE_CURVE('',#1244,#1246,#1248,.T.);
#1244 = VERTEX_POINT('',#1245);
#1245 = CARTESIAN_POINT('',(130.081,58.694,1.5));
#1246 = VERTEX_POINT('',#1247);
#1247 = CARTESIAN_POINT('',(130.081,44.694,1.5));
#1248 = LINE('',#1249,#1250);
#1249 = CARTESIAN_POINT('',(130.081,21.6435,1.5));
#1250 = VECTOR('',#1251,1.);
#1251 = DIRECTION('',(0.,-1.,0.));
#1252 = ORIENTED_EDGE('',*,*,#1253,.T.);
#1253 = EDGE_CURVE('',#1246,#1254,#1256,.T.);
#1254 = VERTEX_POINT('',#1255);
#1255 = CARTESIAN_POINT('',(116.081,44.694,1.5));
#1256 = LINE('',#1257,#1258);
#1257 = CARTESIAN_POINT('',(57.312,44.694,1.5));
#1258 = VECTOR('',#1259,1.);
#1259 = DIRECTION('',(-1.,0.,0.));
#1260 = ORIENTED_EDGE('',*,*,#1261,.T.);
#1261 = EDGE_CURVE('',#1254,#1262,#1264,.T.);
#1262 = VERTEX_POINT('',#1263);
#1263 = CARTESIAN_POINT('',(116.081,58.694,1.5));
#1264 = LINE('',#1265,#1266);
#1265 = CARTESIAN_POINT('',(116.081,28.6435,1.5));
#1266 = VECTOR('',#1267,1.);
#1267 = DIRECTION('',(-0.,1.,0.));
#1268 = ORIENTED_EDGE('',*,*,#1269,.T.);
#1269 = EDGE_CURVE('',#1262,#1244,#1270,.T.);
#1270 = LINE('',#1271,#1272);
#1271 = CARTESIAN_POINT('',(64.312,58.694,1.5));
#1272 = VECTOR('',#1273,1.);
#1273 = DIRECTION('',(1.,0.,-0.));
#1274 = FACE_BOUND('',#1275,.T.);
#1275 = EDGE_LOOP('',(#1276,#1286,#1294,#1302));
#1276 = ORIENTED_EDGE('',*,*,#1277,.T.);
#1277 = EDGE_CURVE('',#1278,#1280,#1282,.T.);
#1278 = VERTEX_POINT('',#1279);
#1279 = CARTESIAN_POINT('',(106.272,77.749,1.5));
#1280 = VERTEX_POINT('',#1281);
#1281 = CARTESIAN_POINT('',(106.272,63.749,1.5));
#1282 = LINE('',#1283,#1284);
#1283 = CARTESIAN_POINT('',(106.272,31.171,1.5));
#1284 = VECTOR('',#1285,1.);
#1285 = DIRECTION('',(0.,-1.,0.));
#1286 = ORIENTED_EDGE('',*,*,#1287,.T.);
#1287 = EDGE_CURVE('',#1280,#1288,#1290,.T.);
#1288 = VERTEX_POINT('',#1289);
#1289 = CARTESIAN_POINT('',(92.272,63.749,1.5));
#1290 = LINE('',#1291,#1292);
#1291 = CARTESIAN_POINT('',(45.4075,63.749,1.5));
#1292 = VECTOR('',#1293,1.);
#1293 = DIRECTION('',(-1.,0.,0.));
#1294 = ORIENTED_EDGE('',*,*,#1295,.T.);
#1295 = EDGE_CURVE('',#1288,#1296,#1298,.T.);
#1296 = VERTEX_POINT('',#1297);
#1297 = CARTESIAN_POINT('',(92.272,77.749,1.5));
#1298 = LINE('',#1299,#1300);
#1299 = CARTESIAN_POINT('',(92.272,38.171,1.5));
#1300 = VECTOR('',#1301,1.);
#1301 = DIRECTION('',(-0.,1.,0.));
#1302 = ORIENTED_EDGE('',*,*,#1303,.T.);
#1303 = EDGE_CURVE('',#1296,#1278,#1304,.T.);
#1304 = LINE('',#1305,#1306);
#1305 = CARTESIAN_POINT('',(52.4075,77.749,1.5));
#1306 = VECTOR('',#1307,1.);
#1307 = DIRECTION('',(1.,0.,-0.));
#1308 = FACE_BOUND('',#1309,.T.);
#1309 = EDGE_LOOP('',(#1310,#1320,#1328,#1336));
#1310 = ORIENTED_EDGE('',*,*,#1311,.T.);
#1311 = EDGE_CURVE('',#1312,#1314,#1316,.T.);
#1312 = VERTEX_POINT('',#1313);
#1313 = CARTESIAN_POINT('',(125.323,77.749,1.5));
#1314 = VERTEX_POINT('',#1315);
#1315 = CARTESIAN_POINT('',(125.323,63.749,1.5));
#1316 = LINE('',#1317,#1318);
#1317 = CARTESIAN_POINT('',(125.323,31.171,1.5));
#1318 = VECTOR('',#1319,1.);
#1319 = DIRECTION('',(0.,-1.,0.));
#1320 = ORIENTED_EDGE('',*,*,#1321,.T.);
#1321 = EDGE_CURVE('',#1314,#1322,#1324,.T.);
#1322 = VERTEX_POINT('',#1323);
#1323 = CARTESIAN_POINT('',(111.323,63.749,1.5));
#1324 = LINE('',#1325,#1326);
#1325 = CARTESIAN_POINT('',(54.933,63.749,1.5));
#1326 = VECTOR('',#1327,1.);
#1327 = DIRECTION('',(-1.,0.,0.));
#1328 = ORIENTED_EDGE('',*,*,#1329,.T.);
#1329 = EDGE_CURVE('',#1322,#1330,#1332,.T.);
#1330 = VERTEX_POINT('',#1331);
#1331 = CARTESIAN_POINT('',(111.323,77.749,1.5));
#1332 = LINE('',#1333,#1334);
#1333 = CARTESIAN_POINT('',(111.323,38.171,1.5));
#1334 = VECTOR('',#1335,1.);
#1335 = DIRECTION('',(-0.,1.,0.));
#1336 = ORIENTED_EDGE('',*,*,#1337,.T.);
#1337 = EDGE_CURVE('',#1330,#1312,#1338,.T.);
#1338 = LINE('',#1339,#1340);
#1339 = CARTESIAN_POINT('',(61.933,77.749,1.5));
#1340 = VECTOR('',#1341,1.);
#1341 = DIRECTION('',(1.,0.,-0.));
#1342 = FACE_BOUND('',#1343,.T.);
#1343 = EDGE_LOOP('',(#1344,#1354,#1362,#1370));
#1344 = ORIENTED_EDGE('',*,*,#1345,.T.);
#1345 = EDGE_CURVE('',#1346,#1348,#1350,.T.);
#1346 = VERTEX_POINT('',#1347);
#1347 = CARTESIAN_POINT('',(144.374,77.749,1.5));
#1348 = VERTEX_POINT('',#1349);
#1349 = CARTESIAN_POINT('',(144.374,63.749,1.5));
#1350 = LINE('',#1351,#1352);
#1351 = CARTESIAN_POINT('',(144.374,31.171,1.5));
#1352 = VECTOR('',#1353,1.);
#1353 = DIRECTION('',(0.,-1.,0.));
#1354 = ORIENTED_EDGE('',*,*,#1355,.T.);
#1355 = EDGE_CURVE('',#1348,#1356,#1358,.T.);
#1356 = VERTEX_POINT('',#1357);
#1357 = CARTESIAN_POINT('',(130.374,63.749,1.5));
#1358 = LINE('',#1359,#1360);
#1359 = CARTESIAN_POINT('',(64.4585,63.749,1.5));
#1360 = VECTOR('',#1361,1.);
#1361 = DIRECTION('',(-1.,0.,0.));
#1362 = ORIENTED_EDGE('',*,*,#1363,.T.);
#1363 = EDGE_CURVE('',#1356,#1364,#1366,.T.);
#1364 = VERTEX_POINT('',#1365);
#1365 = CARTESIAN_POINT('',(130.374,77.749,1.5));
#1366 = LINE('',#1367,#1368);
#1367 = CARTESIAN_POINT('',(130.374,38.171,1.5));
#1368 = VECTOR('',#1369,1.);
#1369 = DIRECTION('',(-0.,1.,0.));
#1370 = ORIENTED_EDGE('',*,*,#1371,.T.);
#1371 = EDGE_CURVE('',#1364,#1346,#1372,.T.);
#1372 = LINE('',#1373,#1374);
#1373 = CARTESIAN_POINT('',(71.4585,77.749,1.5));
#1374 = VECTOR('',#1375,1.);
#1375 = DIRECTION('',(1.,0.,-0.));
#1376 = FACE_BOUND('',#1377,.T.);
#1377 = EDGE_LOOP('',(#1378,#1388,#1396,#1404));
#1378 = ORIENTED_EDGE('',*,*,#1379,.T.);
#1379 = EDGE_CURVE('',#1380,#1382,#1384,.T.);
#1380 = VERTEX_POINT('',#1381);
#1381 = CARTESIAN_POINT('',(191.993,58.694,1.5));
#1382 = VERTEX_POINT('',#1383);
#1383 = CARTESIAN_POINT('',(191.993,44.694,1.5));
#1384 = LINE('',#1385,#1386);
#1385 = CARTESIAN_POINT('',(191.993,21.6435,1.5));
#1386 = VECTOR('',#1387,1.);
#1387 = DIRECTION('',(0.,-1.,0.));
#1388 = ORIENTED_EDGE('',*,*,#1389,.T.);
#1389 = EDGE_CURVE('',#1382,#1390,#1392,.T.);
#1390 = VERTEX_POINT('',#1391);
#1391 = CARTESIAN_POINT('',(177.993,44.694,1.5));
#1392 = LINE('',#1393,#1394);
#1393 = CARTESIAN_POINT('',(88.268,44.694,1.5));
#1394 = VECTOR('',#1395,1.);
#1395 = DIRECTION('',(-1.,0.,0.));
#1396 = ORIENTED_EDGE('',*,*,#1397,.T.);
#1397 = EDGE_CURVE('',#1390,#1398,#1400,.T.);
#1398 = VERTEX_POINT('',#1399);
#1399 = CARTESIAN_POINT('',(177.993,58.694,1.5));
#1400 = LINE('',#1401,#1402);
#1401 = CARTESIAN_POINT('',(177.993,28.6435,1.5));
#1402 = VECTOR('',#1403,1.);
#1403 = DIRECTION('',(-0.,1.,0.));
#1404 = ORIENTED_EDGE('',*,*,#1405,.T.);
#1405 = EDGE_CURVE('',#1398,#1380,#1406,.T.);
#1406 = LINE('',#1407,#1408);
#1407 = CARTESIAN_POINT('',(95.268,58.694,1.5));
#1408 = VECTOR('',#1409,1.);
#1409 = DIRECTION('',(1.,0.,-0.));
#1410 = FACE_BOUND('',#1411,.T.);
#1411 = EDGE_LOOP('',(#1412,#1422,#1430,#1438));
#1412 = ORIENTED_EDGE('',*,*,#1413,.T.);
#1413 = EDGE_CURVE('',#1414,#1416,#1418,.T.);
#1414 = VERTEX_POINT('',#1415);
#1415 = CARTESIAN_POINT('',(168.18,77.743,1.5));
#1416 = VERTEX_POINT('',#1417);
#1417 = CARTESIAN_POINT('',(168.18,63.743,1.5));
#1418 = LINE('',#1419,#1420);
#1419 = CARTESIAN_POINT('',(168.18,31.168,1.5));
#1420 = VECTOR('',#1421,1.);
#1421 = DIRECTION('',(0.,-1.,0.));
#1422 = ORIENTED_EDGE('',*,*,#1423,.T.);
#1423 = EDGE_CURVE('',#1416,#1424,#1426,.T.);
#1424 = VERTEX_POINT('',#1425);
#1425 = CARTESIAN_POINT('',(154.18,63.743,1.5));
#1426 = LINE('',#1427,#1428);
#1427 = CARTESIAN_POINT('',(76.3615,63.743,1.5));
#1428 = VECTOR('',#1429,1.);
#1429 = DIRECTION('',(-1.,0.,0.));
#1430 = ORIENTED_EDGE('',*,*,#1431,.T.);
#1431 = EDGE_CURVE('',#1424,#1432,#1434,.T.);
#1432 = VERTEX_POINT('',#1433);
#1433 = CARTESIAN_POINT('',(154.18,77.743,1.5));
#1434 = LINE('',#1435,#1436);
#1435 = CARTESIAN_POINT('',(154.18,38.168,1.5));
#1436 = VECTOR('',#1437,1.);
#1437 = DIRECTION('',(-0.,1.,0.));
#1438 = ORIENTED_EDGE('',*,*,#1439,.T.);
#1439 = EDGE_CURVE('',#1432,#1414,#1440,.T.);
#1440 = LINE('',#1441,#1442);
#1441 = CARTESIAN_POINT('',(83.3615,77.743,1.5));
#1442 = VECTOR('',#1443,1.);
#1443 = DIRECTION('',(1.,0.,-0.));
#1444 = FACE_BOUND('',#1445,.T.);
#1445 = EDGE_LOOP('',(#1446,#1456,#1464,#1472));
#1446 = ORIENTED_EDGE('',*,*,#1447,.T.);
#1447 = EDGE_CURVE('',#1448,#1450,#1452,.T.);
#1448 = VERTEX_POINT('',#1449);
#1449 = CARTESIAN_POINT('',(191.993,77.743,1.5));
#1450 = VERTEX_POINT('',#1451);
#1451 = CARTESIAN_POINT('',(191.993,63.743,1.5));
#1452 = LINE('',#1453,#1454);
#1453 = CARTESIAN_POINT('',(191.993,31.168,1.5));
#1454 = VECTOR('',#1455,1.);
#1455 = DIRECTION('',(0.,-1.,0.));
#1456 = ORIENTED_EDGE('',*,*,#1457,.T.);
#1457 = EDGE_CURVE('',#1450,#1458,#1460,.T.);
#1458 = VERTEX_POINT('',#1459);
#1459 = CARTESIAN_POINT('',(177.993,63.743,1.5));
#1460 = LINE('',#1461,#1462);
#1461 = CARTESIAN_POINT('',(88.268,63.743,1.5));
#1462 = VECTOR('',#1463,1.);
#1463 = DIRECTION('',(-1.,0.,0.));
#1464 = ORIENTED_EDGE('',*,*,#1465,.T.);
#1465 = EDGE_CURVE('',#1458,#1466,#1468,.T.);
#1466 = VERTEX_POINT('',#1467);
#1467 = CARTESIAN_POINT('',(177.993,77.743,1.5));
#1468 = LINE('',#1469,#1470);
#1469 = CARTESIAN_POINT('',(177.993,38.168,1.5));
#1470 = VECTOR('',#1471,1.);
#1471 = DIRECTION('',(-0.,1.,0.));
#1472 = ORIENTED_EDGE('',*,*,#1473,.T.);
#1473 = EDGE_CURVE('',#1466,#1448,#1474,.T.);
#1474 = LINE('',#1475,#1476);
#1475 = CARTESIAN_POINT('',(95.268,77.743,1.5));
#1476 = VECTOR('',#1477,1.);
#1477 = DIRECTION('',(1.,0.,-0.));
#1478 = FACE_BOUND('',#1479,.T.);
#1479 = EDGE_LOOP('',(#1480,#1490,#1498,#1506));
#1480 = ORIENTED_EDGE('',*,*,#1481,.T.);
#1481 = EDGE_CURVE('',#1482,#1484,#1486,.T.);
#1482 = VERTEX_POINT('',#1483);
#1483 = CARTESIAN_POINT('',(115.792,96.793,1.5));
#1484 = VERTEX_POINT('',#1485);
#1485 = CARTESIAN_POINT('',(115.792,82.793,1.5));
#1486 = LINE('',#1487,#1488);
#1487 = CARTESIAN_POINT('',(115.792,40.693,1.5));
#1488 = VECTOR('',#1489,1.);
#1489 = DIRECTION('',(0.,-1.,0.));
#1490 = ORIENTED_EDGE('',*,*,#1491,.T.);
#1491 = EDGE_CURVE('',#1484,#1492,#1494,.T.);
#1492 = VERTEX_POINT('',#1493);
#1493 = CARTESIAN_POINT('',(101.792,82.793,1.5));
#1494 = LINE('',#1495,#1496);
#1495 = CARTESIAN_POINT('',(50.1675,82.793,1.5));
#1496 = VECTOR('',#1497,1.);
#1497 = DIRECTION('',(-1.,0.,0.));
#1498 = ORIENTED_EDGE('',*,*,#1499,.T.);
#1499 = EDGE_CURVE('',#1492,#1500,#1502,.T.);
#1500 = VERTEX_POINT('',#1501);
#1501 = CARTESIAN_POINT('',(101.792,96.793,1.5));
#1502 = LINE('',#1503,#1504);
#1503 = CARTESIAN_POINT('',(101.792,47.693,1.5));
#1504 = VECTOR('',#1505,1.);
#1505 = DIRECTION('',(-0.,1.,0.));
#1506 = ORIENTED_EDGE('',*,*,#1507,.T.);
#1507 = EDGE_CURVE('',#1500,#1482,#1508,.T.);
#1508 = LINE('',#1509,#1510);
#1509 = CARTESIAN_POINT('',(57.1675,96.793,1.5));
#1510 = VECTOR('',#1511,1.);
#1511 = DIRECTION('',(1.,0.,-0.));
#1512 = FACE_BOUND('',#1513,.T.);
#1513 = EDGE_LOOP('',(#1514,#1524,#1532,#1540));
#1514 = ORIENTED_EDGE('',*,*,#1515,.T.);
#1515 = EDGE_CURVE('',#1516,#1518,#1520,.T.);
#1516 = VERTEX_POINT('',#1517);
#1517 = CARTESIAN_POINT('',(134.842,96.793,1.5));
#1518 = VERTEX_POINT('',#1519);
#1519 = CARTESIAN_POINT('',(134.842,82.793,1.5));
#1520 = LINE('',#1521,#1522);
#1521 = CARTESIAN_POINT('',(134.842,40.693,1.5));
#1522 = VECTOR('',#1523,1.);
#1523 = DIRECTION('',(0.,-1.,0.));
#1524 = ORIENTED_EDGE('',*,*,#1525,.T.);
#1525 = EDGE_CURVE('',#1518,#1526,#1528,.T.);
#1526 = VERTEX_POINT('',#1527);
#1527 = CARTESIAN_POINT('',(120.842,82.793,1.5));
#1528 = LINE('',#1529,#1530);
#1529 = CARTESIAN_POINT('',(59.6925,82.793,1.5));
#1530 = VECTOR('',#1531,1.);
#1531 = DIRECTION('',(-1.,0.,0.));
#1532 = ORIENTED_EDGE('',*,*,#1533,.T.);
#1533 = EDGE_CURVE('',#1526,#1534,#1536,.T.);
#1534 = VERTEX_POINT('',#1535);
#1535 = CARTESIAN_POINT('',(120.842,96.793,1.5));
#1536 = LINE('',#1537,#1538);
#1537 = CARTESIAN_POINT('',(120.842,47.693,1.5));
#1538 = VECTOR('',#1539,1.);
#1539 = DIRECTION('',(-0.,1.,0.));
#1540 = ORIENTED_EDGE('',*,*,#1541,.T.);
#1541 = EDGE_CURVE('',#1534,#1516,#1542,.T.);
#1542 = LINE('',#1543,#1544);
#1543 = CARTESIAN_POINT('',(66.6925,96.793,1.5));
#1544 = VECTOR('',#1545,1.);
#1545 = DIRECTION('',(1.,0.,-0.));
#1546 = FACE_BOUND('',#1547,.T.);
#1547 = EDGE_LOOP('',(#1548,#1558,#1566,#1574));
#1548 = ORIENTED_EDGE('',*,*,#1549,.T.);
#1549 = EDGE_CURVE('',#1550,#1552,#1554,.T.);
#1550 = VERTEX_POINT('',#1551);
#1551 = CARTESIAN_POINT('',(163.417,96.794,1.5));
#1552 = VERTEX_POINT('',#1553);
#1553 = CARTESIAN_POINT('',(163.417,82.794,1.5));
#1554 = LINE('',#1555,#1556);
#1555 = CARTESIAN_POINT('',(163.417,40.6935,1.5));
#1556 = VECTOR('',#1557,1.);
#1557 = DIRECTION('',(0.,-1.,0.));
#1558 = ORIENTED_EDGE('',*,*,#1559,.T.);
#1559 = EDGE_CURVE('',#1552,#1560,#1562,.T.);
#1560 = VERTEX_POINT('',#1561);
#1561 = CARTESIAN_POINT('',(149.417,82.794,1.5));
#1562 = LINE('',#1563,#1564);
#1563 = CARTESIAN_POINT('',(73.98,82.794,1.5));
#1564 = VECTOR('',#1565,1.);
#1565 = DIRECTION('',(-1.,0.,0.));
#1566 = ORIENTED_EDGE('',*,*,#1567,.T.);
#1567 = EDGE_CURVE('',#1560,#1568,#1570,.T.);
#1568 = VERTEX_POINT('',#1569);
#1569 = CARTESIAN_POINT('',(149.417,96.794,1.5));
#1570 = LINE('',#1571,#1572);
#1571 = CARTESIAN_POINT('',(149.417,47.6935,1.5));
#1572 = VECTOR('',#1573,1.);
#1573 = DIRECTION('',(-0.,1.,0.));
#1574 = ORIENTED_EDGE('',*,*,#1575,.T.);
#1575 = EDGE_CURVE('',#1568,#1550,#1576,.T.);
#1576 = LINE('',#1577,#1578);
#1577 = CARTESIAN_POINT('',(80.98,96.794,1.5));
#1578 = VECTOR('',#1579,1.);
#1579 = DIRECTION('',(1.,0.,-0.));
#1580 = FACE_BOUND('',#1581,.T.);
#1581 = EDGE_LOOP('',(#1582,#1592,#1600,#1608));
#1582 = ORIENTED_EDGE('',*,*,#1583,.T.);
#1583 = EDGE_CURVE('',#1584,#1586,#1588,.T.);
#1584 = VERTEX_POINT('',#1585);
#1585 = CARTESIAN_POINT('',(191.993,96.794,1.5));
#1586 = VERTEX_POINT('',#1587);
#1587 = CARTESIAN_POINT('',(191.993,82.794,1.5));
#1588 = LINE('',#1589,#1590);
#1589 = CARTESIAN_POINT('',(191.993,40.6935,1.5));
#1590 = VECTOR('',#1591,1.);
#1591 = DIRECTION('',(0.,-1.,0.));
#1592 = ORIENTED_EDGE('',*,*,#1593,.T.);
#1593 = EDGE_CURVE('',#1586,#1594,#1596,.T.);
#1594 = VERTEX_POINT('',#1595);
#1595 = CARTESIAN_POINT('',(177.993,82.794,1.5));
#1596 = LINE('',#1597,#1598);
#1597 = CARTESIAN_POINT('',(88.268,82.794,1.5));
#1598 = VECTOR('',#1599,1.);
#1599 = DIRECTION('',(-1.,0.,0.));
#1600 = ORIENTED_EDGE('',*,*,#1601,.T.);
#1601 = EDGE_CURVE('',#1594,#1602,#1604,.T.);
#1602 = VERTEX_POINT('',#1603);
#1603 = CARTESIAN_POINT('',(177.993,96.794,1.5));
#1604 = LINE('',#1605,#1606);
#1605 = CARTESIAN_POINT('',(177.993,47.6935,1.5));
#1606 = VECTOR('',#1607,1.);
#1607 = DIRECTION('',(-0.,1.,0.));
#1608 = ORIENTED_EDGE('',*,*,#1609,.T.);
#1609 = EDGE_CURVE('',#1602,#1584,#1610,.T.);
#1610 = LINE('',#1611,#1612);
#1611 = CARTESIAN_POINT('',(95.268,96.794,1.5));
#1612 = VECTOR('',#1613,1.);
#1613 = DIRECTION('',(1.,0.,-0.));
#1614 = FACE_BOUND('',#1615,.T.);
#1615 = EDGE_LOOP('',(#1616));
#1616 = ORIENTED_EDGE('',*,*,#1617,.F.);
#1617 = EDGE_CURVE('',#1618,#1618,#1620,.T.);
#1618 = VERTEX_POINT('',#1619);
#1619 = CARTESIAN_POINT('',(198.66839725679,100.36720599441,1.5));
#1620 = CIRCLE('',#1621,3.1);
#1621 = AXIS2_PLACEMENT_3D('',#1622,#1623,#1624);
#1622 = CARTESIAN_POINT('',(195.56839725679,100.36720599441,1.5));
#1623 = DIRECTION('',(0.,0.,1.));
#1624 = DIRECTION('',(1.,0.,-0.));
#1625 = PLANE('',#1626);
#1626 = AXIS2_PLACEMENT_3D('',#1627,#1628,#1629);
#1627 = CARTESIAN_POINT('',(-1.457,-1.407,1.5));
#1628 = DIRECTION('',(0.,0.,1.));
#1629 = DIRECTION('',(1.,0.,-0.));
#1630 = ADVANCED_FACE('',(#1631),#1650,.T.);
#1631 = FACE_BOUND('',#1632,.T.);
#1632 = EDGE_LOOP('',(#1633,#1642,#1648,#1649));
#1633 = ORIENTED_EDGE('',*,*,#1634,.T.);
#1634 = EDGE_CURVE('',#32,#1635,#1637,.T.);
#1635 = VERTEX_POINT('',#1636);
#1636 = CARTESIAN_POINT('',(3.543,-1.407,0.));
#1637 = CIRCLE('',#1638,5.);
#1638 = AXIS2_PLACEMENT_3D('',#1639,#1640,#1641);
#1639 = CARTESIAN_POINT('',(3.543,3.593,0.));
#1640 = DIRECTION('',(0.,0.,1.));
#1641 = DIRECTION('',(0.,-1.,0.));
#1642 = ORIENTED_EDGE('',*,*,#1643,.T.);
#1643 = EDGE_CURVE('',#1635,#63,#1644,.T.);
#1644 = LINE('',#1645,#1646);
#1645 = CARTESIAN_POINT('',(3.543,-1.407,0.));
#1646 = VECTOR('',#1647,1.);
#1647 = DIRECTION('',(0.,0.,1.));
#1648 = ORIENTED_EDGE('',*,*,#62,.F.);
#1649 = ORIENTED_EDGE('',*,*,#31,.F.);
#1650 = CYLINDRICAL_SURFACE('',#1651,5.);
#1651 = AXIS2_PLACEMENT_3D('',#1652,#1653,#1654);
#1652 = CARTESIAN_POINT('',(3.543,3.593,0.));
#1653 = DIRECTION('',(0.,0.,1.));
#1654 = DIRECTION('',(-1.,-0.,0.));
#1655 = ADVANCED_FACE('',(#1656),#1675,.T.);
#1656 = FACE_BOUND('',#1657,.F.);
#1657 = EDGE_LOOP('',(#1658,#1667,#1673,#1674));
#1658 = ORIENTED_EDGE('',*,*,#1659,.T.);
#1659 = EDGE_CURVE('',#40,#1660,#1662,.T.);
#1660 = VERTEX_POINT('',#1661);
#1661 = CARTESIAN_POINT('',(3.543,104.794,0.));
#1662 = CIRCLE('',#1663,5.);
#1663 = AXIS2_PLACEMENT_3D('',#1664,#1665,#1666);
#1664 = CARTESIAN_POINT('',(3.543,99.794,0.));
#1665 = DIRECTION('',(-0.,-0.,-1.));
#1666 = DIRECTION('',(0.,-1.,0.));
#1667 = ORIENTED_EDGE('',*,*,#1668,.T.);
#1668 = EDGE_CURVE('',#1660,#106,#1669,.T.);
#1669 = LINE('',#1670,#1671);
#1670 = CARTESIAN_POINT('',(3.543,104.794,0.));
#1671 = VECTOR('',#1672,1.);
#1672 = DIRECTION('',(0.,0.,1.));
#1673 = ORIENTED_EDGE('',*,*,#113,.F.);
#1674 = ORIENTED_EDGE('',*,*,#47,.F.);
#1675 = CYLINDRICAL_SURFACE('',#1676,5.);
#1676 = AXIS2_PLACEMENT_3D('',#1677,#1678,#1679);
#1677 = CARTESIAN_POINT('',(3.543,99.794,0.));
#1678 = DIRECTION('',(0.,0.,1.));
#1679 = DIRECTION('',(-1.,-0.,0.));
#1680 = ADVANCED_FACE('',(#1681,#1726,#1737,#1771,#1805,#1839,#1873,
    #1907,#1941,#1975,#2009,#2043,#2077,#2111,#2145,#2156,#2190,#2224,
    #2258,#2292,#2326,#2360,#2394,#2428,#2462,#2496,#2530,#2564,#2598,
    #2632,#2666,#2677,#2711,#2745,#2779,#2813,#2847,#2881,#2915,#2949,
    #2983,#3017,#3051,#3085,#3119,#3153,#3187,#3221),#3232,.F.);
#1681 = FACE_BOUND('',#1682,.F.);
#1682 = EDGE_LOOP('',(#1683,#1684,#1685,#1693,#1702,#1710,#1719,#1725));
#1683 = ORIENTED_EDGE('',*,*,#39,.F.);
#1684 = ORIENTED_EDGE('',*,*,#1634,.T.);
#1685 = ORIENTED_EDGE('',*,*,#1686,.T.);
#1686 = EDGE_CURVE('',#1635,#1687,#1689,.T.);
#1687 = VERTEX_POINT('',#1688);
#1688 = CARTESIAN_POINT('',(194.993,-1.407,0.));
#1689 = LINE('',#1690,#1691);
#1690 = CARTESIAN_POINT('',(-1.457,-1.407,0.));
#1691 = VECTOR('',#1692,1.);
#1692 = DIRECTION('',(1.,0.,-0.));
#1693 = ORIENTED_EDGE('',*,*,#1694,.F.);
#1694 = EDGE_CURVE('',#1695,#1687,#1697,.T.);
#1695 = VERTEX_POINT('',#1696);
#1696 = CARTESIAN_POINT('',(199.993,3.593,0.));
#1697 = CIRCLE('',#1698,5.);
#1698 = AXIS2_PLACEMENT_3D('',#1699,#1700,#1701);
#1699 = CARTESIAN_POINT('',(194.993,3.593,0.));
#1700 = DIRECTION('',(-0.,-0.,-1.));
#1701 = DIRECTION('',(0.,-1.,0.));
#1702 = ORIENTED_EDGE('',*,*,#1703,.T.);
#1703 = EDGE_CURVE('',#1695,#1704,#1706,.T.);
#1704 = VERTEX_POINT('',#1705);
#1705 = CARTESIAN_POINT('',(199.993,99.794,0.));
#1706 = LINE('',#1707,#1708);
#1707 = CARTESIAN_POINT('',(199.993,-1.407,0.));
#1708 = VECTOR('',#1709,1.);
#1709 = DIRECTION('',(-0.,1.,0.));
#1710 = ORIENTED_EDGE('',*,*,#1711,.T.);
#1711 = EDGE_CURVE('',#1704,#1712,#1714,.T.);
#1712 = VERTEX_POINT('',#1713);
#1713 = CARTESIAN_POINT('',(194.993,104.794,0.));
#1714 = CIRCLE('',#1715,5.);
#1715 = AXIS2_PLACEMENT_3D('',#1716,#1717,#1718);
#1716 = CARTESIAN_POINT('',(194.993,99.794,0.));
#1717 = DIRECTION('',(0.,0.,1.));
#1718 = DIRECTION('',(0.,-1.,0.));
#1719 = ORIENTED_EDGE('',*,*,#1720,.F.);
#1720 = EDGE_CURVE('',#1660,#1712,#1721,.T.);
#1721 = LINE('',#1722,#1723);
#1722 = CARTESIAN_POINT('',(-1.457,104.794,0.));
#1723 = VECTOR('',#1724,1.);
#1724 = DIRECTION('',(1.,0.,-0.));
#1725 = ORIENTED_EDGE('',*,*,#1659,.F.);
#1726 = FACE_BOUND('',#1727,.F.);
#1727 = EDGE_LOOP('',(#1728));
#1728 = ORIENTED_EDGE('',*,*,#1729,.F.);
#1729 = EDGE_CURVE('',#1730,#1730,#1732,.T.);
#1730 = VERTEX_POINT('',#1731);
#1731 = CARTESIAN_POINT('',(4.66808483617,3.018851917704,0.));
#1732 = CIRCLE('',#1733,1.7);
#1733 = AXIS2_PLACEMENT_3D('',#1734,#1735,#1736);
#1734 = CARTESIAN_POINT('',(2.96808483617,3.018851917704,0.));
#1735 = DIRECTION('',(0.,0.,1.));
#1736 = DIRECTION('',(1.,0.,-0.));
#1737 = FACE_BOUND('',#1738,.F.);
#1738 = EDGE_LOOP('',(#1739,#1749,#1757,#1765));
#1739 = ORIENTED_EDGE('',*,*,#1740,.T.);
#1740 = EDGE_CURVE('',#1741,#1743,#1745,.T.);
#1741 = VERTEX_POINT('',#1742);
#1742 = CARTESIAN_POINT('',(25.251,20.649,0.));
#1743 = VERTEX_POINT('',#1744);
#1744 = CARTESIAN_POINT('',(25.251,6.649,0.));
#1745 = LINE('',#1746,#1747);
#1746 = CARTESIAN_POINT('',(25.251,2.621,0.));
#1747 = VECTOR('',#1748,1.);
#1748 = DIRECTION('',(0.,-1.,0.));
#1749 = ORIENTED_EDGE('',*,*,#1750,.T.);
#1750 = EDGE_CURVE('',#1743,#1751,#1753,.T.);
#1751 = VERTEX_POINT('',#1752);
#1752 = CARTESIAN_POINT('',(11.251,6.649,0.));
#1753 = LINE('',#1754,#1755);
#1754 = CARTESIAN_POINT('',(4.897,6.649,0.));
#1755 = VECTOR('',#1756,1.);
#1756 = DIRECTION('',(-1.,0.,0.));
#1757 = ORIENTED_EDGE('',*,*,#1758,.T.);
#1758 = EDGE_CURVE('',#1751,#1759,#1761,.T.);
#1759 = VERTEX_POINT('',#1760);
#1760 = CARTESIAN_POINT('',(11.251,20.649,0.));
#1761 = LINE('',#1762,#1763);
#1762 = CARTESIAN_POINT('',(11.251,9.621,0.));
#1763 = VECTOR('',#1764,1.);
#1764 = DIRECTION('',(-0.,1.,0.));
#1765 = ORIENTED_EDGE('',*,*,#1766,.T.);
#1766 = EDGE_CURVE('',#1759,#1741,#1767,.T.);
#1767 = LINE('',#1768,#1769);
#1768 = CARTESIAN_POINT('',(11.897,20.649,0.));
#1769 = VECTOR('',#1770,1.);
#1770 = DIRECTION('',(1.,0.,-0.));
#1771 = FACE_BOUND('',#1772,.F.);
#1772 = EDGE_LOOP('',(#1773,#1783,#1791,#1799));
#1773 = ORIENTED_EDGE('',*,*,#1774,.T.);
#1774 = EDGE_CURVE('',#1775,#1777,#1779,.T.);
#1775 = VERTEX_POINT('',#1776);
#1776 = CARTESIAN_POINT('',(61.024,20.593,0.));
#1777 = VERTEX_POINT('',#1778);
#1778 = CARTESIAN_POINT('',(61.024,6.593,0.));
#1779 = LINE('',#1780,#1781);
#1780 = CARTESIAN_POINT('',(61.024,2.593,0.));
#1781 = VECTOR('',#1782,1.);
#1782 = DIRECTION('',(0.,-1.,0.));
#1783 = ORIENTED_EDGE('',*,*,#1784,.T.);
#1784 = EDGE_CURVE('',#1777,#1785,#1787,.T.);
#1785 = VERTEX_POINT('',#1786);
#1786 = CARTESIAN_POINT('',(47.024,6.593,0.));
#1787 = LINE('',#1788,#1789);
#1788 = CARTESIAN_POINT('',(22.7835,6.593,0.));
#1789 = VECTOR('',#1790,1.);
#1790 = DIRECTION('',(-1.,0.,0.));
#1791 = ORIENTED_EDGE('',*,*,#1792,.T.);
#1792 = EDGE_CURVE('',#1785,#1793,#1795,.T.);
#1793 = VERTEX_POINT('',#1794);
#1794 = CARTESIAN_POINT('',(47.024,20.593,0.));
#1795 = LINE('',#1796,#1797);
#1796 = CARTESIAN_POINT('',(47.024,9.593,0.));
#1797 = VECTOR('',#1798,1.);
#1798 = DIRECTION('',(-0.,1.,0.));
#1799 = ORIENTED_EDGE('',*,*,#1800,.T.);
#1800 = EDGE_CURVE('',#1793,#1775,#1801,.T.);
#1801 = LINE('',#1802,#1803);
#1802 = CARTESIAN_POINT('',(29.7835,20.593,0.));
#1803 = VECTOR('',#1804,1.);
#1804 = DIRECTION('',(1.,0.,-0.));
#1805 = FACE_BOUND('',#1806,.F.);
#1806 = EDGE_LOOP('',(#1807,#1817,#1825,#1833));
#1807 = ORIENTED_EDGE('',*,*,#1808,.T.);
#1808 = EDGE_CURVE('',#1809,#1811,#1813,.T.);
#1809 = VERTEX_POINT('',#1810);
#1810 = CARTESIAN_POINT('',(96.744,20.638,0.));
#1811 = VERTEX_POINT('',#1812);
#1812 = CARTESIAN_POINT('',(96.744,6.638,0.));
#1813 = LINE('',#1814,#1815);
#1814 = CARTESIAN_POINT('',(96.744,2.6155,0.));
#1815 = VECTOR('',#1816,1.);
#1816 = DIRECTION('',(0.,-1.,0.));
#1817 = ORIENTED_EDGE('',*,*,#1818,.T.);
#1818 = EDGE_CURVE('',#1811,#1819,#1821,.T.);
#1819 = VERTEX_POINT('',#1820);
#1820 = CARTESIAN_POINT('',(82.744,6.638,0.));
#1821 = LINE('',#1822,#1823);
#1822 = CARTESIAN_POINT('',(40.6435,6.638,0.));
#1823 = VECTOR('',#1824,1.);
#1824 = DIRECTION('',(-1.,0.,0.));
#1825 = ORIENTED_EDGE('',*,*,#1826,.T.);
#1826 = EDGE_CURVE('',#1819,#1827,#1829,.T.);
#1827 = VERTEX_POINT('',#1828);
#1828 = CARTESIAN_POINT('',(82.744,20.638,0.));
#1829 = LINE('',#1830,#1831);
#1830 = CARTESIAN_POINT('',(82.744,9.6155,0.));
#1831 = VECTOR('',#1832,1.);
#1832 = DIRECTION('',(-0.,1.,0.));
#1833 = ORIENTED_EDGE('',*,*,#1834,.T.);
#1834 = EDGE_CURVE('',#1827,#1809,#1835,.T.);
#1835 = LINE('',#1836,#1837);
#1836 = CARTESIAN_POINT('',(47.6435,20.638,0.));
#1837 = VECTOR('',#1838,1.);
#1838 = DIRECTION('',(1.,0.,-0.));
#1839 = FACE_BOUND('',#1840,.F.);
#1840 = EDGE_LOOP('',(#1841,#1851,#1859,#1867));
#1841 = ORIENTED_EDGE('',*,*,#1842,.T.);
#1842 = EDGE_CURVE('',#1843,#1845,#1847,.T.);
#1843 = VERTEX_POINT('',#1844);
#1844 = CARTESIAN_POINT('',(25.305,39.644,0.));
#1845 = VERTEX_POINT('',#1846);
#1846 = CARTESIAN_POINT('',(25.305,25.644,0.));
#1847 = LINE('',#1848,#1849);
#1848 = CARTESIAN_POINT('',(25.305,12.1185,0.));
#1849 = VECTOR('',#1850,1.);
#1850 = DIRECTION('',(0.,-1.,0.));
#1851 = ORIENTED_EDGE('',*,*,#1852,.T.);
#1852 = EDGE_CURVE('',#1845,#1853,#1855,.T.);
#1853 = VERTEX_POINT('',#1854);
#1854 = CARTESIAN_POINT('',(11.305,25.644,0.));
#1855 = LINE('',#1856,#1857);
#1856 = CARTESIAN_POINT('',(4.924,25.644,0.));
#1857 = VECTOR('',#1858,1.);
#1858 = DIRECTION('',(-1.,0.,0.));
#1859 = ORIENTED_EDGE('',*,*,#1860,.T.);
#1860 = EDGE_CURVE('',#1853,#1861,#1863,.T.);
#1861 = VERTEX_POINT('',#1862);
#1862 = CARTESIAN_POINT('',(11.305,39.644,0.));
#1863 = LINE('',#1864,#1865);
#1864 = CARTESIAN_POINT('',(11.305,19.1185,0.));
#1865 = VECTOR('',#1866,1.);
#1866 = DIRECTION('',(-0.,1.,0.));
#1867 = ORIENTED_EDGE('',*,*,#1868,.T.);
#1868 = EDGE_CURVE('',#1861,#1843,#1869,.T.);
#1869 = LINE('',#1870,#1871);
#1870 = CARTESIAN_POINT('',(11.924,39.644,0.));
#1871 = VECTOR('',#1872,1.);
#1872 = DIRECTION('',(1.,0.,-0.));
#1873 = FACE_BOUND('',#1874,.F.);
#1874 = EDGE_LOOP('',(#1875,#1885,#1893,#1901));
#1875 = ORIENTED_EDGE('',*,*,#1876,.T.);
#1876 = EDGE_CURVE('',#1877,#1879,#1881,.T.);
#1877 = VERTEX_POINT('',#1878);
#1878 = CARTESIAN_POINT('',(44.355,39.644,0.));
#1879 = VERTEX_POINT('',#1880);
#1880 = CARTESIAN_POINT('',(44.355,25.644,0.));
#1881 = LINE('',#1882,#1883);
#1882 = CARTESIAN_POINT('',(44.355,12.1185,0.));
#1883 = VECTOR('',#1884,1.);
#1884 = DIRECTION('',(0.,-1.,0.));
#1885 = ORIENTED_EDGE('',*,*,#1886,.T.);
#1886 = EDGE_CURVE('',#1879,#1887,#1889,.T.);
#1887 = VERTEX_POINT('',#1888);
#1888 = CARTESIAN_POINT('',(30.355,25.644,0.));
#1889 = LINE('',#1890,#1891);
#1890 = CARTESIAN_POINT('',(14.449,25.644,0.));
#1891 = VECTOR('',#1892,1.);
#1892 = DIRECTION('',(-1.,0.,0.));
#1893 = ORIENTED_EDGE('',*,*,#1894,.T.);
#1894 = EDGE_CURVE('',#1887,#1895,#1897,.T.);
#1895 = VERTEX_POINT('',#1896);
#1896 = CARTESIAN_POINT('',(30.355,39.644,0.));
#1897 = LINE('',#1898,#1899);
#1898 = CARTESIAN_POINT('',(30.355,19.1185,0.));
#1899 = VECTOR('',#1900,1.);
#1900 = DIRECTION('',(-0.,1.,0.));
#1901 = ORIENTED_EDGE('',*,*,#1902,.T.);
#1902 = EDGE_CURVE('',#1895,#1877,#1903,.T.);
#1903 = LINE('',#1904,#1905);
#1904 = CARTESIAN_POINT('',(21.449,39.644,0.));
#1905 = VECTOR('',#1906,1.);
#1906 = DIRECTION('',(1.,0.,-0.));
#1907 = FACE_BOUND('',#1908,.F.);
#1908 = EDGE_LOOP('',(#1909,#1919,#1927,#1935));
#1909 = ORIENTED_EDGE('',*,*,#1910,.T.);
#1910 = EDGE_CURVE('',#1911,#1913,#1915,.T.);
#1911 = VERTEX_POINT('',#1912);
#1912 = CARTESIAN_POINT('',(63.406,39.644,0.));
#1913 = VERTEX_POINT('',#1914);
#1914 = CARTESIAN_POINT('',(63.406,25.644,0.));
#1915 = LINE('',#1916,#1917);
#1916 = CARTESIAN_POINT('',(63.406,12.1185,0.));
#1917 = VECTOR('',#1918,1.);
#1918 = DIRECTION('',(0.,-1.,0.));
#1919 = ORIENTED_EDGE('',*,*,#1920,.T.);
#1920 = EDGE_CURVE('',#1913,#1921,#1923,.T.);
#1921 = VERTEX_POINT('',#1922);
#1922 = CARTESIAN_POINT('',(49.406,25.644,0.));
#1923 = LINE('',#1924,#1925);
#1924 = CARTESIAN_POINT('',(23.9745,25.644,0.));
#1925 = VECTOR('',#1926,1.);
#1926 = DIRECTION('',(-1.,0.,0.));
#1927 = ORIENTED_EDGE('',*,*,#1928,.T.);
#1928 = EDGE_CURVE('',#1921,#1929,#1931,.T.);
#1929 = VERTEX_POINT('',#1930);
#1930 = CARTESIAN_POINT('',(49.406,39.644,0.));
#1931 = LINE('',#1932,#1933);
#1932 = CARTESIAN_POINT('',(49.406,19.1185,0.));
#1933 = VECTOR('',#1934,1.);
#1934 = DIRECTION('',(-0.,1.,0.));
#1935 = ORIENTED_EDGE('',*,*,#1936,.T.);
#1936 = EDGE_CURVE('',#1929,#1911,#1937,.T.);
#1937 = LINE('',#1938,#1939);
#1938 = CARTESIAN_POINT('',(30.9745,39.644,0.));
#1939 = VECTOR('',#1940,1.);
#1940 = DIRECTION('',(1.,0.,-0.));
#1941 = FACE_BOUND('',#1942,.F.);
#1942 = EDGE_LOOP('',(#1943,#1953,#1961,#1969));
#1943 = ORIENTED_EDGE('',*,*,#1944,.T.);
#1944 = EDGE_CURVE('',#1945,#1947,#1949,.T.);
#1945 = VERTEX_POINT('',#1946);
#1946 = CARTESIAN_POINT('',(82.456,39.644,0.));
#1947 = VERTEX_POINT('',#1948);
#1948 = CARTESIAN_POINT('',(82.456,25.644,0.));
#1949 = LINE('',#1950,#1951);
#1950 = CARTESIAN_POINT('',(82.456,12.1185,0.));
#1951 = VECTOR('',#1952,1.);
#1952 = DIRECTION('',(0.,-1.,0.));
#1953 = ORIENTED_EDGE('',*,*,#1954,.T.);
#1954 = EDGE_CURVE('',#1947,#1955,#1957,.T.);
#1955 = VERTEX_POINT('',#1956);
#1956 = CARTESIAN_POINT('',(68.456,25.644,0.));
#1957 = LINE('',#1958,#1959);
#1958 = CARTESIAN_POINT('',(33.4995,25.644,0.));
#1959 = VECTOR('',#1960,1.);
#1960 = DIRECTION('',(-1.,0.,0.));
#1961 = ORIENTED_EDGE('',*,*,#1962,.T.);
#1962 = EDGE_CURVE('',#1955,#1963,#1965,.T.);
#1963 = VERTEX_POINT('',#1964);
#1964 = CARTESIAN_POINT('',(68.456,39.644,0.));
#1965 = LINE('',#1966,#1967);
#1966 = CARTESIAN_POINT('',(68.456,19.1185,0.));
#1967 = VECTOR('',#1968,1.);
#1968 = DIRECTION('',(-0.,1.,0.));
#1969 = ORIENTED_EDGE('',*,*,#1970,.T.);
#1970 = EDGE_CURVE('',#1963,#1945,#1971,.T.);
#1971 = LINE('',#1972,#1973);
#1972 = CARTESIAN_POINT('',(40.4995,39.644,0.));
#1973 = VECTOR('',#1974,1.);
#1974 = DIRECTION('',(1.,0.,-0.));
#1975 = FACE_BOUND('',#1976,.F.);
#1976 = EDGE_LOOP('',(#1977,#1987,#1995,#2003));
#1977 = ORIENTED_EDGE('',*,*,#1978,.T.);
#1978 = EDGE_CURVE('',#1979,#1981,#1983,.T.);
#1979 = VERTEX_POINT('',#1980);
#1980 = CARTESIAN_POINT('',(101.506,39.644,0.));
#1981 = VERTEX_POINT('',#1982);
#1982 = CARTESIAN_POINT('',(101.506,25.644,0.));
#1983 = LINE('',#1984,#1985);
#1984 = CARTESIAN_POINT('',(101.506,12.1185,0.));
#1985 = VECTOR('',#1986,1.);
#1986 = DIRECTION('',(0.,-1.,0.));
#1987 = ORIENTED_EDGE('',*,*,#1988,.T.);
#1988 = EDGE_CURVE('',#1981,#1989,#1991,.T.);
#1989 = VERTEX_POINT('',#1990);
#1990 = CARTESIAN_POINT('',(87.506,25.644,0.));
#1991 = LINE('',#1992,#1993);
#1992 = CARTESIAN_POINT('',(43.0245,25.644,0.));
#1993 = VECTOR('',#1994,1.);
#1994 = DIRECTION('',(-1.,0.,0.));
#1995 = ORIENTED_EDGE('',*,*,#1996,.T.);
#1996 = EDGE_CURVE('',#1989,#1997,#1999,.T.);
#1997 = VERTEX_POINT('',#1998);
#1998 = CARTESIAN_POINT('',(87.506,39.644,0.));
#1999 = LINE('',#2000,#2001);
#2000 = CARTESIAN_POINT('',(87.506,19.1185,0.));
#2001 = VECTOR('',#2002,1.);
#2002 = DIRECTION('',(-0.,1.,0.));
#2003 = ORIENTED_EDGE('',*,*,#2004,.T.);
#2004 = EDGE_CURVE('',#1997,#1979,#2005,.T.);
#2005 = LINE('',#2006,#2007);
#2006 = CARTESIAN_POINT('',(50.0245,39.644,0.));
#2007 = VECTOR('',#2008,1.);
#2008 = DIRECTION('',(1.,0.,-0.));
#2009 = FACE_BOUND('',#2010,.F.);
#2010 = EDGE_LOOP('',(#2011,#2021,#2029,#2037));
#2011 = ORIENTED_EDGE('',*,*,#2012,.T.);
#2012 = EDGE_CURVE('',#2013,#2015,#2017,.T.);
#2013 = VERTEX_POINT('',#2014);
#2014 = CARTESIAN_POINT('',(115.785,20.638,0.));
#2015 = VERTEX_POINT('',#2016);
#2016 = CARTESIAN_POINT('',(115.785,6.638,0.));
#2017 = LINE('',#2018,#2019);
#2018 = CARTESIAN_POINT('',(115.785,2.6155,0.));
#2019 = VECTOR('',#2020,1.);
#2020 = DIRECTION('',(0.,-1.,0.));
#2021 = ORIENTED_EDGE('',*,*,#2022,.T.);
#2022 = EDGE_CURVE('',#2015,#2023,#2025,.T.);
#2023 = VERTEX_POINT('',#2024);
#2024 = CARTESIAN_POINT('',(101.785,6.638,0.));
#2025 = LINE('',#2026,#2027);
#2026 = CARTESIAN_POINT('',(50.164,6.638,0.));
#2027 = VECTOR('',#2028,1.);
#2028 = DIRECTION('',(-1.,0.,0.));
#2029 = ORIENTED_EDGE('',*,*,#2030,.T.);
#2030 = EDGE_CURVE('',#2023,#2031,#2033,.T.);
#2031 = VERTEX_POINT('',#2032);
#2032 = CARTESIAN_POINT('',(101.785,20.638,0.));
#2033 = LINE('',#2034,#2035);
#2034 = CARTESIAN_POINT('',(101.785,9.6155,0.));
#2035 = VECTOR('',#2036,1.);
#2036 = DIRECTION('',(-0.,1.,0.));
#2037 = ORIENTED_EDGE('',*,*,#2038,.T.);
#2038 = EDGE_CURVE('',#2031,#2013,#2039,.T.);
#2039 = LINE('',#2040,#2041);
#2040 = CARTESIAN_POINT('',(57.164,20.638,0.));
#2041 = VECTOR('',#2042,1.);
#2042 = DIRECTION('',(1.,0.,-0.));
#2043 = FACE_BOUND('',#2044,.F.);
#2044 = EDGE_LOOP('',(#2045,#2055,#2063,#2071));
#2045 = ORIENTED_EDGE('',*,*,#2046,.T.);
#2046 = EDGE_CURVE('',#2047,#2049,#2051,.T.);
#2047 = VERTEX_POINT('',#2048);
#2048 = CARTESIAN_POINT('',(134.826,20.638,0.));
#2049 = VERTEX_POINT('',#2050);
#2050 = CARTESIAN_POINT('',(134.826,6.638,0.));
#2051 = LINE('',#2052,#2053);
#2052 = CARTESIAN_POINT('',(134.826,2.6155,0.));
#2053 = VECTOR('',#2054,1.);
#2054 = DIRECTION('',(0.,-1.,0.));
#2055 = ORIENTED_EDGE('',*,*,#2056,.T.);
#2056 = EDGE_CURVE('',#2049,#2057,#2059,.T.);
#2057 = VERTEX_POINT('',#2058);
#2058 = CARTESIAN_POINT('',(120.826,6.638,0.));
#2059 = LINE('',#2060,#2061);
#2060 = CARTESIAN_POINT('',(59.6845,6.638,0.));
#2061 = VECTOR('',#2062,1.);
#2062 = DIRECTION('',(-1.,0.,0.));
#2063 = ORIENTED_EDGE('',*,*,#2064,.T.);
#2064 = EDGE_CURVE('',#2057,#2065,#2067,.T.);
#2065 = VERTEX_POINT('',#2066);
#2066 = CARTESIAN_POINT('',(120.826,20.638,0.));
#2067 = LINE('',#2068,#2069);
#2068 = CARTESIAN_POINT('',(120.826,9.6155,0.));
#2069 = VECTOR('',#2070,1.);
#2070 = DIRECTION('',(-0.,1.,0.));
#2071 = ORIENTED_EDGE('',*,*,#2072,.T.);
#2072 = EDGE_CURVE('',#2065,#2047,#2073,.T.);
#2073 = LINE('',#2074,#2075);
#2074 = CARTESIAN_POINT('',(66.6845,20.638,0.));
#2075 = VECTOR('',#2076,1.);
#2076 = DIRECTION('',(1.,0.,-0.));
#2077 = FACE_BOUND('',#2078,.F.);
#2078 = EDGE_LOOP('',(#2079,#2089,#2097,#2105));
#2079 = ORIENTED_EDGE('',*,*,#2080,.T.);
#2080 = EDGE_CURVE('',#2081,#2083,#2085,.T.);
#2081 = VERTEX_POINT('',#2082);
#2082 = CARTESIAN_POINT('',(153.867,20.638,0.));
#2083 = VERTEX_POINT('',#2084);
#2084 = CARTESIAN_POINT('',(153.867,6.638,0.));
#2085 = LINE('',#2086,#2087);
#2086 = CARTESIAN_POINT('',(153.867,2.6155,0.));
#2087 = VECTOR('',#2088,1.);
#2088 = DIRECTION('',(0.,-1.,0.));
#2089 = ORIENTED_EDGE('',*,*,#2090,.T.);
#2090 = EDGE_CURVE('',#2083,#2091,#2093,.T.);
#2091 = VERTEX_POINT('',#2092);
#2092 = CARTESIAN_POINT('',(139.867,6.638,0.));
#2093 = LINE('',#2094,#2095);
#2094 = CARTESIAN_POINT('',(69.205,6.638,0.));
#2095 = VECTOR('',#2096,1.);
#2096 = DIRECTION('',(-1.,0.,0.));
#2097 = ORIENTED_EDGE('',*,*,#2098,.T.);
#2098 = EDGE_CURVE('',#2091,#2099,#2101,.T.);
#2099 = VERTEX_POINT('',#2100);
#2100 = CARTESIAN_POINT('',(139.867,20.638,0.));
#2101 = LINE('',#2102,#2103);
#2102 = CARTESIAN_POINT('',(139.867,9.6155,0.));
#2103 = VECTOR('',#2104,1.);
#2104 = DIRECTION('',(-0.,1.,0.));
#2105 = ORIENTED_EDGE('',*,*,#2106,.T.);
#2106 = EDGE_CURVE('',#2099,#2081,#2107,.T.);
#2107 = LINE('',#2108,#2109);
#2108 = CARTESIAN_POINT('',(76.205,20.638,0.));
#2109 = VECTOR('',#2110,1.);
#2110 = DIRECTION('',(1.,0.,-0.));
#2111 = FACE_BOUND('',#2112,.F.);
#2112 = EDGE_LOOP('',(#2113,#2123,#2131,#2139));
#2113 = ORIENTED_EDGE('',*,*,#2114,.T.);
#2114 = EDGE_CURVE('',#2115,#2117,#2119,.T.);
#2115 = VERTEX_POINT('',#2116);
#2116 = CARTESIAN_POINT('',(172.908,20.638,0.));
#2117 = VERTEX_POINT('',#2118);
#2118 = CARTESIAN_POINT('',(172.908,6.638,0.));
#2119 = LINE('',#2120,#2121);
#2120 = CARTESIAN_POINT('',(172.908,2.6155,0.));
#2121 = VECTOR('',#2122,1.);
#2122 = DIRECTION('',(0.,-1.,0.));
#2123 = ORIENTED_EDGE('',*,*,#2124,.T.);
#2124 = EDGE_CURVE('',#2117,#2125,#2127,.T.);
#2125 = VERTEX_POINT('',#2126);
#2126 = CARTESIAN_POINT('',(158.908,6.638,0.));
#2127 = LINE('',#2128,#2129);
#2128 = CARTESIAN_POINT('',(78.7255,6.638,0.));
#2129 = VECTOR('',#2130,1.);
#2130 = DIRECTION('',(-1.,0.,0.));
#2131 = ORIENTED_EDGE('',*,*,#2132,.T.);
#2132 = EDGE_CURVE('',#2125,#2133,#2135,.T.);
#2133 = VERTEX_POINT('',#2134);
#2134 = CARTESIAN_POINT('',(158.908,20.638,0.));
#2135 = LINE('',#2136,#2137);
#2136 = CARTESIAN_POINT('',(158.908,9.6155,0.));
#2137 = VECTOR('',#2138,1.);
#2138 = DIRECTION('',(-0.,1.,0.));
#2139 = ORIENTED_EDGE('',*,*,#2140,.T.);
#2140 = EDGE_CURVE('',#2133,#2115,#2141,.T.);
#2141 = LINE('',#2142,#2143);
#2142 = CARTESIAN_POINT('',(85.7255,20.638,0.));
#2143 = VECTOR('',#2144,1.);
#2144 = DIRECTION('',(1.,0.,-0.));
#2145 = FACE_BOUND('',#2146,.F.);
#2146 = EDGE_LOOP('',(#2147));
#2147 = ORIENTED_EDGE('',*,*,#2148,.F.);
#2148 = EDGE_CURVE('',#2149,#2149,#2151,.T.);
#2149 = VERTEX_POINT('',#2150);
#2150 = CARTESIAN_POINT('',(197.26839725679,3.018851917704,0.));
#2151 = CIRCLE('',#2152,1.7);
#2152 = AXIS2_PLACEMENT_3D('',#2153,#2154,#2155);
#2153 = CARTESIAN_POINT('',(195.56839725679,3.018851917704,0.));
#2154 = DIRECTION('',(0.,0.,1.));
#2155 = DIRECTION('',(1.,0.,-0.));
#2156 = FACE_BOUND('',#2157,.F.);
#2157 = EDGE_LOOP('',(#2158,#2168,#2176,#2184));
#2158 = ORIENTED_EDGE('',*,*,#2159,.T.);
#2159 = EDGE_CURVE('',#2160,#2162,#2164,.T.);
#2160 = VERTEX_POINT('',#2161);
#2161 = CARTESIAN_POINT('',(191.949,20.638,0.));
#2162 = VERTEX_POINT('',#2163);
#2163 = CARTESIAN_POINT('',(191.949,6.638,0.));
#2164 = LINE('',#2165,#2166);
#2165 = CARTESIAN_POINT('',(191.949,2.6155,0.));
#2166 = VECTOR('',#2167,1.);
#2167 = DIRECTION('',(0.,-1.,0.));
#2168 = ORIENTED_EDGE('',*,*,#2169,.T.);
#2169 = EDGE_CURVE('',#2162,#2170,#2172,.T.);
#2170 = VERTEX_POINT('',#2171);
#2171 = CARTESIAN_POINT('',(177.949,6.638,0.));
#2172 = LINE('',#2173,#2174);
#2173 = CARTESIAN_POINT('',(88.246,6.638,0.));
#2174 = VECTOR('',#2175,1.);
#2175 = DIRECTION('',(-1.,0.,0.));
#2176 = ORIENTED_EDGE('',*,*,#2177,.T.);
#2177 = EDGE_CURVE('',#2170,#2178,#2180,.T.);
#2178 = VERTEX_POINT('',#2179);
#2179 = CARTESIAN_POINT('',(177.949,20.638,0.));
#2180 = LINE('',#2181,#2182);
#2181 = CARTESIAN_POINT('',(177.949,9.6155,0.));
#2182 = VECTOR('',#2183,1.);
#2183 = DIRECTION('',(-0.,1.,0.));
#2184 = ORIENTED_EDGE('',*,*,#2185,.T.);
#2185 = EDGE_CURVE('',#2178,#2160,#2186,.T.);
#2186 = LINE('',#2187,#2188);
#2187 = CARTESIAN_POINT('',(95.246,20.638,0.));
#2188 = VECTOR('',#2189,1.);
#2189 = DIRECTION('',(1.,0.,-0.));
#2190 = FACE_BOUND('',#2191,.F.);
#2191 = EDGE_LOOP('',(#2192,#2202,#2210,#2218));
#2192 = ORIENTED_EDGE('',*,*,#2193,.T.);
#2193 = EDGE_CURVE('',#2194,#2196,#2198,.T.);
#2194 = VERTEX_POINT('',#2195);
#2195 = CARTESIAN_POINT('',(120.556,39.644,0.));
#2196 = VERTEX_POINT('',#2197);
#2197 = CARTESIAN_POINT('',(120.556,25.644,0.));
#2198 = LINE('',#2199,#2200);
#2199 = CARTESIAN_POINT('',(120.556,12.1185,0.));
#2200 = VECTOR('',#2201,1.);
#2201 = DIRECTION('',(0.,-1.,0.));
#2202 = ORIENTED_EDGE('',*,*,#2203,.T.);
#2203 = EDGE_CURVE('',#2196,#2204,#2206,.T.);
#2204 = VERTEX_POINT('',#2205);
#2205 = CARTESIAN_POINT('',(106.556,25.644,0.));
#2206 = LINE('',#2207,#2208);
#2207 = CARTESIAN_POINT('',(52.5495,25.644,0.));
#2208 = VECTOR('',#2209,1.);
#2209 = DIRECTION('',(-1.,0.,0.));
#2210 = ORIENTED_EDGE('',*,*,#2211,.T.);
#2211 = EDGE_CURVE('',#2204,#2212,#2214,.T.);
#2212 = VERTEX_POINT('',#2213);
#2213 = CARTESIAN_POINT('',(106.556,39.644,0.));
#2214 = LINE('',#2215,#2216);
#2215 = CARTESIAN_POINT('',(106.556,19.1185,0.));
#2216 = VECTOR('',#2217,1.);
#2217 = DIRECTION('',(-0.,1.,0.));
#2218 = ORIENTED_EDGE('',*,*,#2219,.T.);
#2219 = EDGE_CURVE('',#2212,#2194,#2220,.T.);
#2220 = LINE('',#2221,#2222);
#2221 = CARTESIAN_POINT('',(59.5495,39.644,0.));
#2222 = VECTOR('',#2223,1.);
#2223 = DIRECTION('',(1.,0.,-0.));
#2224 = FACE_BOUND('',#2225,.F.);
#2225 = EDGE_LOOP('',(#2226,#2236,#2244,#2252));
#2226 = ORIENTED_EDGE('',*,*,#2227,.T.);
#2227 = EDGE_CURVE('',#2228,#2230,#2232,.T.);
#2228 = VERTEX_POINT('',#2229);
#2229 = CARTESIAN_POINT('',(146.771,39.666,0.));
#2230 = VERTEX_POINT('',#2231);
#2231 = CARTESIAN_POINT('',(146.771,25.666,0.));
#2232 = LINE('',#2233,#2234);
#2233 = CARTESIAN_POINT('',(146.771,12.1295,0.));
#2234 = VECTOR('',#2235,1.);
#2235 = DIRECTION('',(0.,-1.,0.));
#2236 = ORIENTED_EDGE('',*,*,#2237,.T.);
#2237 = EDGE_CURVE('',#2230,#2238,#2240,.T.);
#2238 = VERTEX_POINT('',#2239);
#2239 = CARTESIAN_POINT('',(132.771,25.666,0.));
#2240 = LINE('',#2241,#2242);
#2241 = CARTESIAN_POINT('',(65.657,25.666,0.));
#2242 = VECTOR('',#2243,1.);
#2243 = DIRECTION('',(-1.,0.,0.));
#2244 = ORIENTED_EDGE('',*,*,#2245,.T.);
#2245 = EDGE_CURVE('',#2238,#2246,#2248,.T.);
#2246 = VERTEX_POINT('',#2247);
#2247 = CARTESIAN_POINT('',(132.771,39.666,0.));
#2248 = LINE('',#2249,#2250);
#2249 = CARTESIAN_POINT('',(132.771,19.1295,0.));
#2250 = VECTOR('',#2251,1.);
#2251 = DIRECTION('',(-0.,1.,0.));
#2252 = ORIENTED_EDGE('',*,*,#2253,.T.);
#2253 = EDGE_CURVE('',#2246,#2228,#2254,.T.);
#2254 = LINE('',#2255,#2256);
#2255 = CARTESIAN_POINT('',(72.657,39.666,0.));
#2256 = VECTOR('',#2257,1.);
#2257 = DIRECTION('',(1.,0.,-0.));
#2258 = FACE_BOUND('',#2259,.F.);
#2259 = EDGE_LOOP('',(#2260,#2270,#2278,#2286));
#2260 = ORIENTED_EDGE('',*,*,#2261,.T.);
#2261 = EDGE_CURVE('',#2262,#2264,#2266,.T.);
#2262 = VERTEX_POINT('',#2263);
#2263 = CARTESIAN_POINT('',(172.92,39.667,0.));
#2264 = VERTEX_POINT('',#2265);
#2265 = CARTESIAN_POINT('',(172.92,25.667,0.));
#2266 = LINE('',#2267,#2268);
#2267 = CARTESIAN_POINT('',(172.92,12.13,0.));
#2268 = VECTOR('',#2269,1.);
#2269 = DIRECTION('',(0.,-1.,0.));
#2270 = ORIENTED_EDGE('',*,*,#2271,.T.);
#2271 = EDGE_CURVE('',#2264,#2272,#2274,.T.);
#2272 = VERTEX_POINT('',#2273);
#2273 = CARTESIAN_POINT('',(158.92,25.667,0.));
#2274 = LINE('',#2275,#2276);
#2275 = CARTESIAN_POINT('',(78.7315,25.667,0.));
#2276 = VECTOR('',#2277,1.);
#2277 = DIRECTION('',(-1.,0.,0.));
#2278 = ORIENTED_EDGE('',*,*,#2279,.T.);
#2279 = EDGE_CURVE('',#2272,#2280,#2282,.T.);
#2280 = VERTEX_POINT('',#2281);
#2281 = CARTESIAN_POINT('',(158.92,39.667,0.));
#2282 = LINE('',#2283,#2284);
#2283 = CARTESIAN_POINT('',(158.92,19.13,0.));
#2284 = VECTOR('',#2285,1.);
#2285 = DIRECTION('',(-0.,1.,0.));
#2286 = ORIENTED_EDGE('',*,*,#2287,.T.);
#2287 = EDGE_CURVE('',#2280,#2262,#2288,.T.);
#2288 = LINE('',#2289,#2290);
#2289 = CARTESIAN_POINT('',(85.7315,39.667,0.));
#2290 = VECTOR('',#2291,1.);
#2291 = DIRECTION('',(1.,0.,-0.));
#2292 = FACE_BOUND('',#2293,.F.);
#2293 = EDGE_LOOP('',(#2294,#2304,#2312,#2320));
#2294 = ORIENTED_EDGE('',*,*,#2295,.T.);
#2295 = EDGE_CURVE('',#2296,#2298,#2300,.T.);
#2296 = VERTEX_POINT('',#2297);
#2297 = CARTESIAN_POINT('',(191.993,39.644,0.));
#2298 = VERTEX_POINT('',#2299);
#2299 = CARTESIAN_POINT('',(191.993,25.644,0.));
#2300 = LINE('',#2301,#2302);
#2301 = CARTESIAN_POINT('',(191.993,12.1185,0.));
#2302 = VECTOR('',#2303,1.);
#2303 = DIRECTION('',(0.,-1.,0.));
#2304 = ORIENTED_EDGE('',*,*,#2305,.T.);
#2305 = EDGE_CURVE('',#2298,#2306,#2308,.T.);
#2306 = VERTEX_POINT('',#2307);
#2307 = CARTESIAN_POINT('',(177.993,25.644,0.));
#2308 = LINE('',#2309,#2310);
#2309 = CARTESIAN_POINT('',(88.268,25.644,0.));
#2310 = VECTOR('',#2311,1.);
#2311 = DIRECTION('',(-1.,0.,0.));
#2312 = ORIENTED_EDGE('',*,*,#2313,.T.);
#2313 = EDGE_CURVE('',#2306,#2314,#2316,.T.);
#2314 = VERTEX_POINT('',#2315);
#2315 = CARTESIAN_POINT('',(177.993,39.644,0.));
#2316 = LINE('',#2317,#2318);
#2317 = CARTESIAN_POINT('',(177.993,19.1185,0.));
#2318 = VECTOR('',#2319,1.);
#2319 = DIRECTION('',(-0.,1.,0.));
#2320 = ORIENTED_EDGE('',*,*,#2321,.T.);
#2321 = EDGE_CURVE('',#2314,#2296,#2322,.T.);
#2322 = LINE('',#2323,#2324);
#2323 = CARTESIAN_POINT('',(95.268,39.644,0.));
#2324 = VECTOR('',#2325,1.);
#2325 = DIRECTION('',(1.,0.,-0.));
#2326 = FACE_BOUND('',#2327,.F.);
#2327 = EDGE_LOOP('',(#2328,#2338,#2346,#2354));
#2328 = ORIENTED_EDGE('',*,*,#2329,.T.);
#2329 = EDGE_CURVE('',#2330,#2332,#2334,.T.);
#2330 = VERTEX_POINT('',#2331);
#2331 = CARTESIAN_POINT('',(161.036,58.693,0.));
#2332 = VERTEX_POINT('',#2333);
#2333 = CARTESIAN_POINT('',(161.036,44.693,0.));
#2334 = LINE('',#2335,#2336);
#2335 = CARTESIAN_POINT('',(161.036,21.643,0.));
#2336 = VECTOR('',#2337,1.);
#2337 = DIRECTION('',(0.,-1.,0.));
#2338 = ORIENTED_EDGE('',*,*,#2339,.T.);
#2339 = EDGE_CURVE('',#2332,#2340,#2342,.T.);
#2340 = VERTEX_POINT('',#2341);
#2341 = CARTESIAN_POINT('',(147.036,44.693,0.));
#2342 = LINE('',#2343,#2344);
#2343 = CARTESIAN_POINT('',(72.7895,44.693,0.));
#2344 = VECTOR('',#2345,1.);
#2345 = DIRECTION('',(-1.,0.,0.));
#2346 = ORIENTED_EDGE('',*,*,#2347,.T.);
#2347 = EDGE_CURVE('',#2340,#2348,#2350,.T.);
#2348 = VERTEX_POINT('',#2349);
#2349 = CARTESIAN_POINT('',(147.036,58.693,0.));
#2350 = LINE('',#2351,#2352);
#2351 = CARTESIAN_POINT('',(147.036,28.643,0.));
#2352 = VECTOR('',#2353,1.);
#2353 = DIRECTION('',(-0.,1.,0.));
#2354 = ORIENTED_EDGE('',*,*,#2355,.T.);
#2355 = EDGE_CURVE('',#2348,#2330,#2356,.T.);
#2356 = LINE('',#2357,#2358);
#2357 = CARTESIAN_POINT('',(79.7895,58.693,0.));
#2358 = VECTOR('',#2359,1.);
#2359 = DIRECTION('',(1.,0.,-0.));
#2360 = FACE_BOUND('',#2361,.F.);
#2361 = EDGE_LOOP('',(#2362,#2372,#2380,#2388));
#2362 = ORIENTED_EDGE('',*,*,#2363,.T.);
#2363 = EDGE_CURVE('',#2364,#2366,#2368,.T.);
#2364 = VERTEX_POINT('',#2365);
#2365 = CARTESIAN_POINT('',(34.831,58.694,0.));
#2366 = VERTEX_POINT('',#2367);
#2367 = CARTESIAN_POINT('',(34.831,44.694,0.));
#2368 = LINE('',#2369,#2370);
#2369 = CARTESIAN_POINT('',(34.831,21.6435,0.));
#2370 = VECTOR('',#2371,1.);
#2371 = DIRECTION('',(0.,-1.,0.));
#2372 = ORIENTED_EDGE('',*,*,#2373,.T.);
#2373 = EDGE_CURVE('',#2366,#2374,#2376,.T.);
#2374 = VERTEX_POINT('',#2375);
#2375 = CARTESIAN_POINT('',(20.831,44.694,0.));
#2376 = LINE('',#2377,#2378);
#2377 = CARTESIAN_POINT('',(9.687,44.694,0.));
#2378 = VECTOR('',#2379,1.);
#2379 = DIRECTION('',(-1.,0.,0.));
#2380 = ORIENTED_EDGE('',*,*,#2381,.T.);
#2381 = EDGE_CURVE('',#2374,#2382,#2384,.T.);
#2382 = VERTEX_POINT('',#2383);
#2383 = CARTESIAN_POINT('',(20.831,58.694,0.));
#2384 = LINE('',#2385,#2386);
#2385 = CARTESIAN_POINT('',(20.831,28.6435,0.));
#2386 = VECTOR('',#2387,1.);
#2387 = DIRECTION('',(-0.,1.,0.));
#2388 = ORIENTED_EDGE('',*,*,#2389,.T.);
#2389 = EDGE_CURVE('',#2382,#2364,#2390,.T.);
#2390 = LINE('',#2391,#2392);
#2391 = CARTESIAN_POINT('',(16.687,58.694,0.));
#2392 = VECTOR('',#2393,1.);
#2393 = DIRECTION('',(1.,0.,-0.));
#2394 = FACE_BOUND('',#2395,.F.);
#2395 = EDGE_LOOP('',(#2396,#2406,#2414,#2422));
#2396 = ORIENTED_EDGE('',*,*,#2397,.T.);
#2397 = EDGE_CURVE('',#2398,#2400,#2402,.T.);
#2398 = VERTEX_POINT('',#2399);
#2399 = CARTESIAN_POINT('',(53.881,58.694,0.));
#2400 = VERTEX_POINT('',#2401);
#2401 = CARTESIAN_POINT('',(53.881,44.694,0.));
#2402 = LINE('',#2403,#2404);
#2403 = CARTESIAN_POINT('',(53.881,21.6435,0.));
#2404 = VECTOR('',#2405,1.);
#2405 = DIRECTION('',(0.,-1.,0.));
#2406 = ORIENTED_EDGE('',*,*,#2407,.T.);
#2407 = EDGE_CURVE('',#2400,#2408,#2410,.T.);
#2408 = VERTEX_POINT('',#2409);
#2409 = CARTESIAN_POINT('',(39.881,44.694,0.));
#2410 = LINE('',#2411,#2412);
#2411 = CARTESIAN_POINT('',(19.212,44.694,0.));
#2412 = VECTOR('',#2413,1.);
#2413 = DIRECTION('',(-1.,0.,0.));
#2414 = ORIENTED_EDGE('',*,*,#2415,.T.);
#2415 = EDGE_CURVE('',#2408,#2416,#2418,.T.);
#2416 = VERTEX_POINT('',#2417);
#2417 = CARTESIAN_POINT('',(39.881,58.694,0.));
#2418 = LINE('',#2419,#2420);
#2419 = CARTESIAN_POINT('',(39.881,28.6435,0.));
#2420 = VECTOR('',#2421,1.);
#2421 = DIRECTION('',(-0.,1.,0.));
#2422 = ORIENTED_EDGE('',*,*,#2423,.T.);
#2423 = EDGE_CURVE('',#2416,#2398,#2424,.T.);
#2424 = LINE('',#2425,#2426);
#2425 = CARTESIAN_POINT('',(26.212,58.694,0.));
#2426 = VECTOR('',#2427,1.);
#2427 = DIRECTION('',(1.,0.,-0.));
#2428 = FACE_BOUND('',#2429,.F.);
#2429 = EDGE_LOOP('',(#2430,#2440,#2448,#2456));
#2430 = ORIENTED_EDGE('',*,*,#2431,.T.);
#2431 = EDGE_CURVE('',#2432,#2434,#2436,.T.);
#2432 = VERTEX_POINT('',#2433);
#2433 = CARTESIAN_POINT('',(30.068,77.749,0.));
#2434 = VERTEX_POINT('',#2435);
#2435 = CARTESIAN_POINT('',(30.068,63.749,0.));
#2436 = LINE('',#2437,#2438);
#2437 = CARTESIAN_POINT('',(30.068,31.171,0.));
#2438 = VECTOR('',#2439,1.);
#2439 = DIRECTION('',(0.,-1.,0.));
#2440 = ORIENTED_EDGE('',*,*,#2441,.T.);
#2441 = EDGE_CURVE('',#2434,#2442,#2444,.T.);
#2442 = VERTEX_POINT('',#2443);
#2443 = CARTESIAN_POINT('',(16.068,63.749,0.));
#2444 = LINE('',#2445,#2446);
#2445 = CARTESIAN_POINT('',(7.3055,63.749,0.));
#2446 = VECTOR('',#2447,1.);
#2447 = DIRECTION('',(-1.,0.,0.));
#2448 = ORIENTED_EDGE('',*,*,#2449,.T.);
#2449 = EDGE_CURVE('',#2442,#2450,#2452,.T.);
#2450 = VERTEX_POINT('',#2451);
#2451 = CARTESIAN_POINT('',(16.068,77.749,0.));
#2452 = LINE('',#2453,#2454);
#2453 = CARTESIAN_POINT('',(16.068,38.171,0.));
#2454 = VECTOR('',#2455,1.);
#2455 = DIRECTION('',(-0.,1.,0.));
#2456 = ORIENTED_EDGE('',*,*,#2457,.T.);
#2457 = EDGE_CURVE('',#2450,#2432,#2458,.T.);
#2458 = LINE('',#2459,#2460);
#2459 = CARTESIAN_POINT('',(14.3055,77.749,0.));
#2460 = VECTOR('',#2461,1.);
#2461 = DIRECTION('',(1.,0.,-0.));
#2462 = FACE_BOUND('',#2463,.F.);
#2463 = EDGE_LOOP('',(#2464,#2474,#2482,#2490));
#2464 = ORIENTED_EDGE('',*,*,#2465,.T.);
#2465 = EDGE_CURVE('',#2466,#2468,#2470,.T.);
#2466 = VERTEX_POINT('',#2467);
#2467 = CARTESIAN_POINT('',(49.119,77.749,0.));
#2468 = VERTEX_POINT('',#2469);
#2469 = CARTESIAN_POINT('',(49.119,63.749,0.));
#2470 = LINE('',#2471,#2472);
#2471 = CARTESIAN_POINT('',(49.119,31.171,0.));
#2472 = VECTOR('',#2473,1.);
#2473 = DIRECTION('',(0.,-1.,0.));
#2474 = ORIENTED_EDGE('',*,*,#2475,.T.);
#2475 = EDGE_CURVE('',#2468,#2476,#2478,.T.);
#2476 = VERTEX_POINT('',#2477);
#2477 = CARTESIAN_POINT('',(35.119,63.749,0.));
#2478 = LINE('',#2479,#2480);
#2479 = CARTESIAN_POINT('',(16.831,63.749,0.));
#2480 = VECTOR('',#2481,1.);
#2481 = DIRECTION('',(-1.,0.,0.));
#2482 = ORIENTED_EDGE('',*,*,#2483,.T.);
#2483 = EDGE_CURVE('',#2476,#2484,#2486,.T.);
#2484 = VERTEX_POINT('',#2485);
#2485 = CARTESIAN_POINT('',(35.119,77.749,0.));
#2486 = LINE('',#2487,#2488);
#2487 = CARTESIAN_POINT('',(35.119,38.171,0.));
#2488 = VECTOR('',#2489,1.);
#2489 = DIRECTION('',(-0.,1.,0.));
#2490 = ORIENTED_EDGE('',*,*,#2491,.T.);
#2491 = EDGE_CURVE('',#2484,#2466,#2492,.T.);
#2492 = LINE('',#2493,#2494);
#2493 = CARTESIAN_POINT('',(23.831,77.749,0.));
#2494 = VECTOR('',#2495,1.);
#2495 = DIRECTION('',(1.,0.,-0.));
#2496 = FACE_BOUND('',#2497,.F.);
#2497 = EDGE_LOOP('',(#2498,#2508,#2516,#2524));
#2498 = ORIENTED_EDGE('',*,*,#2499,.T.);
#2499 = EDGE_CURVE('',#2500,#2502,#2504,.T.);
#2500 = VERTEX_POINT('',#2501);
#2501 = CARTESIAN_POINT('',(72.931,58.694,0.));
#2502 = VERTEX_POINT('',#2503);
#2503 = CARTESIAN_POINT('',(72.931,44.694,0.));
#2504 = LINE('',#2505,#2506);
#2505 = CARTESIAN_POINT('',(72.931,21.6435,0.));
#2506 = VECTOR('',#2507,1.);
#2507 = DIRECTION('',(0.,-1.,0.));
#2508 = ORIENTED_EDGE('',*,*,#2509,.T.);
#2509 = EDGE_CURVE('',#2502,#2510,#2512,.T.);
#2510 = VERTEX_POINT('',#2511);
#2511 = CARTESIAN_POINT('',(58.931,44.694,0.));
#2512 = LINE('',#2513,#2514);
#2513 = CARTESIAN_POINT('',(28.737,44.694,0.));
#2514 = VECTOR('',#2515,1.);
#2515 = DIRECTION('',(-1.,0.,0.));
#2516 = ORIENTED_EDGE('',*,*,#2517,.T.);
#2517 = EDGE_CURVE('',#2510,#2518,#2520,.T.);
#2518 = VERTEX_POINT('',#2519);
#2519 = CARTESIAN_POINT('',(58.931,58.694,0.));
#2520 = LINE('',#2521,#2522);
#2521 = CARTESIAN_POINT('',(58.931,28.6435,0.));
#2522 = VECTOR('',#2523,1.);
#2523 = DIRECTION('',(-0.,1.,0.));
#2524 = ORIENTED_EDGE('',*,*,#2525,.T.);
#2525 = EDGE_CURVE('',#2518,#2500,#2526,.T.);
#2526 = LINE('',#2527,#2528);
#2527 = CARTESIAN_POINT('',(35.737,58.694,0.));
#2528 = VECTOR('',#2529,1.);
#2529 = DIRECTION('',(1.,0.,-0.));
#2530 = FACE_BOUND('',#2531,.F.);
#2531 = EDGE_LOOP('',(#2532,#2542,#2550,#2558));
#2532 = ORIENTED_EDGE('',*,*,#2533,.T.);
#2533 = EDGE_CURVE('',#2534,#2536,#2538,.T.);
#2534 = VERTEX_POINT('',#2535);
#2535 = CARTESIAN_POINT('',(91.981,58.694,0.));
#2536 = VERTEX_POINT('',#2537);
#2537 = CARTESIAN_POINT('',(91.981,44.694,0.));
#2538 = LINE('',#2539,#2540);
#2539 = CARTESIAN_POINT('',(91.981,21.6435,0.));
#2540 = VECTOR('',#2541,1.);
#2541 = DIRECTION('',(0.,-1.,0.));
#2542 = ORIENTED_EDGE('',*,*,#2543,.T.);
#2543 = EDGE_CURVE('',#2536,#2544,#2546,.T.);
#2544 = VERTEX_POINT('',#2545);
#2545 = CARTESIAN_POINT('',(77.981,44.694,0.));
#2546 = LINE('',#2547,#2548);
#2547 = CARTESIAN_POINT('',(38.262,44.694,0.));
#2548 = VECTOR('',#2549,1.);
#2549 = DIRECTION('',(-1.,0.,0.));
#2550 = ORIENTED_EDGE('',*,*,#2551,.T.);
#2551 = EDGE_CURVE('',#2544,#2552,#2554,.T.);
#2552 = VERTEX_POINT('',#2553);
#2553 = CARTESIAN_POINT('',(77.981,58.694,0.));
#2554 = LINE('',#2555,#2556);
#2555 = CARTESIAN_POINT('',(77.981,28.6435,0.));
#2556 = VECTOR('',#2557,1.);
#2557 = DIRECTION('',(-0.,1.,0.));
#2558 = ORIENTED_EDGE('',*,*,#2559,.T.);
#2559 = EDGE_CURVE('',#2552,#2534,#2560,.T.);
#2560 = LINE('',#2561,#2562);
#2561 = CARTESIAN_POINT('',(45.262,58.694,0.));
#2562 = VECTOR('',#2563,1.);
#2563 = DIRECTION('',(1.,0.,-0.));
#2564 = FACE_BOUND('',#2565,.F.);
#2565 = EDGE_LOOP('',(#2566,#2576,#2584,#2592));
#2566 = ORIENTED_EDGE('',*,*,#2567,.T.);
#2567 = EDGE_CURVE('',#2568,#2570,#2572,.T.);
#2568 = VERTEX_POINT('',#2569);
#2569 = CARTESIAN_POINT('',(68.17,77.749,0.));
#2570 = VERTEX_POINT('',#2571);
#2571 = CARTESIAN_POINT('',(68.17,63.749,0.));
#2572 = LINE('',#2573,#2574);
#2573 = CARTESIAN_POINT('',(68.17,31.171,0.));
#2574 = VECTOR('',#2575,1.);
#2575 = DIRECTION('',(0.,-1.,0.));
#2576 = ORIENTED_EDGE('',*,*,#2577,.T.);
#2577 = EDGE_CURVE('',#2570,#2578,#2580,.T.);
#2578 = VERTEX_POINT('',#2579);
#2579 = CARTESIAN_POINT('',(54.17,63.749,0.));
#2580 = LINE('',#2581,#2582);
#2581 = CARTESIAN_POINT('',(26.3565,63.749,0.));
#2582 = VECTOR('',#2583,1.);
#2583 = DIRECTION('',(-1.,0.,0.));
#2584 = ORIENTED_EDGE('',*,*,#2585,.T.);
#2585 = EDGE_CURVE('',#2578,#2586,#2588,.T.);
#2586 = VERTEX_POINT('',#2587);
#2587 = CARTESIAN_POINT('',(54.17,77.749,0.));
#2588 = LINE('',#2589,#2590);
#2589 = CARTESIAN_POINT('',(54.17,38.171,0.));
#2590 = VECTOR('',#2591,1.);
#2591 = DIRECTION('',(-0.,1.,0.));
#2592 = ORIENTED_EDGE('',*,*,#2593,.T.);
#2593 = EDGE_CURVE('',#2586,#2568,#2594,.T.);
#2594 = LINE('',#2595,#2596);
#2595 = CARTESIAN_POINT('',(33.3565,77.749,0.));
#2596 = VECTOR('',#2597,1.);
#2597 = DIRECTION('',(1.,0.,-0.));
#2598 = FACE_BOUND('',#2599,.F.);
#2599 = EDGE_LOOP('',(#2600,#2610,#2618,#2626));
#2600 = ORIENTED_EDGE('',*,*,#2601,.T.);
#2601 = EDGE_CURVE('',#2602,#2604,#2606,.T.);
#2602 = VERTEX_POINT('',#2603);
#2603 = CARTESIAN_POINT('',(87.221,77.749,0.));
#2604 = VERTEX_POINT('',#2605);
#2605 = CARTESIAN_POINT('',(87.221,63.749,0.));
#2606 = LINE('',#2607,#2608);
#2607 = CARTESIAN_POINT('',(87.221,31.171,0.));
#2608 = VECTOR('',#2609,1.);
#2609 = DIRECTION('',(0.,-1.,0.));
#2610 = ORIENTED_EDGE('',*,*,#2611,.T.);
#2611 = EDGE_CURVE('',#2604,#2612,#2614,.T.);
#2612 = VERTEX_POINT('',#2613);
#2613 = CARTESIAN_POINT('',(73.221,63.749,0.));
#2614 = LINE('',#2615,#2616);
#2615 = CARTESIAN_POINT('',(35.882,63.749,0.));
#2616 = VECTOR('',#2617,1.);
#2617 = DIRECTION('',(-1.,0.,0.));
#2618 = ORIENTED_EDGE('',*,*,#2619,.T.);
#2619 = EDGE_CURVE('',#2612,#2620,#2622,.T.);
#2620 = VERTEX_POINT('',#2621);
#2621 = CARTESIAN_POINT('',(73.221,77.749,0.));
#2622 = LINE('',#2623,#2624);
#2623 = CARTESIAN_POINT('',(73.221,38.171,0.));
#2624 = VECTOR('',#2625,1.);
#2625 = DIRECTION('',(-0.,1.,0.));
#2626 = ORIENTED_EDGE('',*,*,#2627,.T.);
#2627 = EDGE_CURVE('',#2620,#2602,#2628,.T.);
#2628 = LINE('',#2629,#2630);
#2629 = CARTESIAN_POINT('',(42.882,77.749,0.));
#2630 = VECTOR('',#2631,1.);
#2631 = DIRECTION('',(1.,0.,-0.));
#2632 = FACE_BOUND('',#2633,.F.);
#2633 = EDGE_LOOP('',(#2634,#2644,#2652,#2660));
#2634 = ORIENTED_EDGE('',*,*,#2635,.T.);
#2635 = EDGE_CURVE('',#2636,#2638,#2640,.T.);
#2636 = VERTEX_POINT('',#2637);
#2637 = CARTESIAN_POINT('',(20.543,96.793,0.));
#2638 = VERTEX_POINT('',#2639);
#2639 = CARTESIAN_POINT('',(20.543,82.793,0.));
#2640 = LINE('',#2641,#2642);
#2641 = CARTESIAN_POINT('',(20.543,40.693,0.));
#2642 = VECTOR('',#2643,1.);
#2643 = DIRECTION('',(0.,-1.,0.));
#2644 = ORIENTED_EDGE('',*,*,#2645,.T.);
#2645 = EDGE_CURVE('',#2638,#2646,#2648,.T.);
#2646 = VERTEX_POINT('',#2647);
#2647 = CARTESIAN_POINT('',(6.543,82.793,0.));
#2648 = LINE('',#2649,#2650);
#2649 = CARTESIAN_POINT('',(2.543,82.793,0.));
#2650 = VECTOR('',#2651,1.);
#2651 = DIRECTION('',(-1.,0.,0.));
#2652 = ORIENTED_EDGE('',*,*,#2653,.T.);
#2653 = EDGE_CURVE('',#2646,#2654,#2656,.T.);
#2654 = VERTEX_POINT('',#2655);
#2655 = CARTESIAN_POINT('',(6.543,96.793,0.));
#2656 = LINE('',#2657,#2658);
#2657 = CARTESIAN_POINT('',(6.543,47.693,0.));
#2658 = VECTOR('',#2659,1.);
#2659 = DIRECTION('',(-0.,1.,0.));
#2660 = ORIENTED_EDGE('',*,*,#2661,.T.);
#2661 = EDGE_CURVE('',#2654,#2636,#2662,.T.);
#2662 = LINE('',#2663,#2664);
#2663 = CARTESIAN_POINT('',(9.543,96.793,0.));
#2664 = VECTOR('',#2665,1.);
#2665 = DIRECTION('',(1.,0.,-0.));
#2666 = FACE_BOUND('',#2667,.F.);
#2667 = EDGE_LOOP('',(#2668));
#2668 = ORIENTED_EDGE('',*,*,#2669,.F.);
#2669 = EDGE_CURVE('',#2670,#2670,#2672,.T.);
#2670 = VERTEX_POINT('',#2671);
#2671 = CARTESIAN_POINT('',(4.66808483617,100.36720599441,0.));
#2672 = CIRCLE('',#2673,1.7);
#2673 = AXIS2_PLACEMENT_3D('',#2674,#2675,#2676);
#2674 = CARTESIAN_POINT('',(2.96808483617,100.36720599441,0.));
#2675 = DIRECTION('',(0.,0.,1.));
#2676 = DIRECTION('',(1.,0.,-0.));
#2677 = FACE_BOUND('',#2678,.F.);
#2678 = EDGE_LOOP('',(#2679,#2689,#2697,#2705));
#2679 = ORIENTED_EDGE('',*,*,#2680,.T.);
#2680 = EDGE_CURVE('',#2681,#2683,#2685,.T.);
#2681 = VERTEX_POINT('',#2682);
#2682 = CARTESIAN_POINT('',(39.593,96.793,0.));
#2683 = VERTEX_POINT('',#2684);
#2684 = CARTESIAN_POINT('',(39.593,82.793,0.));
#2685 = LINE('',#2686,#2687);
#2686 = CARTESIAN_POINT('',(39.593,40.693,0.));
#2687 = VECTOR('',#2688,1.);
#2688 = DIRECTION('',(0.,-1.,0.));
#2689 = ORIENTED_EDGE('',*,*,#2690,.T.);
#2690 = EDGE_CURVE('',#2683,#2691,#2693,.T.);
#2691 = VERTEX_POINT('',#2692);
#2692 = CARTESIAN_POINT('',(25.593,82.793,0.));
#2693 = LINE('',#2694,#2695);
#2694 = CARTESIAN_POINT('',(12.068,82.793,0.));
#2695 = VECTOR('',#2696,1.);
#2696 = DIRECTION('',(-1.,0.,0.));
#2697 = ORIENTED_EDGE('',*,*,#2698,.T.);
#2698 = EDGE_CURVE('',#2691,#2699,#2701,.T.);
#2699 = VERTEX_POINT('',#2700);
#2700 = CARTESIAN_POINT('',(25.593,96.793,0.));
#2701 = LINE('',#2702,#2703);
#2702 = CARTESIAN_POINT('',(25.593,47.693,0.));
#2703 = VECTOR('',#2704,1.);
#2704 = DIRECTION('',(-0.,1.,0.));
#2705 = ORIENTED_EDGE('',*,*,#2706,.T.);
#2706 = EDGE_CURVE('',#2699,#2681,#2707,.T.);
#2707 = LINE('',#2708,#2709);
#2708 = CARTESIAN_POINT('',(19.068,96.793,0.));
#2709 = VECTOR('',#2710,1.);
#2710 = DIRECTION('',(1.,0.,-0.));
#2711 = FACE_BOUND('',#2712,.F.);
#2712 = EDGE_LOOP('',(#2713,#2723,#2731,#2739));
#2713 = ORIENTED_EDGE('',*,*,#2714,.T.);
#2714 = EDGE_CURVE('',#2715,#2717,#2719,.T.);
#2715 = VERTEX_POINT('',#2716);
#2716 = CARTESIAN_POINT('',(58.642,96.793,0.));
#2717 = VERTEX_POINT('',#2718);
#2718 = CARTESIAN_POINT('',(58.642,82.793,0.));
#2719 = LINE('',#2720,#2721);
#2720 = CARTESIAN_POINT('',(58.642,40.693,0.));
#2721 = VECTOR('',#2722,1.);
#2722 = DIRECTION('',(0.,-1.,0.));
#2723 = ORIENTED_EDGE('',*,*,#2724,.T.);
#2724 = EDGE_CURVE('',#2717,#2725,#2727,.T.);
#2725 = VERTEX_POINT('',#2726);
#2726 = CARTESIAN_POINT('',(44.642,82.793,0.));
#2727 = LINE('',#2728,#2729);
#2728 = CARTESIAN_POINT('',(21.5925,82.793,0.));
#2729 = VECTOR('',#2730,1.);
#2730 = DIRECTION('',(-1.,0.,0.));
#2731 = ORIENTED_EDGE('',*,*,#2732,.T.);
#2732 = EDGE_CURVE('',#2725,#2733,#2735,.T.);
#2733 = VERTEX_POINT('',#2734);
#2734 = CARTESIAN_POINT('',(44.642,96.793,0.));
#2735 = LINE('',#2736,#2737);
#2736 = CARTESIAN_POINT('',(44.642,47.693,0.));
#2737 = VECTOR('',#2738,1.);
#2738 = DIRECTION('',(-0.,1.,0.));
#2739 = ORIENTED_EDGE('',*,*,#2740,.T.);
#2740 = EDGE_CURVE('',#2733,#2715,#2741,.T.);
#2741 = LINE('',#2742,#2743);
#2742 = CARTESIAN_POINT('',(28.5925,96.793,0.));
#2743 = VECTOR('',#2744,1.);
#2744 = DIRECTION('',(1.,0.,-0.));
#2745 = FACE_BOUND('',#2746,.F.);
#2746 = EDGE_LOOP('',(#2747,#2757,#2765,#2773));
#2747 = ORIENTED_EDGE('',*,*,#2748,.T.);
#2748 = EDGE_CURVE('',#2749,#2751,#2753,.T.);
#2749 = VERTEX_POINT('',#2750);
#2750 = CARTESIAN_POINT('',(77.692,96.793,0.));
#2751 = VERTEX_POINT('',#2752);
#2752 = CARTESIAN_POINT('',(77.692,82.793,0.));
#2753 = LINE('',#2754,#2755);
#2754 = CARTESIAN_POINT('',(77.692,40.693,0.));
#2755 = VECTOR('',#2756,1.);
#2756 = DIRECTION('',(0.,-1.,0.));
#2757 = ORIENTED_EDGE('',*,*,#2758,.T.);
#2758 = EDGE_CURVE('',#2751,#2759,#2761,.T.);
#2759 = VERTEX_POINT('',#2760);
#2760 = CARTESIAN_POINT('',(63.692,82.793,0.));
#2761 = LINE('',#2762,#2763);
#2762 = CARTESIAN_POINT('',(31.1175,82.793,0.));
#2763 = VECTOR('',#2764,1.);
#2764 = DIRECTION('',(-1.,0.,0.));
#2765 = ORIENTED_EDGE('',*,*,#2766,.T.);
#2766 = EDGE_CURVE('',#2759,#2767,#2769,.T.);
#2767 = VERTEX_POINT('',#2768);
#2768 = CARTESIAN_POINT('',(63.692,96.793,0.));
#2769 = LINE('',#2770,#2771);
#2770 = CARTESIAN_POINT('',(63.692,47.693,0.));
#2771 = VECTOR('',#2772,1.);
#2772 = DIRECTION('',(-0.,1.,0.));
#2773 = ORIENTED_EDGE('',*,*,#2774,.T.);
#2774 = EDGE_CURVE('',#2767,#2749,#2775,.T.);
#2775 = LINE('',#2776,#2777);
#2776 = CARTESIAN_POINT('',(38.1175,96.793,0.));
#2777 = VECTOR('',#2778,1.);
#2778 = DIRECTION('',(1.,0.,-0.));
#2779 = FACE_BOUND('',#2780,.F.);
#2780 = EDGE_LOOP('',(#2781,#2791,#2799,#2807));
#2781 = ORIENTED_EDGE('',*,*,#2782,.T.);
#2782 = EDGE_CURVE('',#2783,#2785,#2787,.T.);
#2783 = VERTEX_POINT('',#2784);
#2784 = CARTESIAN_POINT('',(96.742,96.793,0.));
#2785 = VERTEX_POINT('',#2786);
#2786 = CARTESIAN_POINT('',(96.742,82.793,0.));
#2787 = LINE('',#2788,#2789);
#2788 = CARTESIAN_POINT('',(96.742,40.693,0.));
#2789 = VECTOR('',#2790,1.);
#2790 = DIRECTION('',(0.,-1.,0.));
#2791 = ORIENTED_EDGE('',*,*,#2792,.T.);
#2792 = EDGE_CURVE('',#2785,#2793,#2795,.T.);
#2793 = VERTEX_POINT('',#2794);
#2794 = CARTESIAN_POINT('',(82.742,82.793,0.));
#2795 = LINE('',#2796,#2797);
#2796 = CARTESIAN_POINT('',(40.6425,82.793,0.));
#2797 = VECTOR('',#2798,1.);
#2798 = DIRECTION('',(-1.,0.,0.));
#2799 = ORIENTED_EDGE('',*,*,#2800,.T.);
#2800 = EDGE_CURVE('',#2793,#2801,#2803,.T.);
#2801 = VERTEX_POINT('',#2802);
#2802 = CARTESIAN_POINT('',(82.742,96.793,0.));
#2803 = LINE('',#2804,#2805);
#2804 = CARTESIAN_POINT('',(82.742,47.693,0.));
#2805 = VECTOR('',#2806,1.);
#2806 = DIRECTION('',(-0.,1.,0.));
#2807 = ORIENTED_EDGE('',*,*,#2808,.T.);
#2808 = EDGE_CURVE('',#2801,#2783,#2809,.T.);
#2809 = LINE('',#2810,#2811);
#2810 = CARTESIAN_POINT('',(47.6425,96.793,0.));
#2811 = VECTOR('',#2812,1.);
#2812 = DIRECTION('',(1.,0.,-0.));
#2813 = FACE_BOUND('',#2814,.F.);
#2814 = EDGE_LOOP('',(#2815,#2825,#2833,#2841));
#2815 = ORIENTED_EDGE('',*,*,#2816,.T.);
#2816 = EDGE_CURVE('',#2817,#2819,#2821,.T.);
#2817 = VERTEX_POINT('',#2818);
#2818 = CARTESIAN_POINT('',(111.031,58.694,0.));
#2819 = VERTEX_POINT('',#2820);
#2820 = CARTESIAN_POINT('',(111.031,44.694,0.));
#2821 = LINE('',#2822,#2823);
#2822 = CARTESIAN_POINT('',(111.031,21.6435,0.));
#2823 = VECTOR('',#2824,1.);
#2824 = DIRECTION('',(0.,-1.,0.));
#2825 = ORIENTED_EDGE('',*,*,#2826,.T.);
#2826 = EDGE_CURVE('',#2819,#2827,#2829,.T.);
#2827 = VERTEX_POINT('',#2828);
#2828 = CARTESIAN_POINT('',(97.031,44.694,0.));
#2829 = LINE('',#2830,#2831);
#2830 = CARTESIAN_POINT('',(47.787,44.694,0.));
#2831 = VECTOR('',#2832,1.);
#2832 = DIRECTION('',(-1.,0.,0.));
#2833 = ORIENTED_EDGE('',*,*,#2834,.T.);
#2834 = EDGE_CURVE('',#2827,#2835,#2837,.T.);
#2835 = VERTEX_POINT('',#2836);
#2836 = CARTESIAN_POINT('',(97.031,58.694,0.));
#2837 = LINE('',#2838,#2839);
#2838 = CARTESIAN_POINT('',(97.031,28.6435,0.));
#2839 = VECTOR('',#2840,1.);
#2840 = DIRECTION('',(-0.,1.,0.));
#2841 = ORIENTED_EDGE('',*,*,#2842,.T.);
#2842 = EDGE_CURVE('',#2835,#2817,#2843,.T.);
#2843 = LINE('',#2844,#2845);
#2844 = CARTESIAN_POINT('',(54.787,58.694,0.));
#2845 = VECTOR('',#2846,1.);
#2846 = DIRECTION('',(1.,0.,-0.));
#2847 = FACE_BOUND('',#2848,.F.);
#2848 = EDGE_LOOP('',(#2849,#2859,#2867,#2875));
#2849 = ORIENTED_EDGE('',*,*,#2850,.T.);
#2850 = EDGE_CURVE('',#2851,#2853,#2855,.T.);
#2851 = VERTEX_POINT('',#2852);
#2852 = CARTESIAN_POINT('',(130.081,58.694,0.));
#2853 = VERTEX_POINT('',#2854);
#2854 = CARTESIAN_POINT('',(130.081,44.694,0.));
#2855 = LINE('',#2856,#2857);
#2856 = CARTESIAN_POINT('',(130.081,21.6435,0.));
#2857 = VECTOR('',#2858,1.);
#2858 = DIRECTION('',(0.,-1.,0.));
#2859 = ORIENTED_EDGE('',*,*,#2860,.T.);
#2860 = EDGE_CURVE('',#2853,#2861,#2863,.T.);
#2861 = VERTEX_POINT('',#2862);
#2862 = CARTESIAN_POINT('',(116.081,44.694,0.));
#2863 = LINE('',#2864,#2865);
#2864 = CARTESIAN_POINT('',(57.312,44.694,0.));
#2865 = VECTOR('',#2866,1.);
#2866 = DIRECTION('',(-1.,0.,0.));
#2867 = ORIENTED_EDGE('',*,*,#2868,.T.);
#2868 = EDGE_CURVE('',#2861,#2869,#2871,.T.);
#2869 = VERTEX_POINT('',#2870);
#2870 = CARTESIAN_POINT('',(116.081,58.694,0.));
#2871 = LINE('',#2872,#2873);
#2872 = CARTESIAN_POINT('',(116.081,28.6435,0.));
#2873 = VECTOR('',#2874,1.);
#2874 = DIRECTION('',(-0.,1.,0.));
#2875 = ORIENTED_EDGE('',*,*,#2876,.T.);
#2876 = EDGE_CURVE('',#2869,#2851,#2877,.T.);
#2877 = LINE('',#2878,#2879);
#2878 = CARTESIAN_POINT('',(64.312,58.694,0.));
#2879 = VECTOR('',#2880,1.);
#2880 = DIRECTION('',(1.,0.,-0.));
#2881 = FACE_BOUND('',#2882,.F.);
#2882 = EDGE_LOOP('',(#2883,#2893,#2901,#2909));
#2883 = ORIENTED_EDGE('',*,*,#2884,.T.);
#2884 = EDGE_CURVE('',#2885,#2887,#2889,.T.);
#2885 = VERTEX_POINT('',#2886);
#2886 = CARTESIAN_POINT('',(106.272,77.749,0.));
#2887 = VERTEX_POINT('',#2888);
#2888 = CARTESIAN_POINT('',(106.272,63.749,0.));
#2889 = LINE('',#2890,#2891);
#2890 = CARTESIAN_POINT('',(106.272,31.171,0.));
#2891 = VECTOR('',#2892,1.);
#2892 = DIRECTION('',(0.,-1.,0.));
#2893 = ORIENTED_EDGE('',*,*,#2894,.T.);
#2894 = EDGE_CURVE('',#2887,#2895,#2897,.T.);
#2895 = VERTEX_POINT('',#2896);
#2896 = CARTESIAN_POINT('',(92.272,63.749,0.));
#2897 = LINE('',#2898,#2899);
#2898 = CARTESIAN_POINT('',(45.4075,63.749,0.));
#2899 = VECTOR('',#2900,1.);
#2900 = DIRECTION('',(-1.,0.,0.));
#2901 = ORIENTED_EDGE('',*,*,#2902,.T.);
#2902 = EDGE_CURVE('',#2895,#2903,#2905,.T.);
#2903 = VERTEX_POINT('',#2904);
#2904 = CARTESIAN_POINT('',(92.272,77.749,0.));
#2905 = LINE('',#2906,#2907);
#2906 = CARTESIAN_POINT('',(92.272,38.171,0.));
#2907 = VECTOR('',#2908,1.);
#2908 = DIRECTION('',(-0.,1.,0.));
#2909 = ORIENTED_EDGE('',*,*,#2910,.T.);
#2910 = EDGE_CURVE('',#2903,#2885,#2911,.T.);
#2911 = LINE('',#2912,#2913);
#2912 = CARTESIAN_POINT('',(52.4075,77.749,0.));
#2913 = VECTOR('',#2914,1.);
#2914 = DIRECTION('',(1.,0.,-0.));
#2915 = FACE_BOUND('',#2916,.F.);
#2916 = EDGE_LOOP('',(#2917,#2927,#2935,#2943));
#2917 = ORIENTED_EDGE('',*,*,#2918,.T.);
#2918 = EDGE_CURVE('',#2919,#2921,#2923,.T.);
#2919 = VERTEX_POINT('',#2920);
#2920 = CARTESIAN_POINT('',(125.323,77.749,0.));
#2921 = VERTEX_POINT('',#2922);
#2922 = CARTESIAN_POINT('',(125.323,63.749,0.));
#2923 = LINE('',#2924,#2925);
#2924 = CARTESIAN_POINT('',(125.323,31.171,0.));
#2925 = VECTOR('',#2926,1.);
#2926 = DIRECTION('',(0.,-1.,0.));
#2927 = ORIENTED_EDGE('',*,*,#2928,.T.);
#2928 = EDGE_CURVE('',#2921,#2929,#2931,.T.);
#2929 = VERTEX_POINT('',#2930);
#2930 = CARTESIAN_POINT('',(111.323,63.749,0.));
#2931 = LINE('',#2932,#2933);
#2932 = CARTESIAN_POINT('',(54.933,63.749,0.));
#2933 = VECTOR('',#2934,1.);
#2934 = DIRECTION('',(-1.,0.,0.));
#2935 = ORIENTED_EDGE('',*,*,#2936,.T.);
#2936 = EDGE_CURVE('',#2929,#2937,#2939,.T.);
#2937 = VERTEX_POINT('',#2938);
#2938 = CARTESIAN_POINT('',(111.323,77.749,0.));
#2939 = LINE('',#2940,#2941);
#2940 = CARTESIAN_POINT('',(111.323,38.171,0.));
#2941 = VECTOR('',#2942,1.);
#2942 = DIRECTION('',(-0.,1.,0.));
#2943 = ORIENTED_EDGE('',*,*,#2944,.T.);
#2944 = EDGE_CURVE('',#2937,#2919,#2945,.T.);
#2945 = LINE('',#2946,#2947);
#2946 = CARTESIAN_POINT('',(61.933,77.749,0.));
#2947 = VECTOR('',#2948,1.);
#2948 = DIRECTION('',(1.,0.,-0.));
#2949 = FACE_BOUND('',#2950,.F.);
#2950 = EDGE_LOOP('',(#2951,#2961,#2969,#2977));
#2951 = ORIENTED_EDGE('',*,*,#2952,.T.);
#2952 = EDGE_CURVE('',#2953,#2955,#2957,.T.);
#2953 = VERTEX_POINT('',#2954);
#2954 = CARTESIAN_POINT('',(144.374,77.749,0.));
#2955 = VERTEX_POINT('',#2956);
#2956 = CARTESIAN_POINT('',(144.374,63.749,0.));
#2957 = LINE('',#2958,#2959);
#2958 = CARTESIAN_POINT('',(144.374,31.171,0.));
#2959 = VECTOR('',#2960,1.);
#2960 = DIRECTION('',(0.,-1.,0.));
#2961 = ORIENTED_EDGE('',*,*,#2962,.T.);
#2962 = EDGE_CURVE('',#2955,#2963,#2965,.T.);
#2963 = VERTEX_POINT('',#2964);
#2964 = CARTESIAN_POINT('',(130.374,63.749,0.));
#2965 = LINE('',#2966,#2967);
#2966 = CARTESIAN_POINT('',(64.4585,63.749,0.));
#2967 = VECTOR('',#2968,1.);
#2968 = DIRECTION('',(-1.,0.,0.));
#2969 = ORIENTED_EDGE('',*,*,#2970,.T.);
#2970 = EDGE_CURVE('',#2963,#2971,#2973,.T.);
#2971 = VERTEX_POINT('',#2972);
#2972 = CARTESIAN_POINT('',(130.374,77.749,0.));
#2973 = LINE('',#2974,#2975);
#2974 = CARTESIAN_POINT('',(130.374,38.171,0.));
#2975 = VECTOR('',#2976,1.);
#2976 = DIRECTION('',(-0.,1.,0.));
#2977 = ORIENTED_EDGE('',*,*,#2978,.T.);
#2978 = EDGE_CURVE('',#2971,#2953,#2979,.T.);
#2979 = LINE('',#2980,#2981);
#2980 = CARTESIAN_POINT('',(71.4585,77.749,0.));
#2981 = VECTOR('',#2982,1.);
#2982 = DIRECTION('',(1.,0.,-0.));
#2983 = FACE_BOUND('',#2984,.F.);
#2984 = EDGE_LOOP('',(#2985,#2995,#3003,#3011));
#2985 = ORIENTED_EDGE('',*,*,#2986,.T.);
#2986 = EDGE_CURVE('',#2987,#2989,#2991,.T.);
#2987 = VERTEX_POINT('',#2988);
#2988 = CARTESIAN_POINT('',(191.993,58.694,0.));
#2989 = VERTEX_POINT('',#2990);
#2990 = CARTESIAN_POINT('',(191.993,44.694,0.));
#2991 = LINE('',#2992,#2993);
#2992 = CARTESIAN_POINT('',(191.993,21.6435,0.));
#2993 = VECTOR('',#2994,1.);
#2994 = DIRECTION('',(0.,-1.,0.));
#2995 = ORIENTED_EDGE('',*,*,#2996,.T.);
#2996 = EDGE_CURVE('',#2989,#2997,#2999,.T.);
#2997 = VERTEX_POINT('',#2998);
#2998 = CARTESIAN_POINT('',(177.993,44.694,0.));
#2999 = LINE('',#3000,#3001);
#3000 = CARTESIAN_POINT('',(88.268,44.694,0.));
#3001 = VECTOR('',#3002,1.);
#3002 = DIRECTION('',(-1.,0.,0.));
#3003 = ORIENTED_EDGE('',*,*,#3004,.T.);
#3004 = EDGE_CURVE('',#2997,#3005,#3007,.T.);
#3005 = VERTEX_POINT('',#3006);
#3006 = CARTESIAN_POINT('',(177.993,58.694,0.));
#3007 = LINE('',#3008,#3009);
#3008 = CARTESIAN_POINT('',(177.993,28.6435,0.));
#3009 = VECTOR('',#3010,1.);
#3010 = DIRECTION('',(-0.,1.,0.));
#3011 = ORIENTED_EDGE('',*,*,#3012,.T.);
#3012 = EDGE_CURVE('',#3005,#2987,#3013,.T.);
#3013 = LINE('',#3014,#3015);
#3014 = CARTESIAN_POINT('',(95.268,58.694,0.));
#3015 = VECTOR('',#3016,1.);
#3016 = DIRECTION('',(1.,0.,-0.));
#3017 = FACE_BOUND('',#3018,.F.);
#3018 = EDGE_LOOP('',(#3019,#3029,#3037,#3045));
#3019 = ORIENTED_EDGE('',*,*,#3020,.T.);
#3020 = EDGE_CURVE('',#3021,#3023,#3025,.T.);
#3021 = VERTEX_POINT('',#3022);
#3022 = CARTESIAN_POINT('',(168.18,77.743,0.));
#3023 = VERTEX_POINT('',#3024);
#3024 = CARTESIAN_POINT('',(168.18,63.743,0.));
#3025 = LINE('',#3026,#3027);
#3026 = CARTESIAN_POINT('',(168.18,31.168,0.));
#3027 = VECTOR('',#3028,1.);
#3028 = DIRECTION('',(0.,-1.,0.));
#3029 = ORIENTED_EDGE('',*,*,#3030,.T.);
#3030 = EDGE_CURVE('',#3023,#3031,#3033,.T.);
#3031 = VERTEX_POINT('',#3032);
#3032 = CARTESIAN_POINT('',(154.18,63.743,0.));
#3033 = LINE('',#3034,#3035);
#3034 = CARTESIAN_POINT('',(76.3615,63.743,0.));
#3035 = VECTOR('',#3036,1.);
#3036 = DIRECTION('',(-1.,0.,0.));
#3037 = ORIENTED_EDGE('',*,*,#3038,.T.);
#3038 = EDGE_CURVE('',#3031,#3039,#3041,.T.);
#3039 = VERTEX_POINT('',#3040);
#3040 = CARTESIAN_POINT('',(154.18,77.743,0.));
#3041 = LINE('',#3042,#3043);
#3042 = CARTESIAN_POINT('',(154.18,38.168,0.));
#3043 = VECTOR('',#3044,1.);
#3044 = DIRECTION('',(-0.,1.,0.));
#3045 = ORIENTED_EDGE('',*,*,#3046,.T.);
#3046 = EDGE_CURVE('',#3039,#3021,#3047,.T.);
#3047 = LINE('',#3048,#3049);
#3048 = CARTESIAN_POINT('',(83.3615,77.743,0.));
#3049 = VECTOR('',#3050,1.);
#3050 = DIRECTION('',(1.,0.,-0.));
#3051 = FACE_BOUND('',#3052,.F.);
#3052 = EDGE_LOOP('',(#3053,#3063,#3071,#3079));
#3053 = ORIENTED_EDGE('',*,*,#3054,.T.);
#3054 = EDGE_CURVE('',#3055,#3057,#3059,.T.);
#3055 = VERTEX_POINT('',#3056);
#3056 = CARTESIAN_POINT('',(191.993,77.743,0.));
#3057 = VERTEX_POINT('',#3058);
#3058 = CARTESIAN_POINT('',(191.993,63.743,0.));
#3059 = LINE('',#3060,#3061);
#3060 = CARTESIAN_POINT('',(191.993,31.168,0.));
#3061 = VECTOR('',#3062,1.);
#3062 = DIRECTION('',(0.,-1.,0.));
#3063 = ORIENTED_EDGE('',*,*,#3064,.T.);
#3064 = EDGE_CURVE('',#3057,#3065,#3067,.T.);
#3065 = VERTEX_POINT('',#3066);
#3066 = CARTESIAN_POINT('',(177.993,63.743,0.));
#3067 = LINE('',#3068,#3069);
#3068 = CARTESIAN_POINT('',(88.268,63.743,0.));
#3069 = VECTOR('',#3070,1.);
#3070 = DIRECTION('',(-1.,0.,0.));
#3071 = ORIENTED_EDGE('',*,*,#3072,.T.);
#3072 = EDGE_CURVE('',#3065,#3073,#3075,.T.);
#3073 = VERTEX_POINT('',#3074);
#3074 = CARTESIAN_POINT('',(177.993,77.743,0.));
#3075 = LINE('',#3076,#3077);
#3076 = CARTESIAN_POINT('',(177.993,38.168,0.));
#3077 = VECTOR('',#3078,1.);
#3078 = DIRECTION('',(-0.,1.,0.));
#3079 = ORIENTED_EDGE('',*,*,#3080,.T.);
#3080 = EDGE_CURVE('',#3073,#3055,#3081,.T.);
#3081 = LINE('',#3082,#3083);
#3082 = CARTESIAN_POINT('',(95.268,77.743,0.));
#3083 = VECTOR('',#3084,1.);
#3084 = DIRECTION('',(1.,0.,-0.));
#3085 = FACE_BOUND('',#3086,.F.);
#3086 = EDGE_LOOP('',(#3087,#3097,#3105,#3113));
#3087 = ORIENTED_EDGE('',*,*,#3088,.T.);
#3088 = EDGE_CURVE('',#3089,#3091,#3093,.T.);
#3089 = VERTEX_POINT('',#3090);
#3090 = CARTESIAN_POINT('',(115.792,96.793,0.));
#3091 = VERTEX_POINT('',#3092);
#3092 = CARTESIAN_POINT('',(115.792,82.793,0.));
#3093 = LINE('',#3094,#3095);
#3094 = CARTESIAN_POINT('',(115.792,40.693,0.));
#3095 = VECTOR('',#3096,1.);
#3096 = DIRECTION('',(0.,-1.,0.));
#3097 = ORIENTED_EDGE('',*,*,#3098,.T.);
#3098 = EDGE_CURVE('',#3091,#3099,#3101,.T.);
#3099 = VERTEX_POINT('',#3100);
#3100 = CARTESIAN_POINT('',(101.792,82.793,0.));
#3101 = LINE('',#3102,#3103);
#3102 = CARTESIAN_POINT('',(50.1675,82.793,0.));
#3103 = VECTOR('',#3104,1.);
#3104 = DIRECTION('',(-1.,0.,0.));
#3105 = ORIENTED_EDGE('',*,*,#3106,.T.);
#3106 = EDGE_CURVE('',#3099,#3107,#3109,.T.);
#3107 = VERTEX_POINT('',#3108);
#3108 = CARTESIAN_POINT('',(101.792,96.793,0.));
#3109 = LINE('',#3110,#3111);
#3110 = CARTESIAN_POINT('',(101.792,47.693,0.));
#3111 = VECTOR('',#3112,1.);
#3112 = DIRECTION('',(-0.,1.,0.));
#3113 = ORIENTED_EDGE('',*,*,#3114,.T.);
#3114 = EDGE_CURVE('',#3107,#3089,#3115,.T.);
#3115 = LINE('',#3116,#3117);
#3116 = CARTESIAN_POINT('',(57.1675,96.793,0.));
#3117 = VECTOR('',#3118,1.);
#3118 = DIRECTION('',(1.,0.,-0.));
#3119 = FACE_BOUND('',#3120,.F.);
#3120 = EDGE_LOOP('',(#3121,#3131,#3139,#3147));
#3121 = ORIENTED_EDGE('',*,*,#3122,.T.);
#3122 = EDGE_CURVE('',#3123,#3125,#3127,.T.);
#3123 = VERTEX_POINT('',#3124);
#3124 = CARTESIAN_POINT('',(134.842,96.793,0.));
#3125 = VERTEX_POINT('',#3126);
#3126 = CARTESIAN_POINT('',(134.842,82.793,0.));
#3127 = LINE('',#3128,#3129);
#3128 = CARTESIAN_POINT('',(134.842,40.693,0.));
#3129 = VECTOR('',#3130,1.);
#3130 = DIRECTION('',(0.,-1.,0.));
#3131 = ORIENTED_EDGE('',*,*,#3132,.T.);
#3132 = EDGE_CURVE('',#3125,#3133,#3135,.T.);
#3133 = VERTEX_POINT('',#3134);
#3134 = CARTESIAN_POINT('',(120.842,82.793,0.));
#3135 = LINE('',#3136,#3137);
#3136 = CARTESIAN_POINT('',(59.6925,82.793,0.));
#3137 = VECTOR('',#3138,1.);
#3138 = DIRECTION('',(-1.,0.,0.));
#3139 = ORIENTED_EDGE('',*,*,#3140,.T.);
#3140 = EDGE_CURVE('',#3133,#3141,#3143,.T.);
#3141 = VERTEX_POINT('',#3142);
#3142 = CARTESIAN_POINT('',(120.842,96.793,0.));
#3143 = LINE('',#3144,#3145);
#3144 = CARTESIAN_POINT('',(120.842,47.693,0.));
#3145 = VECTOR('',#3146,1.);
#3146 = DIRECTION('',(-0.,1.,0.));
#3147 = ORIENTED_EDGE('',*,*,#3148,.T.);
#3148 = EDGE_CURVE('',#3141,#3123,#3149,.T.);
#3149 = LINE('',#3150,#3151);
#3150 = CARTESIAN_POINT('',(66.6925,96.793,0.));
#3151 = VECTOR('',#3152,1.);
#3152 = DIRECTION('',(1.,0.,-0.));
#3153 = FACE_BOUND('',#3154,.F.);
#3154 = EDGE_LOOP('',(#3155,#3165,#3173,#3181));
#3155 = ORIENTED_EDGE('',*,*,#3156,.T.);
#3156 = EDGE_CURVE('',#3157,#3159,#3161,.T.);
#3157 = VERTEX_POINT('',#3158);
#3158 = CARTESIAN_POINT('',(163.417,96.794,0.));
#3159 = VERTEX_POINT('',#3160);
#3160 = CARTESIAN_POINT('',(163.417,82.794,0.));
#3161 = LINE('',#3162,#3163);
#3162 = CARTESIAN_POINT('',(163.417,40.6935,0.));
#3163 = VECTOR('',#3164,1.);
#3164 = DIRECTION('',(0.,-1.,0.));
#3165 = ORIENTED_EDGE('',*,*,#3166,.T.);
#3166 = EDGE_CURVE('',#3159,#3167,#3169,.T.);
#3167 = VERTEX_POINT('',#3168);
#3168 = CARTESIAN_POINT('',(149.417,82.794,0.));
#3169 = LINE('',#3170,#3171);
#3170 = CARTESIAN_POINT('',(73.98,82.794,0.));
#3171 = VECTOR('',#3172,1.);
#3172 = DIRECTION('',(-1.,0.,0.));
#3173 = ORIENTED_EDGE('',*,*,#3174,.T.);
#3174 = EDGE_CURVE('',#3167,#3175,#3177,.T.);
#3175 = VERTEX_POINT('',#3176);
#3176 = CARTESIAN_POINT('',(149.417,96.794,0.));
#3177 = LINE('',#3178,#3179);
#3178 = CARTESIAN_POINT('',(149.417,47.6935,0.));
#3179 = VECTOR('',#3180,1.);
#3180 = DIRECTION('',(-0.,1.,0.));
#3181 = ORIENTED_EDGE('',*,*,#3182,.T.);
#3182 = EDGE_CURVE('',#3175,#3157,#3183,.T.);
#3183 = LINE('',#3184,#3185);
#3184 = CARTESIAN_POINT('',(80.98,96.794,0.));
#3185 = VECTOR('',#3186,1.);
#3186 = DIRECTION('',(1.,0.,-0.));
#3187 = FACE_BOUND('',#3188,.F.);
#3188 = EDGE_LOOP('',(#3189,#3199,#3207,#3215));
#3189 = ORIENTED_EDGE('',*,*,#3190,.T.);
#3190 = EDGE_CURVE('',#3191,#3193,#3195,.T.);
#3191 = VERTEX_POINT('',#3192);
#3192 = CARTESIAN_POINT('',(191.993,96.794,0.));
#3193 = VERTEX_POINT('',#3194);
#3194 = CARTESIAN_POINT('',(191.993,82.794,0.));
#3195 = LINE('',#3196,#3197);
#3196 = CARTESIAN_POINT('',(191.993,40.6935,0.));
#3197 = VECTOR('',#3198,1.);
#3198 = DIRECTION('',(0.,-1.,0.));
#3199 = ORIENTED_EDGE('',*,*,#3200,.T.);
#3200 = EDGE_CURVE('',#3193,#3201,#3203,.T.);
#3201 = VERTEX_POINT('',#3202);
#3202 = CARTESIAN_POINT('',(177.993,82.794,0.));
#3203 = LINE('',#3204,#3205);
#3204 = CARTESIAN_POINT('',(88.268,82.794,0.));
#3205 = VECTOR('',#3206,1.);
#3206 = DIRECTION('',(-1.,0.,0.));
#3207 = ORIENTED_EDGE('',*,*,#3208,.T.);
#3208 = EDGE_CURVE('',#3201,#3209,#3211,.T.);
#3209 = VERTEX_POINT('',#3210);
#3210 = CARTESIAN_POINT('',(177.993,96.794,0.));
#3211 = LINE('',#3212,#3213);
#3212 = CARTESIAN_POINT('',(177.993,47.6935,0.));
#3213 = VECTOR('',#3214,1.);
#3214 = DIRECTION('',(-0.,1.,0.));
#3215 = ORIENTED_EDGE('',*,*,#3216,.T.);
#3216 = EDGE_CURVE('',#3209,#3191,#3217,.T.);
#3217 = LINE('',#3218,#3219);
#3218 = CARTESIAN_POINT('',(95.268,96.794,0.));
#3219 = VECTOR('',#3220,1.);
#3220 = DIRECTION('',(1.,0.,-0.));
#3221 = FACE_BOUND('',#3222,.F.);
#3222 = EDGE_LOOP('',(#3223));
#3223 = ORIENTED_EDGE('',*,*,#3224,.F.);
#3224 = EDGE_CURVE('',#3225,#3225,#3227,.T.);
#3225 = VERTEX_POINT('',#3226);
#3226 = CARTESIAN_POINT('',(197.26839725679,100.36720599441,0.));
#3227 = CIRCLE('',#3228,1.7);
#3228 = AXIS2_PLACEMENT_3D('',#3229,#3230,#3231);
#3229 = CARTESIAN_POINT('',(195.56839725679,100.36720599441,0.));
#3230 = DIRECTION('',(0.,0.,1.));
#3231 = DIRECTION('',(1.,0.,-0.));
#3232 = PLANE('',#3233);
#3233 = AXIS2_PLACEMENT_3D('',#3234,#3235,#3236);
#3234 = CARTESIAN_POINT('',(-1.457,-1.407,0.));
#3235 = DIRECTION('',(0.,0.,1.));
#3236 = DIRECTION('',(1.,0.,-0.));
#3237 = ADVANCED_FACE('',(#3238),#3249,.F.);
#3238 = FACE_BOUND('',#3239,.F.);
#3239 = EDGE_LOOP('',(#3240,#3241,#3242,#3243));
#3240 = ORIENTED_EDGE('',*,*,#1686,.F.);
#3241 = ORIENTED_EDGE('',*,*,#1643,.T.);
#3242 = ORIENTED_EDGE('',*,*,#71,.T.);
#3243 = ORIENTED_EDGE('',*,*,#3244,.F.);
#3244 = EDGE_CURVE('',#1687,#72,#3245,.T.);
#3245 = LINE('',#3246,#3247);
#3246 = CARTESIAN_POINT('',(194.993,-1.407,0.));
#3247 = VECTOR('',#3248,1.);
#3248 = DIRECTION('',(0.,0.,1.));
#3249 = PLANE('',#3250);
#3250 = AXIS2_PLACEMENT_3D('',#3251,#3252,#3253);
#3251 = CARTESIAN_POINT('',(-1.457,-1.407,0.));
#3252 = DIRECTION('',(-0.,1.,0.));
#3253 = DIRECTION('',(0.,0.,1.));
#3254 = ADVANCED_FACE('',(#3255),#3266,.T.);
#3255 = FACE_BOUND('',#3256,.T.);
#3256 = EDGE_LOOP('',(#3257,#3258,#3259,#3260));
#3257 = ORIENTED_EDGE('',*,*,#1720,.F.);
#3258 = ORIENTED_EDGE('',*,*,#1668,.T.);
#3259 = ORIENTED_EDGE('',*,*,#105,.T.);
#3260 = ORIENTED_EDGE('',*,*,#3261,.F.);
#3261 = EDGE_CURVE('',#1712,#97,#3262,.T.);
#3262 = LINE('',#3263,#3264);
#3263 = CARTESIAN_POINT('',(194.993,104.794,0.));
#3264 = VECTOR('',#3265,1.);
#3265 = DIRECTION('',(0.,0.,1.));
#3266 = PLANE('',#3267);
#3267 = AXIS2_PLACEMENT_3D('',#3268,#3269,#3270);
#3268 = CARTESIAN_POINT('',(-1.457,104.794,0.));
#3269 = DIRECTION('',(-0.,1.,0.));
#3270 = DIRECTION('',(0.,0.,1.));
#3271 = ADVANCED_FACE('',(#3272),#3283,.T.);
#3272 = FACE_BOUND('',#3273,.F.);
#3273 = EDGE_LOOP('',(#3274,#3275,#3276,#3277));
#3274 = ORIENTED_EDGE('',*,*,#1694,.T.);
#3275 = ORIENTED_EDGE('',*,*,#3244,.T.);
#3276 = ORIENTED_EDGE('',*,*,#79,.F.);
#3277 = ORIENTED_EDGE('',*,*,#3278,.F.);
#3278 = EDGE_CURVE('',#1695,#80,#3279,.T.);
#3279 = LINE('',#3280,#3281);
#3280 = CARTESIAN_POINT('',(199.993,3.593,0.));
#3281 = VECTOR('',#3282,1.);
#3282 = DIRECTION('',(0.,0.,1.));
#3283 = CYLINDRICAL_SURFACE('',#3284,5.);
#3284 = AXIS2_PLACEMENT_3D('',#3285,#3286,#3287);
#3285 = CARTESIAN_POINT('',(194.993,3.593,0.));
#3286 = DIRECTION('',(0.,0.,1.));
#3287 = DIRECTION('',(1.,0.,-0.));
#3288 = ADVANCED_FACE('',(#3289),#3300,.T.);
#3289 = FACE_BOUND('',#3290,.T.);
#3290 = EDGE_LOOP('',(#3291,#3292,#3293,#3294));
#3291 = ORIENTED_EDGE('',*,*,#1711,.T.);
#3292 = ORIENTED_EDGE('',*,*,#3261,.T.);
#3293 = ORIENTED_EDGE('',*,*,#96,.F.);
#3294 = ORIENTED_EDGE('',*,*,#3295,.F.);
#3295 = EDGE_CURVE('',#1704,#89,#3296,.T.);
#3296 = LINE('',#3297,#3298);
#3297 = CARTESIAN_POINT('',(199.993,99.794,0.));
#3298 = VECTOR('',#3299,1.);
#3299 = DIRECTION('',(0.,0.,1.));
#3300 = CYLINDRICAL_SURFACE('',#3301,5.);
#3301 = AXIS2_PLACEMENT_3D('',#3302,#3303,#3304);
#3302 = CARTESIAN_POINT('',(194.993,99.794,0.));
#3303 = DIRECTION('',(0.,0.,1.));
#3304 = DIRECTION('',(1.,0.,-0.));
#3305 = ADVANCED_FACE('',(#3306),#3312,.T.);
#3306 = FACE_BOUND('',#3307,.T.);
#3307 = EDGE_LOOP('',(#3308,#3309,#3310,#3311));
#3308 = ORIENTED_EDGE('',*,*,#88,.F.);
#3309 = ORIENTED_EDGE('',*,*,#3278,.F.);
#3310 = ORIENTED_EDGE('',*,*,#1703,.T.);
#3311 = ORIENTED_EDGE('',*,*,#3295,.T.);
#3312 = PLANE('',#3313);
#3313 = AXIS2_PLACEMENT_3D('',#3314,#3315,#3316);
#3314 = CARTESIAN_POINT('',(199.993,-1.407,0.));
#3315 = DIRECTION('',(1.,0.,-0.));
#3316 = DIRECTION('',(0.,0.,1.));
#3317 = ADVANCED_FACE('',(#3318),#3337,.F.);
#3318 = FACE_BOUND('',#3319,.F.);
#3319 = EDGE_LOOP('',(#3320,#3321,#3329,#3336));
#3320 = ORIENTED_EDGE('',*,*,#122,.F.);
#3321 = ORIENTED_EDGE('',*,*,#3322,.F.);
#3322 = EDGE_CURVE('',#3323,#123,#3325,.T.);
#3323 = VERTEX_POINT('',#3324);
#3324 = CARTESIAN_POINT('',(6.06808483617,3.018851917704,1.49));
#3325 = LINE('',#3326,#3327);
#3326 = CARTESIAN_POINT('',(6.06808483617,3.018851917704,1.49));
#3327 = VECTOR('',#3328,1.);
#3328 = DIRECTION('',(0.,0.,1.));
#3329 = ORIENTED_EDGE('',*,*,#3330,.T.);
#3330 = EDGE_CURVE('',#3323,#3323,#3331,.T.);
#3331 = CIRCLE('',#3332,3.1);
#3332 = AXIS2_PLACEMENT_3D('',#3333,#3334,#3335);
#3333 = CARTESIAN_POINT('',(2.96808483617,3.018851917704,1.49));
#3334 = DIRECTION('',(0.,0.,1.));
#3335 = DIRECTION('',(1.,0.,-0.));
#3336 = ORIENTED_EDGE('',*,*,#3322,.T.);
#3337 = CYLINDRICAL_SURFACE('',#3338,3.1);
#3338 = AXIS2_PLACEMENT_3D('',#3339,#3340,#3341);
#3339 = CARTESIAN_POINT('',(2.96808483617,3.018851917704,1.49));
#3340 = DIRECTION('',(0.,0.,1.));
#3341 = DIRECTION('',(1.,0.,-0.));
#3342 = ADVANCED_FACE('',(#3343),#3359,.T.);
#3343 = FACE_BOUND('',#3344,.T.);
#3344 = EDGE_LOOP('',(#3345,#3346,#3352,#3353));
#3345 = ORIENTED_EDGE('',*,*,#1740,.T.);
#3346 = ORIENTED_EDGE('',*,*,#3347,.T.);
#3347 = EDGE_CURVE('',#1743,#136,#3348,.T.);
#3348 = LINE('',#3349,#3350);
#3349 = CARTESIAN_POINT('',(25.251,6.649,-1.));
#3350 = VECTOR('',#3351,1.);
#3351 = DIRECTION('',(0.,0.,1.));
#3352 = ORIENTED_EDGE('',*,*,#133,.F.);
#3353 = ORIENTED_EDGE('',*,*,#3354,.F.);
#3354 = EDGE_CURVE('',#1741,#134,#3355,.T.);
#3355 = LINE('',#3356,#3357);
#3356 = CARTESIAN_POINT('',(25.251,20.649,-1.));
#3357 = VECTOR('',#3358,1.);
#3358 = DIRECTION('',(0.,0.,1.));
#3359 = PLANE('',#3360);
#3360 = AXIS2_PLACEMENT_3D('',#3361,#3362,#3363);
#3361 = CARTESIAN_POINT('',(25.251,6.649,-1.));
#3362 = DIRECTION('',(-1.,0.,0.));
#3363 = DIRECTION('',(0.,1.,0.));
#3364 = ADVANCED_FACE('',(#3365),#3376,.T.);
#3365 = FACE_BOUND('',#3366,.T.);
#3366 = EDGE_LOOP('',(#3367,#3368,#3369,#3370));
#3367 = ORIENTED_EDGE('',*,*,#1766,.T.);
#3368 = ORIENTED_EDGE('',*,*,#3354,.T.);
#3369 = ORIENTED_EDGE('',*,*,#159,.F.);
#3370 = ORIENTED_EDGE('',*,*,#3371,.F.);
#3371 = EDGE_CURVE('',#1759,#152,#3372,.T.);
#3372 = LINE('',#3373,#3374);
#3373 = CARTESIAN_POINT('',(11.251,20.649,-1.));
#3374 = VECTOR('',#3375,1.);
#3375 = DIRECTION('',(0.,0.,1.));
#3376 = PLANE('',#3377);
#3377 = AXIS2_PLACEMENT_3D('',#3378,#3379,#3380);
#3378 = CARTESIAN_POINT('',(25.251,20.649,-1.));
#3379 = DIRECTION('',(0.,-1.,0.));
#3380 = DIRECTION('',(-1.,0.,0.));
#3381 = ADVANCED_FACE('',(#3382),#3393,.T.);
#3382 = FACE_BOUND('',#3383,.T.);
#3383 = EDGE_LOOP('',(#3384,#3385,#3391,#3392));
#3384 = ORIENTED_EDGE('',*,*,#1750,.T.);
#3385 = ORIENTED_EDGE('',*,*,#3386,.T.);
#3386 = EDGE_CURVE('',#1751,#144,#3387,.T.);
#3387 = LINE('',#3388,#3389);
#3388 = CARTESIAN_POINT('',(11.251,6.649,-1.));
#3389 = VECTOR('',#3390,1.);
#3390 = DIRECTION('',(0.,0.,1.));
#3391 = ORIENTED_EDGE('',*,*,#143,.F.);
#3392 = ORIENTED_EDGE('',*,*,#3347,.F.);
#3393 = PLANE('',#3394);
#3394 = AXIS2_PLACEMENT_3D('',#3395,#3396,#3397);
#3395 = CARTESIAN_POINT('',(11.251,6.649,-1.));
#3396 = DIRECTION('',(0.,1.,0.));
#3397 = DIRECTION('',(1.,0.,0.));
#3398 = ADVANCED_FACE('',(#3399),#3405,.T.);
#3399 = FACE_BOUND('',#3400,.T.);
#3400 = EDGE_LOOP('',(#3401,#3402,#3403,#3404));
#3401 = ORIENTED_EDGE('',*,*,#1758,.T.);
#3402 = ORIENTED_EDGE('',*,*,#3371,.T.);
#3403 = ORIENTED_EDGE('',*,*,#151,.F.);
#3404 = ORIENTED_EDGE('',*,*,#3386,.F.);
#3405 = PLANE('',#3406);
#3406 = AXIS2_PLACEMENT_3D('',#3407,#3408,#3409);
#3407 = CARTESIAN_POINT('',(11.251,20.649,-1.));
#3408 = DIRECTION('',(1.,0.,-0.));
#3409 = DIRECTION('',(0.,-1.,0.));
#3410 = ADVANCED_FACE('',(#3411),#3427,.T.);
#3411 = FACE_BOUND('',#3412,.T.);
#3412 = EDGE_LOOP('',(#3413,#3414,#3420,#3421));
#3413 = ORIENTED_EDGE('',*,*,#1774,.T.);
#3414 = ORIENTED_EDGE('',*,*,#3415,.T.);
#3415 = EDGE_CURVE('',#1777,#170,#3416,.T.);
#3416 = LINE('',#3417,#3418);
#3417 = CARTESIAN_POINT('',(61.024,6.593,-1.));
#3418 = VECTOR('',#3419,1.);
#3419 = DIRECTION('',(0.,0.,1.));
#3420 = ORIENTED_EDGE('',*,*,#167,.F.);
#3421 = ORIENTED_EDGE('',*,*,#3422,.F.);
#3422 = EDGE_CURVE('',#1775,#168,#3423,.T.);
#3423 = LINE('',#3424,#3425);
#3424 = CARTESIAN_POINT('',(61.024,20.593,-1.));
#3425 = VECTOR('',#3426,1.);
#3426 = DIRECTION('',(0.,0.,1.));
#3427 = PLANE('',#3428);
#3428 = AXIS2_PLACEMENT_3D('',#3429,#3430,#3431);
#3429 = CARTESIAN_POINT('',(61.024,6.593,-1.));
#3430 = DIRECTION('',(-1.,0.,0.));
#3431 = DIRECTION('',(0.,1.,0.));
#3432 = ADVANCED_FACE('',(#3433),#3444,.T.);
#3433 = FACE_BOUND('',#3434,.T.);
#3434 = EDGE_LOOP('',(#3435,#3436,#3437,#3438));
#3435 = ORIENTED_EDGE('',*,*,#1800,.T.);
#3436 = ORIENTED_EDGE('',*,*,#3422,.T.);
#3437 = ORIENTED_EDGE('',*,*,#193,.F.);
#3438 = ORIENTED_EDGE('',*,*,#3439,.F.);
#3439 = EDGE_CURVE('',#1793,#186,#3440,.T.);
#3440 = LINE('',#3441,#3442);
#3441 = CARTESIAN_POINT('',(47.024,20.593,-1.));
#3442 = VECTOR('',#3443,1.);
#3443 = DIRECTION('',(0.,0.,1.));
#3444 = PLANE('',#3445);
#3445 = AXIS2_PLACEMENT_3D('',#3446,#3447,#3448);
#3446 = CARTESIAN_POINT('',(61.024,20.593,-1.));
#3447 = DIRECTION('',(0.,-1.,0.));
#3448 = DIRECTION('',(-1.,0.,0.));
#3449 = ADVANCED_FACE('',(#3450),#3461,.T.);
#3450 = FACE_BOUND('',#3451,.T.);
#3451 = EDGE_LOOP('',(#3452,#3453,#3459,#3460));
#3452 = ORIENTED_EDGE('',*,*,#1784,.T.);
#3453 = ORIENTED_EDGE('',*,*,#3454,.T.);
#3454 = EDGE_CURVE('',#1785,#178,#3455,.T.);
#3455 = LINE('',#3456,#3457);
#3456 = CARTESIAN_POINT('',(47.024,6.593,-1.));
#3457 = VECTOR('',#3458,1.);
#3458 = DIRECTION('',(0.,0.,1.));
#3459 = ORIENTED_EDGE('',*,*,#177,.F.);
#3460 = ORIENTED_EDGE('',*,*,#3415,.F.);
#3461 = PLANE('',#3462);
#3462 = AXIS2_PLACEMENT_3D('',#3463,#3464,#3465);
#3463 = CARTESIAN_POINT('',(47.024,6.593,-1.));
#3464 = DIRECTION('',(0.,1.,0.));
#3465 = DIRECTION('',(1.,0.,0.));
#3466 = ADVANCED_FACE('',(#3467),#3473,.T.);
#3467 = FACE_BOUND('',#3468,.T.);
#3468 = EDGE_LOOP('',(#3469,#3470,#3471,#3472));
#3469 = ORIENTED_EDGE('',*,*,#1792,.T.);
#3470 = ORIENTED_EDGE('',*,*,#3439,.T.);
#3471 = ORIENTED_EDGE('',*,*,#185,.F.);
#3472 = ORIENTED_EDGE('',*,*,#3454,.F.);
#3473 = PLANE('',#3474);
#3474 = AXIS2_PLACEMENT_3D('',#3475,#3476,#3477);
#3475 = CARTESIAN_POINT('',(47.024,20.593,-1.));
#3476 = DIRECTION('',(1.,0.,-0.));
#3477 = DIRECTION('',(0.,-1.,0.));
#3478 = ADVANCED_FACE('',(#3479),#3495,.T.);
#3479 = FACE_BOUND('',#3480,.T.);
#3480 = EDGE_LOOP('',(#3481,#3482,#3488,#3489));
#3481 = ORIENTED_EDGE('',*,*,#1808,.T.);
#3482 = ORIENTED_EDGE('',*,*,#3483,.T.);
#3483 = EDGE_CURVE('',#1811,#204,#3484,.T.);
#3484 = LINE('',#3485,#3486);
#3485 = CARTESIAN_POINT('',(96.744,6.638,-1.));
#3486 = VECTOR('',#3487,1.);
#3487 = DIRECTION('',(0.,0.,1.));
#3488 = ORIENTED_EDGE('',*,*,#201,.F.);
#3489 = ORIENTED_EDGE('',*,*,#3490,.F.);
#3490 = EDGE_CURVE('',#1809,#202,#3491,.T.);
#3491 = LINE('',#3492,#3493);
#3492 = CARTESIAN_POINT('',(96.744,20.638,-1.));
#3493 = VECTOR('',#3494,1.);
#3494 = DIRECTION('',(0.,0.,1.));
#3495 = PLANE('',#3496);
#3496 = AXIS2_PLACEMENT_3D('',#3497,#3498,#3499);
#3497 = CARTESIAN_POINT('',(96.744,6.638,-1.));
#3498 = DIRECTION('',(-1.,0.,0.));
#3499 = DIRECTION('',(0.,1.,0.));
#3500 = ADVANCED_FACE('',(#3501),#3512,.T.);
#3501 = FACE_BOUND('',#3502,.T.);
#3502 = EDGE_LOOP('',(#3503,#3504,#3505,#3506));
#3503 = ORIENTED_EDGE('',*,*,#1834,.T.);
#3504 = ORIENTED_EDGE('',*,*,#3490,.T.);
#3505 = ORIENTED_EDGE('',*,*,#227,.F.);
#3506 = ORIENTED_EDGE('',*,*,#3507,.F.);
#3507 = EDGE_CURVE('',#1827,#220,#3508,.T.);
#3508 = LINE('',#3509,#3510);
#3509 = CARTESIAN_POINT('',(82.744,20.638,-1.));
#3510 = VECTOR('',#3511,1.);
#3511 = DIRECTION('',(0.,0.,1.));
#3512 = PLANE('',#3513);
#3513 = AXIS2_PLACEMENT_3D('',#3514,#3515,#3516);
#3514 = CARTESIAN_POINT('',(96.744,20.638,-1.));
#3515 = DIRECTION('',(0.,-1.,0.));
#3516 = DIRECTION('',(-1.,0.,0.));
#3517 = ADVANCED_FACE('',(#3518),#3529,.T.);
#3518 = FACE_BOUND('',#3519,.T.);
#3519 = EDGE_LOOP('',(#3520,#3521,#3527,#3528));
#3520 = ORIENTED_EDGE('',*,*,#1818,.T.);
#3521 = ORIENTED_EDGE('',*,*,#3522,.T.);
#3522 = EDGE_CURVE('',#1819,#212,#3523,.T.);
#3523 = LINE('',#3524,#3525);
#3524 = CARTESIAN_POINT('',(82.744,6.638,-1.));
#3525 = VECTOR('',#3526,1.);
#3526 = DIRECTION('',(0.,0.,1.));
#3527 = ORIENTED_EDGE('',*,*,#211,.F.);
#3528 = ORIENTED_EDGE('',*,*,#3483,.F.);
#3529 = PLANE('',#3530);
#3530 = AXIS2_PLACEMENT_3D('',#3531,#3532,#3533);
#3531 = CARTESIAN_POINT('',(82.744,6.638,-1.));
#3532 = DIRECTION('',(0.,1.,0.));
#3533 = DIRECTION('',(1.,0.,0.));
#3534 = ADVANCED_FACE('',(#3535),#3541,.T.);
#3535 = FACE_BOUND('',#3536,.T.);
#3536 = EDGE_LOOP('',(#3537,#3538,#3539,#3540));
#3537 = ORIENTED_EDGE('',*,*,#1826,.T.);
#3538 = ORIENTED_EDGE('',*,*,#3507,.T.);
#3539 = ORIENTED_EDGE('',*,*,#219,.F.);
#3540 = ORIENTED_EDGE('',*,*,#3522,.F.);
#3541 = PLANE('',#3542);
#3542 = AXIS2_PLACEMENT_3D('',#3543,#3544,#3545);
#3543 = CARTESIAN_POINT('',(82.744,20.638,-1.));
#3544 = DIRECTION('',(1.,0.,-0.));
#3545 = DIRECTION('',(0.,-1.,0.));
#3546 = ADVANCED_FACE('',(#3547),#3563,.T.);
#3547 = FACE_BOUND('',#3548,.T.);
#3548 = EDGE_LOOP('',(#3549,#3550,#3556,#3557));
#3549 = ORIENTED_EDGE('',*,*,#1842,.T.);
#3550 = ORIENTED_EDGE('',*,*,#3551,.T.);
#3551 = EDGE_CURVE('',#1845,#238,#3552,.T.);
#3552 = LINE('',#3553,#3554);
#3553 = CARTESIAN_POINT('',(25.305,25.644,-1.));
#3554 = VECTOR('',#3555,1.);
#3555 = DIRECTION('',(0.,0.,1.));
#3556 = ORIENTED_EDGE('',*,*,#235,.F.);
#3557 = ORIENTED_EDGE('',*,*,#3558,.F.);
#3558 = EDGE_CURVE('',#1843,#236,#3559,.T.);
#3559 = LINE('',#3560,#3561);
#3560 = CARTESIAN_POINT('',(25.305,39.644,-1.));
#3561 = VECTOR('',#3562,1.);
#3562 = DIRECTION('',(0.,0.,1.));
#3563 = PLANE('',#3564);
#3564 = AXIS2_PLACEMENT_3D('',#3565,#3566,#3567);
#3565 = CARTESIAN_POINT('',(25.305,25.644,-1.));
#3566 = DIRECTION('',(-1.,0.,0.));
#3567 = DIRECTION('',(0.,1.,0.));
#3568 = ADVANCED_FACE('',(#3569),#3580,.T.);
#3569 = FACE_BOUND('',#3570,.T.);
#3570 = EDGE_LOOP('',(#3571,#3572,#3573,#3574));
#3571 = ORIENTED_EDGE('',*,*,#1868,.T.);
#3572 = ORIENTED_EDGE('',*,*,#3558,.T.);
#3573 = ORIENTED_EDGE('',*,*,#261,.F.);
#3574 = ORIENTED_EDGE('',*,*,#3575,.F.);
#3575 = EDGE_CURVE('',#1861,#254,#3576,.T.);
#3576 = LINE('',#3577,#3578);
#3577 = CARTESIAN_POINT('',(11.305,39.644,-1.));
#3578 = VECTOR('',#3579,1.);
#3579 = DIRECTION('',(0.,0.,1.));
#3580 = PLANE('',#3581);
#3581 = AXIS2_PLACEMENT_3D('',#3582,#3583,#3584);
#3582 = CARTESIAN_POINT('',(25.305,39.644,-1.));
#3583 = DIRECTION('',(0.,-1.,0.));
#3584 = DIRECTION('',(-1.,0.,0.));
#3585 = ADVANCED_FACE('',(#3586),#3597,.T.);
#3586 = FACE_BOUND('',#3587,.T.);
#3587 = EDGE_LOOP('',(#3588,#3589,#3595,#3596));
#3588 = ORIENTED_EDGE('',*,*,#1852,.T.);
#3589 = ORIENTED_EDGE('',*,*,#3590,.T.);
#3590 = EDGE_CURVE('',#1853,#246,#3591,.T.);
#3591 = LINE('',#3592,#3593);
#3592 = CARTESIAN_POINT('',(11.305,25.644,-1.));
#3593 = VECTOR('',#3594,1.);
#3594 = DIRECTION('',(0.,0.,1.));
#3595 = ORIENTED_EDGE('',*,*,#245,.F.);
#3596 = ORIENTED_EDGE('',*,*,#3551,.F.);
#3597 = PLANE('',#3598);
#3598 = AXIS2_PLACEMENT_3D('',#3599,#3600,#3601);
#3599 = CARTESIAN_POINT('',(11.305,25.644,-1.));
#3600 = DIRECTION('',(0.,1.,0.));
#3601 = DIRECTION('',(1.,0.,0.));
#3602 = ADVANCED_FACE('',(#3603),#3609,.T.);
#3603 = FACE_BOUND('',#3604,.T.);
#3604 = EDGE_LOOP('',(#3605,#3606,#3607,#3608));
#3605 = ORIENTED_EDGE('',*,*,#1860,.T.);
#3606 = ORIENTED_EDGE('',*,*,#3575,.T.);
#3607 = ORIENTED_EDGE('',*,*,#253,.F.);
#3608 = ORIENTED_EDGE('',*,*,#3590,.F.);
#3609 = PLANE('',#3610);
#3610 = AXIS2_PLACEMENT_3D('',#3611,#3612,#3613);
#3611 = CARTESIAN_POINT('',(11.305,39.644,-1.));
#3612 = DIRECTION('',(1.,0.,-0.));
#3613 = DIRECTION('',(0.,-1.,0.));
#3614 = ADVANCED_FACE('',(#3615),#3631,.T.);
#3615 = FACE_BOUND('',#3616,.T.);
#3616 = EDGE_LOOP('',(#3617,#3618,#3624,#3625));
#3617 = ORIENTED_EDGE('',*,*,#1876,.T.);
#3618 = ORIENTED_EDGE('',*,*,#3619,.T.);
#3619 = EDGE_CURVE('',#1879,#272,#3620,.T.);
#3620 = LINE('',#3621,#3622);
#3621 = CARTESIAN_POINT('',(44.355,25.644,-1.));
#3622 = VECTOR('',#3623,1.);
#3623 = DIRECTION('',(0.,0.,1.));
#3624 = ORIENTED_EDGE('',*,*,#269,.F.);
#3625 = ORIENTED_EDGE('',*,*,#3626,.F.);
#3626 = EDGE_CURVE('',#1877,#270,#3627,.T.);
#3627 = LINE('',#3628,#3629);
#3628 = CARTESIAN_POINT('',(44.355,39.644,-1.));
#3629 = VECTOR('',#3630,1.);
#3630 = DIRECTION('',(0.,0.,1.));
#3631 = PLANE('',#3632);
#3632 = AXIS2_PLACEMENT_3D('',#3633,#3634,#3635);
#3633 = CARTESIAN_POINT('',(44.355,25.644,-1.));
#3634 = DIRECTION('',(-1.,0.,0.));
#3635 = DIRECTION('',(0.,1.,0.));
#3636 = ADVANCED_FACE('',(#3637),#3648,.T.);
#3637 = FACE_BOUND('',#3638,.T.);
#3638 = EDGE_LOOP('',(#3639,#3640,#3641,#3642));
#3639 = ORIENTED_EDGE('',*,*,#1902,.T.);
#3640 = ORIENTED_EDGE('',*,*,#3626,.T.);
#3641 = ORIENTED_EDGE('',*,*,#295,.F.);
#3642 = ORIENTED_EDGE('',*,*,#3643,.F.);
#3643 = EDGE_CURVE('',#1895,#288,#3644,.T.);
#3644 = LINE('',#3645,#3646);
#3645 = CARTESIAN_POINT('',(30.355,39.644,-1.));
#3646 = VECTOR('',#3647,1.);
#3647 = DIRECTION('',(0.,0.,1.));
#3648 = PLANE('',#3649);
#3649 = AXIS2_PLACEMENT_3D('',#3650,#3651,#3652);
#3650 = CARTESIAN_POINT('',(44.355,39.644,-1.));
#3651 = DIRECTION('',(0.,-1.,0.));
#3652 = DIRECTION('',(-1.,0.,0.));
#3653 = ADVANCED_FACE('',(#3654),#3665,.T.);
#3654 = FACE_BOUND('',#3655,.T.);
#3655 = EDGE_LOOP('',(#3656,#3657,#3663,#3664));
#3656 = ORIENTED_EDGE('',*,*,#1886,.T.);
#3657 = ORIENTED_EDGE('',*,*,#3658,.T.);
#3658 = EDGE_CURVE('',#1887,#280,#3659,.T.);
#3659 = LINE('',#3660,#3661);
#3660 = CARTESIAN_POINT('',(30.355,25.644,-1.));
#3661 = VECTOR('',#3662,1.);
#3662 = DIRECTION('',(0.,0.,1.));
#3663 = ORIENTED_EDGE('',*,*,#279,.F.);
#3664 = ORIENTED_EDGE('',*,*,#3619,.F.);
#3665 = PLANE('',#3666);
#3666 = AXIS2_PLACEMENT_3D('',#3667,#3668,#3669);
#3667 = CARTESIAN_POINT('',(30.355,25.644,-1.));
#3668 = DIRECTION('',(0.,1.,0.));
#3669 = DIRECTION('',(1.,0.,0.));
#3670 = ADVANCED_FACE('',(#3671),#3677,.T.);
#3671 = FACE_BOUND('',#3672,.T.);
#3672 = EDGE_LOOP('',(#3673,#3674,#3675,#3676));
#3673 = ORIENTED_EDGE('',*,*,#1894,.T.);
#3674 = ORIENTED_EDGE('',*,*,#3643,.T.);
#3675 = ORIENTED_EDGE('',*,*,#287,.F.);
#3676 = ORIENTED_EDGE('',*,*,#3658,.F.);
#3677 = PLANE('',#3678);
#3678 = AXIS2_PLACEMENT_3D('',#3679,#3680,#3681);
#3679 = CARTESIAN_POINT('',(30.355,39.644,-1.));
#3680 = DIRECTION('',(1.,0.,-0.));
#3681 = DIRECTION('',(0.,-1.,0.));
#3682 = ADVANCED_FACE('',(#3683),#3699,.T.);
#3683 = FACE_BOUND('',#3684,.T.);
#3684 = EDGE_LOOP('',(#3685,#3686,#3692,#3693));
#3685 = ORIENTED_EDGE('',*,*,#1910,.T.);
#3686 = ORIENTED_EDGE('',*,*,#3687,.T.);
#3687 = EDGE_CURVE('',#1913,#306,#3688,.T.);
#3688 = LINE('',#3689,#3690);
#3689 = CARTESIAN_POINT('',(63.406,25.644,-1.));
#3690 = VECTOR('',#3691,1.);
#3691 = DIRECTION('',(0.,0.,1.));
#3692 = ORIENTED_EDGE('',*,*,#303,.F.);
#3693 = ORIENTED_EDGE('',*,*,#3694,.F.);
#3694 = EDGE_CURVE('',#1911,#304,#3695,.T.);
#3695 = LINE('',#3696,#3697);
#3696 = CARTESIAN_POINT('',(63.406,39.644,-1.));
#3697 = VECTOR('',#3698,1.);
#3698 = DIRECTION('',(0.,0.,1.));
#3699 = PLANE('',#3700);
#3700 = AXIS2_PLACEMENT_3D('',#3701,#3702,#3703);
#3701 = CARTESIAN_POINT('',(63.406,25.644,-1.));
#3702 = DIRECTION('',(-1.,0.,0.));
#3703 = DIRECTION('',(0.,1.,0.));
#3704 = ADVANCED_FACE('',(#3705),#3716,.T.);
#3705 = FACE_BOUND('',#3706,.T.);
#3706 = EDGE_LOOP('',(#3707,#3708,#3709,#3710));
#3707 = ORIENTED_EDGE('',*,*,#1936,.T.);
#3708 = ORIENTED_EDGE('',*,*,#3694,.T.);
#3709 = ORIENTED_EDGE('',*,*,#329,.F.);
#3710 = ORIENTED_EDGE('',*,*,#3711,.F.);
#3711 = EDGE_CURVE('',#1929,#322,#3712,.T.);
#3712 = LINE('',#3713,#3714);
#3713 = CARTESIAN_POINT('',(49.406,39.644,-1.));
#3714 = VECTOR('',#3715,1.);
#3715 = DIRECTION('',(0.,0.,1.));
#3716 = PLANE('',#3717);
#3717 = AXIS2_PLACEMENT_3D('',#3718,#3719,#3720);
#3718 = CARTESIAN_POINT('',(63.406,39.644,-1.));
#3719 = DIRECTION('',(0.,-1.,0.));
#3720 = DIRECTION('',(-1.,0.,0.));
#3721 = ADVANCED_FACE('',(#3722),#3733,.T.);
#3722 = FACE_BOUND('',#3723,.T.);
#3723 = EDGE_LOOP('',(#3724,#3725,#3731,#3732));
#3724 = ORIENTED_EDGE('',*,*,#1920,.T.);
#3725 = ORIENTED_EDGE('',*,*,#3726,.T.);
#3726 = EDGE_CURVE('',#1921,#314,#3727,.T.);
#3727 = LINE('',#3728,#3729);
#3728 = CARTESIAN_POINT('',(49.406,25.644,-1.));
#3729 = VECTOR('',#3730,1.);
#3730 = DIRECTION('',(0.,0.,1.));
#3731 = ORIENTED_EDGE('',*,*,#313,.F.);
#3732 = ORIENTED_EDGE('',*,*,#3687,.F.);
#3733 = PLANE('',#3734);
#3734 = AXIS2_PLACEMENT_3D('',#3735,#3736,#3737);
#3735 = CARTESIAN_POINT('',(49.406,25.644,-1.));
#3736 = DIRECTION('',(0.,1.,0.));
#3737 = DIRECTION('',(1.,0.,0.));
#3738 = ADVANCED_FACE('',(#3739),#3745,.T.);
#3739 = FACE_BOUND('',#3740,.T.);
#3740 = EDGE_LOOP('',(#3741,#3742,#3743,#3744));
#3741 = ORIENTED_EDGE('',*,*,#1928,.T.);
#3742 = ORIENTED_EDGE('',*,*,#3711,.T.);
#3743 = ORIENTED_EDGE('',*,*,#321,.F.);
#3744 = ORIENTED_EDGE('',*,*,#3726,.F.);
#3745 = PLANE('',#3746);
#3746 = AXIS2_PLACEMENT_3D('',#3747,#3748,#3749);
#3747 = CARTESIAN_POINT('',(49.406,39.644,-1.));
#3748 = DIRECTION('',(1.,0.,-0.));
#3749 = DIRECTION('',(0.,-1.,0.));
#3750 = ADVANCED_FACE('',(#3751),#3767,.T.);
#3751 = FACE_BOUND('',#3752,.T.);
#3752 = EDGE_LOOP('',(#3753,#3754,#3760,#3761));
#3753 = ORIENTED_EDGE('',*,*,#1944,.T.);
#3754 = ORIENTED_EDGE('',*,*,#3755,.T.);
#3755 = EDGE_CURVE('',#1947,#340,#3756,.T.);
#3756 = LINE('',#3757,#3758);
#3757 = CARTESIAN_POINT('',(82.456,25.644,-1.));
#3758 = VECTOR('',#3759,1.);
#3759 = DIRECTION('',(0.,0.,1.));
#3760 = ORIENTED_EDGE('',*,*,#337,.F.);
#3761 = ORIENTED_EDGE('',*,*,#3762,.F.);
#3762 = EDGE_CURVE('',#1945,#338,#3763,.T.);
#3763 = LINE('',#3764,#3765);
#3764 = CARTESIAN_POINT('',(82.456,39.644,-1.));
#3765 = VECTOR('',#3766,1.);
#3766 = DIRECTION('',(0.,0.,1.));
#3767 = PLANE('',#3768);
#3768 = AXIS2_PLACEMENT_3D('',#3769,#3770,#3771);
#3769 = CARTESIAN_POINT('',(82.456,25.644,-1.));
#3770 = DIRECTION('',(-1.,0.,0.));
#3771 = DIRECTION('',(0.,1.,0.));
#3772 = ADVANCED_FACE('',(#3773),#3784,.T.);
#3773 = FACE_BOUND('',#3774,.T.);
#3774 = EDGE_LOOP('',(#3775,#3776,#3777,#3778));
#3775 = ORIENTED_EDGE('',*,*,#1970,.T.);
#3776 = ORIENTED_EDGE('',*,*,#3762,.T.);
#3777 = ORIENTED_EDGE('',*,*,#363,.F.);
#3778 = ORIENTED_EDGE('',*,*,#3779,.F.);
#3779 = EDGE_CURVE('',#1963,#356,#3780,.T.);
#3780 = LINE('',#3781,#3782);
#3781 = CARTESIAN_POINT('',(68.456,39.644,-1.));
#3782 = VECTOR('',#3783,1.);
#3783 = DIRECTION('',(0.,0.,1.));
#3784 = PLANE('',#3785);
#3785 = AXIS2_PLACEMENT_3D('',#3786,#3787,#3788);
#3786 = CARTESIAN_POINT('',(82.456,39.644,-1.));
#3787 = DIRECTION('',(0.,-1.,0.));
#3788 = DIRECTION('',(-1.,0.,0.));
#3789 = ADVANCED_FACE('',(#3790),#3801,.T.);
#3790 = FACE_BOUND('',#3791,.T.);
#3791 = EDGE_LOOP('',(#3792,#3793,#3799,#3800));
#3792 = ORIENTED_EDGE('',*,*,#1954,.T.);
#3793 = ORIENTED_EDGE('',*,*,#3794,.T.);
#3794 = EDGE_CURVE('',#1955,#348,#3795,.T.);
#3795 = LINE('',#3796,#3797);
#3796 = CARTESIAN_POINT('',(68.456,25.644,-1.));
#3797 = VECTOR('',#3798,1.);
#3798 = DIRECTION('',(0.,0.,1.));
#3799 = ORIENTED_EDGE('',*,*,#347,.F.);
#3800 = ORIENTED_EDGE('',*,*,#3755,.F.);
#3801 = PLANE('',#3802);
#3802 = AXIS2_PLACEMENT_3D('',#3803,#3804,#3805);
#3803 = CARTESIAN_POINT('',(68.456,25.644,-1.));
#3804 = DIRECTION('',(0.,1.,0.));
#3805 = DIRECTION('',(1.,0.,0.));
#3806 = ADVANCED_FACE('',(#3807),#3813,.T.);
#3807 = FACE_BOUND('',#3808,.T.);
#3808 = EDGE_LOOP('',(#3809,#3810,#3811,#3812));
#3809 = ORIENTED_EDGE('',*,*,#1962,.T.);
#3810 = ORIENTED_EDGE('',*,*,#3779,.T.);
#3811 = ORIENTED_EDGE('',*,*,#355,.F.);
#3812 = ORIENTED_EDGE('',*,*,#3794,.F.);
#3813 = PLANE('',#3814);
#3814 = AXIS2_PLACEMENT_3D('',#3815,#3816,#3817);
#3815 = CARTESIAN_POINT('',(68.456,39.644,-1.));
#3816 = DIRECTION('',(1.,0.,-0.));
#3817 = DIRECTION('',(0.,-1.,0.));
#3818 = ADVANCED_FACE('',(#3819),#3835,.T.);
#3819 = FACE_BOUND('',#3820,.T.);
#3820 = EDGE_LOOP('',(#3821,#3822,#3828,#3829));
#3821 = ORIENTED_EDGE('',*,*,#1978,.T.);
#3822 = ORIENTED_EDGE('',*,*,#3823,.T.);
#3823 = EDGE_CURVE('',#1981,#374,#3824,.T.);
#3824 = LINE('',#3825,#3826);
#3825 = CARTESIAN_POINT('',(101.506,25.644,-1.));
#3826 = VECTOR('',#3827,1.);
#3827 = DIRECTION('',(0.,0.,1.));
#3828 = ORIENTED_EDGE('',*,*,#371,.F.);
#3829 = ORIENTED_EDGE('',*,*,#3830,.F.);
#3830 = EDGE_CURVE('',#1979,#372,#3831,.T.);
#3831 = LINE('',#3832,#3833);
#3832 = CARTESIAN_POINT('',(101.506,39.644,-1.));
#3833 = VECTOR('',#3834,1.);
#3834 = DIRECTION('',(0.,0.,1.));
#3835 = PLANE('',#3836);
#3836 = AXIS2_PLACEMENT_3D('',#3837,#3838,#3839);
#3837 = CARTESIAN_POINT('',(101.506,25.644,-1.));
#3838 = DIRECTION('',(-1.,0.,0.));
#3839 = DIRECTION('',(0.,1.,0.));
#3840 = ADVANCED_FACE('',(#3841),#3852,.T.);
#3841 = FACE_BOUND('',#3842,.T.);
#3842 = EDGE_LOOP('',(#3843,#3844,#3845,#3846));
#3843 = ORIENTED_EDGE('',*,*,#2004,.T.);
#3844 = ORIENTED_EDGE('',*,*,#3830,.T.);
#3845 = ORIENTED_EDGE('',*,*,#397,.F.);
#3846 = ORIENTED_EDGE('',*,*,#3847,.F.);
#3847 = EDGE_CURVE('',#1997,#390,#3848,.T.);
#3848 = LINE('',#3849,#3850);
#3849 = CARTESIAN_POINT('',(87.506,39.644,-1.));
#3850 = VECTOR('',#3851,1.);
#3851 = DIRECTION('',(0.,0.,1.));
#3852 = PLANE('',#3853);
#3853 = AXIS2_PLACEMENT_3D('',#3854,#3855,#3856);
#3854 = CARTESIAN_POINT('',(101.506,39.644,-1.));
#3855 = DIRECTION('',(0.,-1.,0.));
#3856 = DIRECTION('',(-1.,0.,0.));
#3857 = ADVANCED_FACE('',(#3858),#3869,.T.);
#3858 = FACE_BOUND('',#3859,.T.);
#3859 = EDGE_LOOP('',(#3860,#3861,#3867,#3868));
#3860 = ORIENTED_EDGE('',*,*,#1988,.T.);
#3861 = ORIENTED_EDGE('',*,*,#3862,.T.);
#3862 = EDGE_CURVE('',#1989,#382,#3863,.T.);
#3863 = LINE('',#3864,#3865);
#3864 = CARTESIAN_POINT('',(87.506,25.644,-1.));
#3865 = VECTOR('',#3866,1.);
#3866 = DIRECTION('',(0.,0.,1.));
#3867 = ORIENTED_EDGE('',*,*,#381,.F.);
#3868 = ORIENTED_EDGE('',*,*,#3823,.F.);
#3869 = PLANE('',#3870);
#3870 = AXIS2_PLACEMENT_3D('',#3871,#3872,#3873);
#3871 = CARTESIAN_POINT('',(87.506,25.644,-1.));
#3872 = DIRECTION('',(0.,1.,0.));
#3873 = DIRECTION('',(1.,0.,0.));
#3874 = ADVANCED_FACE('',(#3875),#3881,.T.);
#3875 = FACE_BOUND('',#3876,.T.);
#3876 = EDGE_LOOP('',(#3877,#3878,#3879,#3880));
#3877 = ORIENTED_EDGE('',*,*,#1996,.T.);
#3878 = ORIENTED_EDGE('',*,*,#3847,.T.);
#3879 = ORIENTED_EDGE('',*,*,#389,.F.);
#3880 = ORIENTED_EDGE('',*,*,#3862,.F.);
#3881 = PLANE('',#3882);
#3882 = AXIS2_PLACEMENT_3D('',#3883,#3884,#3885);
#3883 = CARTESIAN_POINT('',(87.506,39.644,-1.));
#3884 = DIRECTION('',(1.,0.,-0.));
#3885 = DIRECTION('',(0.,-1.,0.));
#3886 = ADVANCED_FACE('',(#3887),#3903,.T.);
#3887 = FACE_BOUND('',#3888,.T.);
#3888 = EDGE_LOOP('',(#3889,#3890,#3896,#3897));
#3889 = ORIENTED_EDGE('',*,*,#2012,.T.);
#3890 = ORIENTED_EDGE('',*,*,#3891,.T.);
#3891 = EDGE_CURVE('',#2015,#408,#3892,.T.);
#3892 = LINE('',#3893,#3894);
#3893 = CARTESIAN_POINT('',(115.785,6.638,-1.));
#3894 = VECTOR('',#3895,1.);
#3895 = DIRECTION('',(0.,0.,1.));
#3896 = ORIENTED_EDGE('',*,*,#405,.F.);
#3897 = ORIENTED_EDGE('',*,*,#3898,.F.);
#3898 = EDGE_CURVE('',#2013,#406,#3899,.T.);
#3899 = LINE('',#3900,#3901);
#3900 = CARTESIAN_POINT('',(115.785,20.638,-1.));
#3901 = VECTOR('',#3902,1.);
#3902 = DIRECTION('',(0.,0.,1.));
#3903 = PLANE('',#3904);
#3904 = AXIS2_PLACEMENT_3D('',#3905,#3906,#3907);
#3905 = CARTESIAN_POINT('',(115.785,6.638,-1.));
#3906 = DIRECTION('',(-1.,0.,0.));
#3907 = DIRECTION('',(0.,1.,0.));
#3908 = ADVANCED_FACE('',(#3909),#3920,.T.);
#3909 = FACE_BOUND('',#3910,.T.);
#3910 = EDGE_LOOP('',(#3911,#3912,#3913,#3914));
#3911 = ORIENTED_EDGE('',*,*,#2038,.T.);
#3912 = ORIENTED_EDGE('',*,*,#3898,.T.);
#3913 = ORIENTED_EDGE('',*,*,#431,.F.);
#3914 = ORIENTED_EDGE('',*,*,#3915,.F.);
#3915 = EDGE_CURVE('',#2031,#424,#3916,.T.);
#3916 = LINE('',#3917,#3918);
#3917 = CARTESIAN_POINT('',(101.785,20.638,-1.));
#3918 = VECTOR('',#3919,1.);
#3919 = DIRECTION('',(0.,0.,1.));
#3920 = PLANE('',#3921);
#3921 = AXIS2_PLACEMENT_3D('',#3922,#3923,#3924);
#3922 = CARTESIAN_POINT('',(115.785,20.638,-1.));
#3923 = DIRECTION('',(0.,-1.,0.));
#3924 = DIRECTION('',(-1.,0.,0.));
#3925 = ADVANCED_FACE('',(#3926),#3937,.T.);
#3926 = FACE_BOUND('',#3927,.T.);
#3927 = EDGE_LOOP('',(#3928,#3929,#3935,#3936));
#3928 = ORIENTED_EDGE('',*,*,#2022,.T.);
#3929 = ORIENTED_EDGE('',*,*,#3930,.T.);
#3930 = EDGE_CURVE('',#2023,#416,#3931,.T.);
#3931 = LINE('',#3932,#3933);
#3932 = CARTESIAN_POINT('',(101.785,6.638,-1.));
#3933 = VECTOR('',#3934,1.);
#3934 = DIRECTION('',(0.,0.,1.));
#3935 = ORIENTED_EDGE('',*,*,#415,.F.);
#3936 = ORIENTED_EDGE('',*,*,#3891,.F.);
#3937 = PLANE('',#3938);
#3938 = AXIS2_PLACEMENT_3D('',#3939,#3940,#3941);
#3939 = CARTESIAN_POINT('',(101.785,6.638,-1.));
#3940 = DIRECTION('',(0.,1.,0.));
#3941 = DIRECTION('',(1.,0.,0.));
#3942 = ADVANCED_FACE('',(#3943),#3949,.T.);
#3943 = FACE_BOUND('',#3944,.T.);
#3944 = EDGE_LOOP('',(#3945,#3946,#3947,#3948));
#3945 = ORIENTED_EDGE('',*,*,#2030,.T.);
#3946 = ORIENTED_EDGE('',*,*,#3915,.T.);
#3947 = ORIENTED_EDGE('',*,*,#423,.F.);
#3948 = ORIENTED_EDGE('',*,*,#3930,.F.);
#3949 = PLANE('',#3950);
#3950 = AXIS2_PLACEMENT_3D('',#3951,#3952,#3953);
#3951 = CARTESIAN_POINT('',(101.785,20.638,-1.));
#3952 = DIRECTION('',(1.,0.,-0.));
#3953 = DIRECTION('',(0.,-1.,0.));
#3954 = ADVANCED_FACE('',(#3955),#3971,.T.);
#3955 = FACE_BOUND('',#3956,.T.);
#3956 = EDGE_LOOP('',(#3957,#3958,#3964,#3965));
#3957 = ORIENTED_EDGE('',*,*,#2046,.T.);
#3958 = ORIENTED_EDGE('',*,*,#3959,.T.);
#3959 = EDGE_CURVE('',#2049,#442,#3960,.T.);
#3960 = LINE('',#3961,#3962);
#3961 = CARTESIAN_POINT('',(134.826,6.638,-1.));
#3962 = VECTOR('',#3963,1.);
#3963 = DIRECTION('',(0.,0.,1.));
#3964 = ORIENTED_EDGE('',*,*,#439,.F.);
#3965 = ORIENTED_EDGE('',*,*,#3966,.F.);
#3966 = EDGE_CURVE('',#2047,#440,#3967,.T.);
#3967 = LINE('',#3968,#3969);
#3968 = CARTESIAN_POINT('',(134.826,20.638,-1.));
#3969 = VECTOR('',#3970,1.);
#3970 = DIRECTION('',(0.,0.,1.));
#3971 = PLANE('',#3972);
#3972 = AXIS2_PLACEMENT_3D('',#3973,#3974,#3975);
#3973 = CARTESIAN_POINT('',(134.826,6.638,-1.));
#3974 = DIRECTION('',(-1.,0.,0.));
#3975 = DIRECTION('',(0.,1.,0.));
#3976 = ADVANCED_FACE('',(#3977),#3988,.T.);
#3977 = FACE_BOUND('',#3978,.T.);
#3978 = EDGE_LOOP('',(#3979,#3980,#3981,#3982));
#3979 = ORIENTED_EDGE('',*,*,#2072,.T.);
#3980 = ORIENTED_EDGE('',*,*,#3966,.T.);
#3981 = ORIENTED_EDGE('',*,*,#465,.F.);
#3982 = ORIENTED_EDGE('',*,*,#3983,.F.);
#3983 = EDGE_CURVE('',#2065,#458,#3984,.T.);
#3984 = LINE('',#3985,#3986);
#3985 = CARTESIAN_POINT('',(120.826,20.638,-1.));
#3986 = VECTOR('',#3987,1.);
#3987 = DIRECTION('',(0.,0.,1.));
#3988 = PLANE('',#3989);
#3989 = AXIS2_PLACEMENT_3D('',#3990,#3991,#3992);
#3990 = CARTESIAN_POINT('',(134.826,20.638,-1.));
#3991 = DIRECTION('',(0.,-1.,0.));
#3992 = DIRECTION('',(-1.,0.,0.));
#3993 = ADVANCED_FACE('',(#3994),#4005,.T.);
#3994 = FACE_BOUND('',#3995,.T.);
#3995 = EDGE_LOOP('',(#3996,#3997,#4003,#4004));
#3996 = ORIENTED_EDGE('',*,*,#2056,.T.);
#3997 = ORIENTED_EDGE('',*,*,#3998,.T.);
#3998 = EDGE_CURVE('',#2057,#450,#3999,.T.);
#3999 = LINE('',#4000,#4001);
#4000 = CARTESIAN_POINT('',(120.826,6.638,-1.));
#4001 = VECTOR('',#4002,1.);
#4002 = DIRECTION('',(0.,0.,1.));
#4003 = ORIENTED_EDGE('',*,*,#449,.F.);
#4004 = ORIENTED_EDGE('',*,*,#3959,.F.);
#4005 = PLANE('',#4006);
#4006 = AXIS2_PLACEMENT_3D('',#4007,#4008,#4009);
#4007 = CARTESIAN_POINT('',(120.826,6.638,-1.));
#4008 = DIRECTION('',(0.,1.,0.));
#4009 = DIRECTION('',(1.,0.,0.));
#4010 = ADVANCED_FACE('',(#4011),#4017,.T.);
#4011 = FACE_BOUND('',#4012,.T.);
#4012 = EDGE_LOOP('',(#4013,#4014,#4015,#4016));
#4013 = ORIENTED_EDGE('',*,*,#2064,.T.);
#4014 = ORIENTED_EDGE('',*,*,#3983,.T.);
#4015 = ORIENTED_EDGE('',*,*,#457,.F.);
#4016 = ORIENTED_EDGE('',*,*,#3998,.F.);
#4017 = PLANE('',#4018);
#4018 = AXIS2_PLACEMENT_3D('',#4019,#4020,#4021);
#4019 = CARTESIAN_POINT('',(120.826,20.638,-1.));
#4020 = DIRECTION('',(1.,0.,-0.));
#4021 = DIRECTION('',(0.,-1.,0.));
#4022 = ADVANCED_FACE('',(#4023),#4039,.T.);
#4023 = FACE_BOUND('',#4024,.T.);
#4024 = EDGE_LOOP('',(#4025,#4026,#4032,#4033));
#4025 = ORIENTED_EDGE('',*,*,#2080,.T.);
#4026 = ORIENTED_EDGE('',*,*,#4027,.T.);
#4027 = EDGE_CURVE('',#2083,#476,#4028,.T.);
#4028 = LINE('',#4029,#4030);
#4029 = CARTESIAN_POINT('',(153.867,6.638,-1.));
#4030 = VECTOR('',#4031,1.);
#4031 = DIRECTION('',(0.,0.,1.));
#4032 = ORIENTED_EDGE('',*,*,#473,.F.);
#4033 = ORIENTED_EDGE('',*,*,#4034,.F.);
#4034 = EDGE_CURVE('',#2081,#474,#4035,.T.);
#4035 = LINE('',#4036,#4037);
#4036 = CARTESIAN_POINT('',(153.867,20.638,-1.));
#4037 = VECTOR('',#4038,1.);
#4038 = DIRECTION('',(0.,0.,1.));
#4039 = PLANE('',#4040);
#4040 = AXIS2_PLACEMENT_3D('',#4041,#4042,#4043);
#4041 = CARTESIAN_POINT('',(153.867,6.638,-1.));
#4042 = DIRECTION('',(-1.,0.,0.));
#4043 = DIRECTION('',(0.,1.,0.));
#4044 = ADVANCED_FACE('',(#4045),#4056,.T.);
#4045 = FACE_BOUND('',#4046,.T.);
#4046 = EDGE_LOOP('',(#4047,#4048,#4049,#4050));
#4047 = ORIENTED_EDGE('',*,*,#2106,.T.);
#4048 = ORIENTED_EDGE('',*,*,#4034,.T.);
#4049 = ORIENTED_EDGE('',*,*,#499,.F.);
#4050 = ORIENTED_EDGE('',*,*,#4051,.F.);
#4051 = EDGE_CURVE('',#2099,#492,#4052,.T.);
#4052 = LINE('',#4053,#4054);
#4053 = CARTESIAN_POINT('',(139.867,20.638,-1.));
#4054 = VECTOR('',#4055,1.);
#4055 = DIRECTION('',(0.,0.,1.));
#4056 = PLANE('',#4057);
#4057 = AXIS2_PLACEMENT_3D('',#4058,#4059,#4060);
#4058 = CARTESIAN_POINT('',(153.867,20.638,-1.));
#4059 = DIRECTION('',(0.,-1.,0.));
#4060 = DIRECTION('',(-1.,0.,0.));
#4061 = ADVANCED_FACE('',(#4062),#4073,.T.);
#4062 = FACE_BOUND('',#4063,.T.);
#4063 = EDGE_LOOP('',(#4064,#4065,#4071,#4072));
#4064 = ORIENTED_EDGE('',*,*,#2090,.T.);
#4065 = ORIENTED_EDGE('',*,*,#4066,.T.);
#4066 = EDGE_CURVE('',#2091,#484,#4067,.T.);
#4067 = LINE('',#4068,#4069);
#4068 = CARTESIAN_POINT('',(139.867,6.638,-1.));
#4069 = VECTOR('',#4070,1.);
#4070 = DIRECTION('',(0.,0.,1.));
#4071 = ORIENTED_EDGE('',*,*,#483,.F.);
#4072 = ORIENTED_EDGE('',*,*,#4027,.F.);
#4073 = PLANE('',#4074);
#4074 = AXIS2_PLACEMENT_3D('',#4075,#4076,#4077);
#4075 = CARTESIAN_POINT('',(139.867,6.638,-1.));
#4076 = DIRECTION('',(0.,1.,0.));
#4077 = DIRECTION('',(1.,0.,0.));
#4078 = ADVANCED_FACE('',(#4079),#4085,.T.);
#4079 = FACE_BOUND('',#4080,.T.);
#4080 = EDGE_LOOP('',(#4081,#4082,#4083,#4084));
#4081 = ORIENTED_EDGE('',*,*,#2098,.T.);
#4082 = ORIENTED_EDGE('',*,*,#4051,.T.);
#4083 = ORIENTED_EDGE('',*,*,#491,.F.);
#4084 = ORIENTED_EDGE('',*,*,#4066,.F.);
#4085 = PLANE('',#4086);
#4086 = AXIS2_PLACEMENT_3D('',#4087,#4088,#4089);
#4087 = CARTESIAN_POINT('',(139.867,20.638,-1.));
#4088 = DIRECTION('',(1.,0.,-0.));
#4089 = DIRECTION('',(0.,-1.,0.));
#4090 = ADVANCED_FACE('',(#4091),#4110,.F.);
#4091 = FACE_BOUND('',#4092,.F.);
#4092 = EDGE_LOOP('',(#4093,#4094,#4102,#4109));
#4093 = ORIENTED_EDGE('',*,*,#507,.F.);
#4094 = ORIENTED_EDGE('',*,*,#4095,.F.);
#4095 = EDGE_CURVE('',#4096,#508,#4098,.T.);
#4096 = VERTEX_POINT('',#4097);
#4097 = CARTESIAN_POINT('',(198.66839725679,3.018851917704,1.49));
#4098 = LINE('',#4099,#4100);
#4099 = CARTESIAN_POINT('',(198.66839725679,3.018851917704,1.49));
#4100 = VECTOR('',#4101,1.);
#4101 = DIRECTION('',(0.,0.,1.));
#4102 = ORIENTED_EDGE('',*,*,#4103,.T.);
#4103 = EDGE_CURVE('',#4096,#4096,#4104,.T.);
#4104 = CIRCLE('',#4105,3.1);
#4105 = AXIS2_PLACEMENT_3D('',#4106,#4107,#4108);
#4106 = CARTESIAN_POINT('',(195.56839725679,3.018851917704,1.49));
#4107 = DIRECTION('',(0.,0.,1.));
#4108 = DIRECTION('',(1.,0.,-0.));
#4109 = ORIENTED_EDGE('',*,*,#4095,.T.);
#4110 = CYLINDRICAL_SURFACE('',#4111,3.1);
#4111 = AXIS2_PLACEMENT_3D('',#4112,#4113,#4114);
#4112 = CARTESIAN_POINT('',(195.56839725679,3.018851917704,1.49));
#4113 = DIRECTION('',(0.,0.,1.));
#4114 = DIRECTION('',(1.,0.,-0.));
#4115 = ADVANCED_FACE('',(#4116),#4132,.T.);
#4116 = FACE_BOUND('',#4117,.T.);
#4117 = EDGE_LOOP('',(#4118,#4119,#4125,#4126));
#4118 = ORIENTED_EDGE('',*,*,#2114,.T.);
#4119 = ORIENTED_EDGE('',*,*,#4120,.T.);
#4120 = EDGE_CURVE('',#2117,#521,#4121,.T.);
#4121 = LINE('',#4122,#4123);
#4122 = CARTESIAN_POINT('',(172.908,6.638,-1.));
#4123 = VECTOR('',#4124,1.);
#4124 = DIRECTION('',(0.,0.,1.));
#4125 = ORIENTED_EDGE('',*,*,#518,.F.);
#4126 = ORIENTED_EDGE('',*,*,#4127,.F.);
#4127 = EDGE_CURVE('',#2115,#519,#4128,.T.);
#4128 = LINE('',#4129,#4130);
#4129 = CARTESIAN_POINT('',(172.908,20.638,-1.));
#4130 = VECTOR('',#4131,1.);
#4131 = DIRECTION('',(0.,0.,1.));
#4132 = PLANE('',#4133);
#4133 = AXIS2_PLACEMENT_3D('',#4134,#4135,#4136);
#4134 = CARTESIAN_POINT('',(172.908,6.638,-1.));
#4135 = DIRECTION('',(-1.,0.,0.));
#4136 = DIRECTION('',(0.,1.,0.));
#4137 = ADVANCED_FACE('',(#4138),#4149,.T.);
#4138 = FACE_BOUND('',#4139,.T.);
#4139 = EDGE_LOOP('',(#4140,#4141,#4142,#4143));
#4140 = ORIENTED_EDGE('',*,*,#2140,.T.);
#4141 = ORIENTED_EDGE('',*,*,#4127,.T.);
#4142 = ORIENTED_EDGE('',*,*,#544,.F.);
#4143 = ORIENTED_EDGE('',*,*,#4144,.F.);
#4144 = EDGE_CURVE('',#2133,#537,#4145,.T.);
#4145 = LINE('',#4146,#4147);
#4146 = CARTESIAN_POINT('',(158.908,20.638,-1.));
#4147 = VECTOR('',#4148,1.);
#4148 = DIRECTION('',(0.,0.,1.));
#4149 = PLANE('',#4150);
#4150 = AXIS2_PLACEMENT_3D('',#4151,#4152,#4153);
#4151 = CARTESIAN_POINT('',(172.908,20.638,-1.));
#4152 = DIRECTION('',(0.,-1.,0.));
#4153 = DIRECTION('',(-1.,0.,0.));
#4154 = ADVANCED_FACE('',(#4155),#4166,.T.);
#4155 = FACE_BOUND('',#4156,.T.);
#4156 = EDGE_LOOP('',(#4157,#4158,#4164,#4165));
#4157 = ORIENTED_EDGE('',*,*,#2124,.T.);
#4158 = ORIENTED_EDGE('',*,*,#4159,.T.);
#4159 = EDGE_CURVE('',#2125,#529,#4160,.T.);
#4160 = LINE('',#4161,#4162);
#4161 = CARTESIAN_POINT('',(158.908,6.638,-1.));
#4162 = VECTOR('',#4163,1.);
#4163 = DIRECTION('',(0.,0.,1.));
#4164 = ORIENTED_EDGE('',*,*,#528,.F.);
#4165 = ORIENTED_EDGE('',*,*,#4120,.F.);
#4166 = PLANE('',#4167);
#4167 = AXIS2_PLACEMENT_3D('',#4168,#4169,#4170);
#4168 = CARTESIAN_POINT('',(158.908,6.638,-1.));
#4169 = DIRECTION('',(0.,1.,0.));
#4170 = DIRECTION('',(1.,0.,0.));
#4171 = ADVANCED_FACE('',(#4172),#4178,.T.);
#4172 = FACE_BOUND('',#4173,.T.);
#4173 = EDGE_LOOP('',(#4174,#4175,#4176,#4177));
#4174 = ORIENTED_EDGE('',*,*,#2132,.T.);
#4175 = ORIENTED_EDGE('',*,*,#4144,.T.);
#4176 = ORIENTED_EDGE('',*,*,#536,.F.);
#4177 = ORIENTED_EDGE('',*,*,#4159,.F.);
#4178 = PLANE('',#4179);
#4179 = AXIS2_PLACEMENT_3D('',#4180,#4181,#4182);
#4180 = CARTESIAN_POINT('',(158.908,20.638,-1.));
#4181 = DIRECTION('',(1.,0.,-0.));
#4182 = DIRECTION('',(0.,-1.,0.));
#4183 = ADVANCED_FACE('',(#4184),#4200,.T.);
#4184 = FACE_BOUND('',#4185,.T.);
#4185 = EDGE_LOOP('',(#4186,#4187,#4193,#4194));
#4186 = ORIENTED_EDGE('',*,*,#2159,.T.);
#4187 = ORIENTED_EDGE('',*,*,#4188,.T.);
#4188 = EDGE_CURVE('',#2162,#555,#4189,.T.);
#4189 = LINE('',#4190,#4191);
#4190 = CARTESIAN_POINT('',(191.949,6.638,-1.));
#4191 = VECTOR('',#4192,1.);
#4192 = DIRECTION('',(0.,0.,1.));
#4193 = ORIENTED_EDGE('',*,*,#552,.F.);
#4194 = ORIENTED_EDGE('',*,*,#4195,.F.);
#4195 = EDGE_CURVE('',#2160,#553,#4196,.T.);
#4196 = LINE('',#4197,#4198);
#4197 = CARTESIAN_POINT('',(191.949,20.638,-1.));
#4198 = VECTOR('',#4199,1.);
#4199 = DIRECTION('',(0.,0.,1.));
#4200 = PLANE('',#4201);
#4201 = AXIS2_PLACEMENT_3D('',#4202,#4203,#4204);
#4202 = CARTESIAN_POINT('',(191.949,6.638,-1.));
#4203 = DIRECTION('',(-1.,0.,0.));
#4204 = DIRECTION('',(0.,1.,0.));
#4205 = ADVANCED_FACE('',(#4206),#4217,.T.);
#4206 = FACE_BOUND('',#4207,.T.);
#4207 = EDGE_LOOP('',(#4208,#4209,#4210,#4211));
#4208 = ORIENTED_EDGE('',*,*,#2185,.T.);
#4209 = ORIENTED_EDGE('',*,*,#4195,.T.);
#4210 = ORIENTED_EDGE('',*,*,#578,.F.);
#4211 = ORIENTED_EDGE('',*,*,#4212,.F.);
#4212 = EDGE_CURVE('',#2178,#571,#4213,.T.);
#4213 = LINE('',#4214,#4215);
#4214 = CARTESIAN_POINT('',(177.949,20.638,-1.));
#4215 = VECTOR('',#4216,1.);
#4216 = DIRECTION('',(0.,0.,1.));
#4217 = PLANE('',#4218);
#4218 = AXIS2_PLACEMENT_3D('',#4219,#4220,#4221);
#4219 = CARTESIAN_POINT('',(191.949,20.638,-1.));
#4220 = DIRECTION('',(0.,-1.,0.));
#4221 = DIRECTION('',(-1.,0.,0.));
#4222 = ADVANCED_FACE('',(#4223),#4234,.T.);
#4223 = FACE_BOUND('',#4224,.T.);
#4224 = EDGE_LOOP('',(#4225,#4226,#4232,#4233));
#4225 = ORIENTED_EDGE('',*,*,#2169,.T.);
#4226 = ORIENTED_EDGE('',*,*,#4227,.T.);
#4227 = EDGE_CURVE('',#2170,#563,#4228,.T.);
#4228 = LINE('',#4229,#4230);
#4229 = CARTESIAN_POINT('',(177.949,6.638,-1.));
#4230 = VECTOR('',#4231,1.);
#4231 = DIRECTION('',(0.,0.,1.));
#4232 = ORIENTED_EDGE('',*,*,#562,.F.);
#4233 = ORIENTED_EDGE('',*,*,#4188,.F.);
#4234 = PLANE('',#4235);
#4235 = AXIS2_PLACEMENT_3D('',#4236,#4237,#4238);
#4236 = CARTESIAN_POINT('',(177.949,6.638,-1.));
#4237 = DIRECTION('',(0.,1.,0.));
#4238 = DIRECTION('',(1.,0.,0.));
#4239 = ADVANCED_FACE('',(#4240),#4246,.T.);
#4240 = FACE_BOUND('',#4241,.T.);
#4241 = EDGE_LOOP('',(#4242,#4243,#4244,#4245));
#4242 = ORIENTED_EDGE('',*,*,#2177,.T.);
#4243 = ORIENTED_EDGE('',*,*,#4212,.T.);
#4244 = ORIENTED_EDGE('',*,*,#570,.F.);
#4245 = ORIENTED_EDGE('',*,*,#4227,.F.);
#4246 = PLANE('',#4247);
#4247 = AXIS2_PLACEMENT_3D('',#4248,#4249,#4250);
#4248 = CARTESIAN_POINT('',(177.949,20.638,-1.));
#4249 = DIRECTION('',(1.,0.,-0.));
#4250 = DIRECTION('',(0.,-1.,0.));
#4251 = ADVANCED_FACE('',(#4252),#4268,.T.);
#4252 = FACE_BOUND('',#4253,.T.);
#4253 = EDGE_LOOP('',(#4254,#4255,#4261,#4262));
#4254 = ORIENTED_EDGE('',*,*,#2193,.T.);
#4255 = ORIENTED_EDGE('',*,*,#4256,.T.);
#4256 = EDGE_CURVE('',#2196,#589,#4257,.T.);
#4257 = LINE('',#4258,#4259);
#4258 = CARTESIAN_POINT('',(120.556,25.644,-1.));
#4259 = VECTOR('',#4260,1.);
#4260 = DIRECTION('',(0.,0.,1.));
#4261 = ORIENTED_EDGE('',*,*,#586,.F.);
#4262 = ORIENTED_EDGE('',*,*,#4263,.F.);
#4263 = EDGE_CURVE('',#2194,#587,#4264,.T.);
#4264 = LINE('',#4265,#4266);
#4265 = CARTESIAN_POINT('',(120.556,39.644,-1.));
#4266 = VECTOR('',#4267,1.);
#4267 = DIRECTION('',(0.,0.,1.));
#4268 = PLANE('',#4269);
#4269 = AXIS2_PLACEMENT_3D('',#4270,#4271,#4272);
#4270 = CARTESIAN_POINT('',(120.556,25.644,-1.));
#4271 = DIRECTION('',(-1.,0.,0.));
#4272 = DIRECTION('',(0.,1.,0.));
#4273 = ADVANCED_FACE('',(#4274),#4285,.T.);
#4274 = FACE_BOUND('',#4275,.T.);
#4275 = EDGE_LOOP('',(#4276,#4277,#4278,#4279));
#4276 = ORIENTED_EDGE('',*,*,#2219,.T.);
#4277 = ORIENTED_EDGE('',*,*,#4263,.T.);
#4278 = ORIENTED_EDGE('',*,*,#612,.F.);
#4279 = ORIENTED_EDGE('',*,*,#4280,.F.);
#4280 = EDGE_CURVE('',#2212,#605,#4281,.T.);
#4281 = LINE('',#4282,#4283);
#4282 = CARTESIAN_POINT('',(106.556,39.644,-1.));
#4283 = VECTOR('',#4284,1.);
#4284 = DIRECTION('',(0.,0.,1.));
#4285 = PLANE('',#4286);
#4286 = AXIS2_PLACEMENT_3D('',#4287,#4288,#4289);
#4287 = CARTESIAN_POINT('',(120.556,39.644,-1.));
#4288 = DIRECTION('',(0.,-1.,0.));
#4289 = DIRECTION('',(-1.,0.,0.));
#4290 = ADVANCED_FACE('',(#4291),#4302,.T.);
#4291 = FACE_BOUND('',#4292,.T.);
#4292 = EDGE_LOOP('',(#4293,#4294,#4300,#4301));
#4293 = ORIENTED_EDGE('',*,*,#2203,.T.);
#4294 = ORIENTED_EDGE('',*,*,#4295,.T.);
#4295 = EDGE_CURVE('',#2204,#597,#4296,.T.);
#4296 = LINE('',#4297,#4298);
#4297 = CARTESIAN_POINT('',(106.556,25.644,-1.));
#4298 = VECTOR('',#4299,1.);
#4299 = DIRECTION('',(0.,0.,1.));
#4300 = ORIENTED_EDGE('',*,*,#596,.F.);
#4301 = ORIENTED_EDGE('',*,*,#4256,.F.);
#4302 = PLANE('',#4303);
#4303 = AXIS2_PLACEMENT_3D('',#4304,#4305,#4306);
#4304 = CARTESIAN_POINT('',(106.556,25.644,-1.));
#4305 = DIRECTION('',(0.,1.,0.));
#4306 = DIRECTION('',(1.,0.,0.));
#4307 = ADVANCED_FACE('',(#4308),#4314,.T.);
#4308 = FACE_BOUND('',#4309,.T.);
#4309 = EDGE_LOOP('',(#4310,#4311,#4312,#4313));
#4310 = ORIENTED_EDGE('',*,*,#2211,.T.);
#4311 = ORIENTED_EDGE('',*,*,#4280,.T.);
#4312 = ORIENTED_EDGE('',*,*,#604,.F.);
#4313 = ORIENTED_EDGE('',*,*,#4295,.F.);
#4314 = PLANE('',#4315);
#4315 = AXIS2_PLACEMENT_3D('',#4316,#4317,#4318);
#4316 = CARTESIAN_POINT('',(106.556,39.644,-1.));
#4317 = DIRECTION('',(1.,0.,-0.));
#4318 = DIRECTION('',(0.,-1.,0.));
#4319 = ADVANCED_FACE('',(#4320),#4336,.T.);
#4320 = FACE_BOUND('',#4321,.T.);
#4321 = EDGE_LOOP('',(#4322,#4323,#4329,#4330));
#4322 = ORIENTED_EDGE('',*,*,#2227,.T.);
#4323 = ORIENTED_EDGE('',*,*,#4324,.T.);
#4324 = EDGE_CURVE('',#2230,#623,#4325,.T.);
#4325 = LINE('',#4326,#4327);
#4326 = CARTESIAN_POINT('',(146.771,25.666,-1.));
#4327 = VECTOR('',#4328,1.);
#4328 = DIRECTION('',(0.,0.,1.));
#4329 = ORIENTED_EDGE('',*,*,#620,.F.);
#4330 = ORIENTED_EDGE('',*,*,#4331,.F.);
#4331 = EDGE_CURVE('',#2228,#621,#4332,.T.);
#4332 = LINE('',#4333,#4334);
#4333 = CARTESIAN_POINT('',(146.771,39.666,-1.));
#4334 = VECTOR('',#4335,1.);
#4335 = DIRECTION('',(0.,0.,1.));
#4336 = PLANE('',#4337);
#4337 = AXIS2_PLACEMENT_3D('',#4338,#4339,#4340);
#4338 = CARTESIAN_POINT('',(146.771,25.666,-1.));
#4339 = DIRECTION('',(-1.,0.,0.));
#4340 = DIRECTION('',(0.,1.,0.));
#4341 = ADVANCED_FACE('',(#4342),#4353,.T.);
#4342 = FACE_BOUND('',#4343,.T.);
#4343 = EDGE_LOOP('',(#4344,#4345,#4346,#4347));
#4344 = ORIENTED_EDGE('',*,*,#2253,.T.);
#4345 = ORIENTED_EDGE('',*,*,#4331,.T.);
#4346 = ORIENTED_EDGE('',*,*,#646,.F.);
#4347 = ORIENTED_EDGE('',*,*,#4348,.F.);
#4348 = EDGE_CURVE('',#2246,#639,#4349,.T.);
#4349 = LINE('',#4350,#4351);
#4350 = CARTESIAN_POINT('',(132.771,39.666,-1.));
#4351 = VECTOR('',#4352,1.);
#4352 = DIRECTION('',(0.,0.,1.));
#4353 = PLANE('',#4354);
#4354 = AXIS2_PLACEMENT_3D('',#4355,#4356,#4357);
#4355 = CARTESIAN_POINT('',(146.771,39.666,-1.));
#4356 = DIRECTION('',(0.,-1.,0.));
#4357 = DIRECTION('',(-1.,0.,0.));
#4358 = ADVANCED_FACE('',(#4359),#4370,.T.);
#4359 = FACE_BOUND('',#4360,.T.);
#4360 = EDGE_LOOP('',(#4361,#4362,#4368,#4369));
#4361 = ORIENTED_EDGE('',*,*,#2237,.T.);
#4362 = ORIENTED_EDGE('',*,*,#4363,.T.);
#4363 = EDGE_CURVE('',#2238,#631,#4364,.T.);
#4364 = LINE('',#4365,#4366);
#4365 = CARTESIAN_POINT('',(132.771,25.666,-1.));
#4366 = VECTOR('',#4367,1.);
#4367 = DIRECTION('',(0.,0.,1.));
#4368 = ORIENTED_EDGE('',*,*,#630,.F.);
#4369 = ORIENTED_EDGE('',*,*,#4324,.F.);
#4370 = PLANE('',#4371);
#4371 = AXIS2_PLACEMENT_3D('',#4372,#4373,#4374);
#4372 = CARTESIAN_POINT('',(132.771,25.666,-1.));
#4373 = DIRECTION('',(0.,1.,0.));
#4374 = DIRECTION('',(1.,0.,0.));
#4375 = ADVANCED_FACE('',(#4376),#4382,.T.);
#4376 = FACE_BOUND('',#4377,.T.);
#4377 = EDGE_LOOP('',(#4378,#4379,#4380,#4381));
#4378 = ORIENTED_EDGE('',*,*,#2245,.T.);
#4379 = ORIENTED_EDGE('',*,*,#4348,.T.);
#4380 = ORIENTED_EDGE('',*,*,#638,.F.);
#4381 = ORIENTED_EDGE('',*,*,#4363,.F.);
#4382 = PLANE('',#4383);
#4383 = AXIS2_PLACEMENT_3D('',#4384,#4385,#4386);
#4384 = CARTESIAN_POINT('',(132.771,39.666,-1.));
#4385 = DIRECTION('',(1.,0.,-0.));
#4386 = DIRECTION('',(0.,-1.,0.));
#4387 = ADVANCED_FACE('',(#4388),#4404,.T.);
#4388 = FACE_BOUND('',#4389,.T.);
#4389 = EDGE_LOOP('',(#4390,#4391,#4397,#4398));
#4390 = ORIENTED_EDGE('',*,*,#2261,.T.);
#4391 = ORIENTED_EDGE('',*,*,#4392,.T.);
#4392 = EDGE_CURVE('',#2264,#657,#4393,.T.);
#4393 = LINE('',#4394,#4395);
#4394 = CARTESIAN_POINT('',(172.92,25.667,-1.));
#4395 = VECTOR('',#4396,1.);
#4396 = DIRECTION('',(0.,0.,1.));
#4397 = ORIENTED_EDGE('',*,*,#654,.F.);
#4398 = ORIENTED_EDGE('',*,*,#4399,.F.);
#4399 = EDGE_CURVE('',#2262,#655,#4400,.T.);
#4400 = LINE('',#4401,#4402);
#4401 = CARTESIAN_POINT('',(172.92,39.667,-1.));
#4402 = VECTOR('',#4403,1.);
#4403 = DIRECTION('',(0.,0.,1.));
#4404 = PLANE('',#4405);
#4405 = AXIS2_PLACEMENT_3D('',#4406,#4407,#4408);
#4406 = CARTESIAN_POINT('',(172.92,25.667,-1.));
#4407 = DIRECTION('',(-1.,0.,0.));
#4408 = DIRECTION('',(0.,1.,0.));
#4409 = ADVANCED_FACE('',(#4410),#4421,.T.);
#4410 = FACE_BOUND('',#4411,.T.);
#4411 = EDGE_LOOP('',(#4412,#4413,#4414,#4415));
#4412 = ORIENTED_EDGE('',*,*,#2287,.T.);
#4413 = ORIENTED_EDGE('',*,*,#4399,.T.);
#4414 = ORIENTED_EDGE('',*,*,#680,.F.);
#4415 = ORIENTED_EDGE('',*,*,#4416,.F.);
#4416 = EDGE_CURVE('',#2280,#673,#4417,.T.);
#4417 = LINE('',#4418,#4419);
#4418 = CARTESIAN_POINT('',(158.92,39.667,-1.));
#4419 = VECTOR('',#4420,1.);
#4420 = DIRECTION('',(0.,0.,1.));
#4421 = PLANE('',#4422);
#4422 = AXIS2_PLACEMENT_3D('',#4423,#4424,#4425);
#4423 = CARTESIAN_POINT('',(172.92,39.667,-1.));
#4424 = DIRECTION('',(0.,-1.,0.));
#4425 = DIRECTION('',(-1.,0.,0.));
#4426 = ADVANCED_FACE('',(#4427),#4438,.T.);
#4427 = FACE_BOUND('',#4428,.T.);
#4428 = EDGE_LOOP('',(#4429,#4430,#4436,#4437));
#4429 = ORIENTED_EDGE('',*,*,#2271,.T.);
#4430 = ORIENTED_EDGE('',*,*,#4431,.T.);
#4431 = EDGE_CURVE('',#2272,#665,#4432,.T.);
#4432 = LINE('',#4433,#4434);
#4433 = CARTESIAN_POINT('',(158.92,25.667,-1.));
#4434 = VECTOR('',#4435,1.);
#4435 = DIRECTION('',(0.,0.,1.));
#4436 = ORIENTED_EDGE('',*,*,#664,.F.);
#4437 = ORIENTED_EDGE('',*,*,#4392,.F.);
#4438 = PLANE('',#4439);
#4439 = AXIS2_PLACEMENT_3D('',#4440,#4441,#4442);
#4440 = CARTESIAN_POINT('',(158.92,25.667,-1.));
#4441 = DIRECTION('',(0.,1.,0.));
#4442 = DIRECTION('',(1.,0.,0.));
#4443 = ADVANCED_FACE('',(#4444),#4450,.T.);
#4444 = FACE_BOUND('',#4445,.T.);
#4445 = EDGE_LOOP('',(#4446,#4447,#4448,#4449));
#4446 = ORIENTED_EDGE('',*,*,#2279,.T.);
#4447 = ORIENTED_EDGE('',*,*,#4416,.T.);
#4448 = ORIENTED_EDGE('',*,*,#672,.F.);
#4449 = ORIENTED_EDGE('',*,*,#4431,.F.);
#4450 = PLANE('',#4451);
#4451 = AXIS2_PLACEMENT_3D('',#4452,#4453,#4454);
#4452 = CARTESIAN_POINT('',(158.92,39.667,-1.));
#4453 = DIRECTION('',(1.,0.,-0.));
#4454 = DIRECTION('',(0.,-1.,0.));
#4455 = ADVANCED_FACE('',(#4456),#4472,.T.);
#4456 = FACE_BOUND('',#4457,.T.);
#4457 = EDGE_LOOP('',(#4458,#4459,#4465,#4466));
#4458 = ORIENTED_EDGE('',*,*,#2295,.T.);
#4459 = ORIENTED_EDGE('',*,*,#4460,.T.);
#4460 = EDGE_CURVE('',#2298,#691,#4461,.T.);
#4461 = LINE('',#4462,#4463);
#4462 = CARTESIAN_POINT('',(191.993,25.644,-1.));
#4463 = VECTOR('',#4464,1.);
#4464 = DIRECTION('',(0.,0.,1.));
#4465 = ORIENTED_EDGE('',*,*,#688,.F.);
#4466 = ORIENTED_EDGE('',*,*,#4467,.F.);
#4467 = EDGE_CURVE('',#2296,#689,#4468,.T.);
#4468 = LINE('',#4469,#4470);
#4469 = CARTESIAN_POINT('',(191.993,39.644,-1.));
#4470 = VECTOR('',#4471,1.);
#4471 = DIRECTION('',(0.,0.,1.));
#4472 = PLANE('',#4473);
#4473 = AXIS2_PLACEMENT_3D('',#4474,#4475,#4476);
#4474 = CARTESIAN_POINT('',(191.993,25.644,-1.));
#4475 = DIRECTION('',(-1.,0.,0.));
#4476 = DIRECTION('',(0.,1.,0.));
#4477 = ADVANCED_FACE('',(#4478),#4489,.T.);
#4478 = FACE_BOUND('',#4479,.T.);
#4479 = EDGE_LOOP('',(#4480,#4481,#4482,#4483));
#4480 = ORIENTED_EDGE('',*,*,#2321,.T.);
#4481 = ORIENTED_EDGE('',*,*,#4467,.T.);
#4482 = ORIENTED_EDGE('',*,*,#714,.F.);
#4483 = ORIENTED_EDGE('',*,*,#4484,.F.);
#4484 = EDGE_CURVE('',#2314,#707,#4485,.T.);
#4485 = LINE('',#4486,#4487);
#4486 = CARTESIAN_POINT('',(177.993,39.644,-1.));
#4487 = VECTOR('',#4488,1.);
#4488 = DIRECTION('',(0.,0.,1.));
#4489 = PLANE('',#4490);
#4490 = AXIS2_PLACEMENT_3D('',#4491,#4492,#4493);
#4491 = CARTESIAN_POINT('',(191.993,39.644,-1.));
#4492 = DIRECTION('',(0.,-1.,0.));
#4493 = DIRECTION('',(-1.,0.,0.));
#4494 = ADVANCED_FACE('',(#4495),#4506,.T.);
#4495 = FACE_BOUND('',#4496,.T.);
#4496 = EDGE_LOOP('',(#4497,#4498,#4504,#4505));
#4497 = ORIENTED_EDGE('',*,*,#2305,.T.);
#4498 = ORIENTED_EDGE('',*,*,#4499,.T.);
#4499 = EDGE_CURVE('',#2306,#699,#4500,.T.);
#4500 = LINE('',#4501,#4502);
#4501 = CARTESIAN_POINT('',(177.993,25.644,-1.));
#4502 = VECTOR('',#4503,1.);
#4503 = DIRECTION('',(0.,0.,1.));
#4504 = ORIENTED_EDGE('',*,*,#698,.F.);
#4505 = ORIENTED_EDGE('',*,*,#4460,.F.);
#4506 = PLANE('',#4507);
#4507 = AXIS2_PLACEMENT_3D('',#4508,#4509,#4510);
#4508 = CARTESIAN_POINT('',(177.993,25.644,-1.));
#4509 = DIRECTION('',(0.,1.,0.));
#4510 = DIRECTION('',(1.,0.,0.));
#4511 = ADVANCED_FACE('',(#4512),#4518,.T.);
#4512 = FACE_BOUND('',#4513,.T.);
#4513 = EDGE_LOOP('',(#4514,#4515,#4516,#4517));
#4514 = ORIENTED_EDGE('',*,*,#2313,.T.);
#4515 = ORIENTED_EDGE('',*,*,#4484,.T.);
#4516 = ORIENTED_EDGE('',*,*,#706,.F.);
#4517 = ORIENTED_EDGE('',*,*,#4499,.F.);
#4518 = PLANE('',#4519);
#4519 = AXIS2_PLACEMENT_3D('',#4520,#4521,#4522);
#4520 = CARTESIAN_POINT('',(177.993,39.644,-1.));
#4521 = DIRECTION('',(1.,0.,-0.));
#4522 = DIRECTION('',(0.,-1.,0.));
#4523 = ADVANCED_FACE('',(#4524),#4540,.T.);
#4524 = FACE_BOUND('',#4525,.T.);
#4525 = EDGE_LOOP('',(#4526,#4527,#4533,#4534));
#4526 = ORIENTED_EDGE('',*,*,#2329,.T.);
#4527 = ORIENTED_EDGE('',*,*,#4528,.T.);
#4528 = EDGE_CURVE('',#2332,#725,#4529,.T.);
#4529 = LINE('',#4530,#4531);
#4530 = CARTESIAN_POINT('',(161.036,44.693,-1.));
#4531 = VECTOR('',#4532,1.);
#4532 = DIRECTION('',(0.,0.,1.));
#4533 = ORIENTED_EDGE('',*,*,#722,.F.);
#4534 = ORIENTED_EDGE('',*,*,#4535,.F.);
#4535 = EDGE_CURVE('',#2330,#723,#4536,.T.);
#4536 = LINE('',#4537,#4538);
#4537 = CARTESIAN_POINT('',(161.036,58.693,-1.));
#4538 = VECTOR('',#4539,1.);
#4539 = DIRECTION('',(0.,0.,1.));
#4540 = PLANE('',#4541);
#4541 = AXIS2_PLACEMENT_3D('',#4542,#4543,#4544);
#4542 = CARTESIAN_POINT('',(161.036,44.693,-1.));
#4543 = DIRECTION('',(-1.,0.,0.));
#4544 = DIRECTION('',(0.,1.,0.));
#4545 = ADVANCED_FACE('',(#4546),#4557,.T.);
#4546 = FACE_BOUND('',#4547,.T.);
#4547 = EDGE_LOOP('',(#4548,#4549,#4550,#4551));
#4548 = ORIENTED_EDGE('',*,*,#2355,.T.);
#4549 = ORIENTED_EDGE('',*,*,#4535,.T.);
#4550 = ORIENTED_EDGE('',*,*,#748,.F.);
#4551 = ORIENTED_EDGE('',*,*,#4552,.F.);
#4552 = EDGE_CURVE('',#2348,#741,#4553,.T.);
#4553 = LINE('',#4554,#4555);
#4554 = CARTESIAN_POINT('',(147.036,58.693,-1.));
#4555 = VECTOR('',#4556,1.);
#4556 = DIRECTION('',(0.,0.,1.));
#4557 = PLANE('',#4558);
#4558 = AXIS2_PLACEMENT_3D('',#4559,#4560,#4561);
#4559 = CARTESIAN_POINT('',(161.036,58.693,-1.));
#4560 = DIRECTION('',(0.,-1.,0.));
#4561 = DIRECTION('',(-1.,0.,0.));
#4562 = ADVANCED_FACE('',(#4563),#4574,.T.);
#4563 = FACE_BOUND('',#4564,.T.);
#4564 = EDGE_LOOP('',(#4565,#4566,#4572,#4573));
#4565 = ORIENTED_EDGE('',*,*,#2339,.T.);
#4566 = ORIENTED_EDGE('',*,*,#4567,.T.);
#4567 = EDGE_CURVE('',#2340,#733,#4568,.T.);
#4568 = LINE('',#4569,#4570);
#4569 = CARTESIAN_POINT('',(147.036,44.693,-1.));
#4570 = VECTOR('',#4571,1.);
#4571 = DIRECTION('',(0.,0.,1.));
#4572 = ORIENTED_EDGE('',*,*,#732,.F.);
#4573 = ORIENTED_EDGE('',*,*,#4528,.F.);
#4574 = PLANE('',#4575);
#4575 = AXIS2_PLACEMENT_3D('',#4576,#4577,#4578);
#4576 = CARTESIAN_POINT('',(147.036,44.693,-1.));
#4577 = DIRECTION('',(0.,1.,0.));
#4578 = DIRECTION('',(1.,0.,0.));
#4579 = ADVANCED_FACE('',(#4580),#4586,.T.);
#4580 = FACE_BOUND('',#4581,.T.);
#4581 = EDGE_LOOP('',(#4582,#4583,#4584,#4585));
#4582 = ORIENTED_EDGE('',*,*,#2347,.T.);
#4583 = ORIENTED_EDGE('',*,*,#4552,.T.);
#4584 = ORIENTED_EDGE('',*,*,#740,.F.);
#4585 = ORIENTED_EDGE('',*,*,#4567,.F.);
#4586 = PLANE('',#4587);
#4587 = AXIS2_PLACEMENT_3D('',#4588,#4589,#4590);
#4588 = CARTESIAN_POINT('',(147.036,58.693,-1.));
#4589 = DIRECTION('',(1.,0.,-0.));
#4590 = DIRECTION('',(0.,-1.,0.));
#4591 = ADVANCED_FACE('',(#4592),#4608,.T.);
#4592 = FACE_BOUND('',#4593,.T.);
#4593 = EDGE_LOOP('',(#4594,#4595,#4601,#4602));
#4594 = ORIENTED_EDGE('',*,*,#2363,.T.);
#4595 = ORIENTED_EDGE('',*,*,#4596,.T.);
#4596 = EDGE_CURVE('',#2366,#759,#4597,.T.);
#4597 = LINE('',#4598,#4599);
#4598 = CARTESIAN_POINT('',(34.831,44.694,-1.));
#4599 = VECTOR('',#4600,1.);
#4600 = DIRECTION('',(0.,0.,1.));
#4601 = ORIENTED_EDGE('',*,*,#756,.F.);
#4602 = ORIENTED_EDGE('',*,*,#4603,.F.);
#4603 = EDGE_CURVE('',#2364,#757,#4604,.T.);
#4604 = LINE('',#4605,#4606);
#4605 = CARTESIAN_POINT('',(34.831,58.694,-1.));
#4606 = VECTOR('',#4607,1.);
#4607 = DIRECTION('',(0.,0.,1.));
#4608 = PLANE('',#4609);
#4609 = AXIS2_PLACEMENT_3D('',#4610,#4611,#4612);
#4610 = CARTESIAN_POINT('',(34.831,44.694,-1.));
#4611 = DIRECTION('',(-1.,0.,0.));
#4612 = DIRECTION('',(0.,1.,0.));
#4613 = ADVANCED_FACE('',(#4614),#4625,.T.);
#4614 = FACE_BOUND('',#4615,.T.);
#4615 = EDGE_LOOP('',(#4616,#4617,#4618,#4619));
#4616 = ORIENTED_EDGE('',*,*,#2389,.T.);
#4617 = ORIENTED_EDGE('',*,*,#4603,.T.);
#4618 = ORIENTED_EDGE('',*,*,#782,.F.);
#4619 = ORIENTED_EDGE('',*,*,#4620,.F.);
#4620 = EDGE_CURVE('',#2382,#775,#4621,.T.);
#4621 = LINE('',#4622,#4623);
#4622 = CARTESIAN_POINT('',(20.831,58.694,-1.));
#4623 = VECTOR('',#4624,1.);
#4624 = DIRECTION('',(0.,0.,1.));
#4625 = PLANE('',#4626);
#4626 = AXIS2_PLACEMENT_3D('',#4627,#4628,#4629);
#4627 = CARTESIAN_POINT('',(34.831,58.694,-1.));
#4628 = DIRECTION('',(0.,-1.,0.));
#4629 = DIRECTION('',(-1.,0.,0.));
#4630 = ADVANCED_FACE('',(#4631),#4642,.T.);
#4631 = FACE_BOUND('',#4632,.T.);
#4632 = EDGE_LOOP('',(#4633,#4634,#4640,#4641));
#4633 = ORIENTED_EDGE('',*,*,#2373,.T.);
#4634 = ORIENTED_EDGE('',*,*,#4635,.T.);
#4635 = EDGE_CURVE('',#2374,#767,#4636,.T.);
#4636 = LINE('',#4637,#4638);
#4637 = CARTESIAN_POINT('',(20.831,44.694,-1.));
#4638 = VECTOR('',#4639,1.);
#4639 = DIRECTION('',(0.,0.,1.));
#4640 = ORIENTED_EDGE('',*,*,#766,.F.);
#4641 = ORIENTED_EDGE('',*,*,#4596,.F.);
#4642 = PLANE('',#4643);
#4643 = AXIS2_PLACEMENT_3D('',#4644,#4645,#4646);
#4644 = CARTESIAN_POINT('',(20.831,44.694,-1.));
#4645 = DIRECTION('',(0.,1.,0.));
#4646 = DIRECTION('',(1.,0.,0.));
#4647 = ADVANCED_FACE('',(#4648),#4654,.T.);
#4648 = FACE_BOUND('',#4649,.T.);
#4649 = EDGE_LOOP('',(#4650,#4651,#4652,#4653));
#4650 = ORIENTED_EDGE('',*,*,#2381,.T.);
#4651 = ORIENTED_EDGE('',*,*,#4620,.T.);
#4652 = ORIENTED_EDGE('',*,*,#774,.F.);
#4653 = ORIENTED_EDGE('',*,*,#4635,.F.);
#4654 = PLANE('',#4655);
#4655 = AXIS2_PLACEMENT_3D('',#4656,#4657,#4658);
#4656 = CARTESIAN_POINT('',(20.831,58.694,-1.));
#4657 = DIRECTION('',(1.,0.,-0.));
#4658 = DIRECTION('',(0.,-1.,0.));
#4659 = ADVANCED_FACE('',(#4660),#4676,.T.);
#4660 = FACE_BOUND('',#4661,.T.);
#4661 = EDGE_LOOP('',(#4662,#4663,#4669,#4670));
#4662 = ORIENTED_EDGE('',*,*,#2397,.T.);
#4663 = ORIENTED_EDGE('',*,*,#4664,.T.);
#4664 = EDGE_CURVE('',#2400,#793,#4665,.T.);
#4665 = LINE('',#4666,#4667);
#4666 = CARTESIAN_POINT('',(53.881,44.694,-1.));
#4667 = VECTOR('',#4668,1.);
#4668 = DIRECTION('',(0.,0.,1.));
#4669 = ORIENTED_EDGE('',*,*,#790,.F.);
#4670 = ORIENTED_EDGE('',*,*,#4671,.F.);
#4671 = EDGE_CURVE('',#2398,#791,#4672,.T.);
#4672 = LINE('',#4673,#4674);
#4673 = CARTESIAN_POINT('',(53.881,58.694,-1.));
#4674 = VECTOR('',#4675,1.);
#4675 = DIRECTION('',(0.,0.,1.));
#4676 = PLANE('',#4677);
#4677 = AXIS2_PLACEMENT_3D('',#4678,#4679,#4680);
#4678 = CARTESIAN_POINT('',(53.881,44.694,-1.));
#4679 = DIRECTION('',(-1.,0.,0.));
#4680 = DIRECTION('',(0.,1.,0.));
#4681 = ADVANCED_FACE('',(#4682),#4693,.T.);
#4682 = FACE_BOUND('',#4683,.T.);
#4683 = EDGE_LOOP('',(#4684,#4685,#4686,#4687));
#4684 = ORIENTED_EDGE('',*,*,#2423,.T.);
#4685 = ORIENTED_EDGE('',*,*,#4671,.T.);
#4686 = ORIENTED_EDGE('',*,*,#816,.F.);
#4687 = ORIENTED_EDGE('',*,*,#4688,.F.);
#4688 = EDGE_CURVE('',#2416,#809,#4689,.T.);
#4689 = LINE('',#4690,#4691);
#4690 = CARTESIAN_POINT('',(39.881,58.694,-1.));
#4691 = VECTOR('',#4692,1.);
#4692 = DIRECTION('',(0.,0.,1.));
#4693 = PLANE('',#4694);
#4694 = AXIS2_PLACEMENT_3D('',#4695,#4696,#4697);
#4695 = CARTESIAN_POINT('',(53.881,58.694,-1.));
#4696 = DIRECTION('',(0.,-1.,0.));
#4697 = DIRECTION('',(-1.,0.,0.));
#4698 = ADVANCED_FACE('',(#4699),#4710,.T.);
#4699 = FACE_BOUND('',#4700,.T.);
#4700 = EDGE_LOOP('',(#4701,#4702,#4708,#4709));
#4701 = ORIENTED_EDGE('',*,*,#2407,.T.);
#4702 = ORIENTED_EDGE('',*,*,#4703,.T.);
#4703 = EDGE_CURVE('',#2408,#801,#4704,.T.);
#4704 = LINE('',#4705,#4706);
#4705 = CARTESIAN_POINT('',(39.881,44.694,-1.));
#4706 = VECTOR('',#4707,1.);
#4707 = DIRECTION('',(0.,0.,1.));
#4708 = ORIENTED_EDGE('',*,*,#800,.F.);
#4709 = ORIENTED_EDGE('',*,*,#4664,.F.);
#4710 = PLANE('',#4711);
#4711 = AXIS2_PLACEMENT_3D('',#4712,#4713,#4714);
#4712 = CARTESIAN_POINT('',(39.881,44.694,-1.));
#4713 = DIRECTION('',(0.,1.,0.));
#4714 = DIRECTION('',(1.,0.,0.));
#4715 = ADVANCED_FACE('',(#4716),#4722,.T.);
#4716 = FACE_BOUND('',#4717,.T.);
#4717 = EDGE_LOOP('',(#4718,#4719,#4720,#4721));
#4718 = ORIENTED_EDGE('',*,*,#2415,.T.);
#4719 = ORIENTED_EDGE('',*,*,#4688,.T.);
#4720 = ORIENTED_EDGE('',*,*,#808,.F.);
#4721 = ORIENTED_EDGE('',*,*,#4703,.F.);
#4722 = PLANE('',#4723);
#4723 = AXIS2_PLACEMENT_3D('',#4724,#4725,#4726);
#4724 = CARTESIAN_POINT('',(39.881,58.694,-1.));
#4725 = DIRECTION('',(1.,0.,-0.));
#4726 = DIRECTION('',(0.,-1.,0.));
#4727 = ADVANCED_FACE('',(#4728),#4744,.T.);
#4728 = FACE_BOUND('',#4729,.T.);
#4729 = EDGE_LOOP('',(#4730,#4731,#4737,#4738));
#4730 = ORIENTED_EDGE('',*,*,#2431,.T.);
#4731 = ORIENTED_EDGE('',*,*,#4732,.T.);
#4732 = EDGE_CURVE('',#2434,#827,#4733,.T.);
#4733 = LINE('',#4734,#4735);
#4734 = CARTESIAN_POINT('',(30.068,63.749,-1.));
#4735 = VECTOR('',#4736,1.);
#4736 = DIRECTION('',(0.,0.,1.));
#4737 = ORIENTED_EDGE('',*,*,#824,.F.);
#4738 = ORIENTED_EDGE('',*,*,#4739,.F.);
#4739 = EDGE_CURVE('',#2432,#825,#4740,.T.);
#4740 = LINE('',#4741,#4742);
#4741 = CARTESIAN_POINT('',(30.068,77.749,-1.));
#4742 = VECTOR('',#4743,1.);
#4743 = DIRECTION('',(0.,0.,1.));
#4744 = PLANE('',#4745);
#4745 = AXIS2_PLACEMENT_3D('',#4746,#4747,#4748);
#4746 = CARTESIAN_POINT('',(30.068,63.749,-1.));
#4747 = DIRECTION('',(-1.,0.,0.));
#4748 = DIRECTION('',(0.,1.,0.));
#4749 = ADVANCED_FACE('',(#4750),#4761,.T.);
#4750 = FACE_BOUND('',#4751,.T.);
#4751 = EDGE_LOOP('',(#4752,#4753,#4754,#4755));
#4752 = ORIENTED_EDGE('',*,*,#2457,.T.);
#4753 = ORIENTED_EDGE('',*,*,#4739,.T.);
#4754 = ORIENTED_EDGE('',*,*,#850,.F.);
#4755 = ORIENTED_EDGE('',*,*,#4756,.F.);
#4756 = EDGE_CURVE('',#2450,#843,#4757,.T.);
#4757 = LINE('',#4758,#4759);
#4758 = CARTESIAN_POINT('',(16.068,77.749,-1.));
#4759 = VECTOR('',#4760,1.);
#4760 = DIRECTION('',(0.,0.,1.));
#4761 = PLANE('',#4762);
#4762 = AXIS2_PLACEMENT_3D('',#4763,#4764,#4765);
#4763 = CARTESIAN_POINT('',(30.068,77.749,-1.));
#4764 = DIRECTION('',(0.,-1.,0.));
#4765 = DIRECTION('',(-1.,0.,0.));
#4766 = ADVANCED_FACE('',(#4767),#4778,.T.);
#4767 = FACE_BOUND('',#4768,.T.);
#4768 = EDGE_LOOP('',(#4769,#4770,#4776,#4777));
#4769 = ORIENTED_EDGE('',*,*,#2441,.T.);
#4770 = ORIENTED_EDGE('',*,*,#4771,.T.);
#4771 = EDGE_CURVE('',#2442,#835,#4772,.T.);
#4772 = LINE('',#4773,#4774);
#4773 = CARTESIAN_POINT('',(16.068,63.749,-1.));
#4774 = VECTOR('',#4775,1.);
#4775 = DIRECTION('',(0.,0.,1.));
#4776 = ORIENTED_EDGE('',*,*,#834,.F.);
#4777 = ORIENTED_EDGE('',*,*,#4732,.F.);
#4778 = PLANE('',#4779);
#4779 = AXIS2_PLACEMENT_3D('',#4780,#4781,#4782);
#4780 = CARTESIAN_POINT('',(16.068,63.749,-1.));
#4781 = DIRECTION('',(0.,1.,0.));
#4782 = DIRECTION('',(1.,0.,0.));
#4783 = ADVANCED_FACE('',(#4784),#4790,.T.);
#4784 = FACE_BOUND('',#4785,.T.);
#4785 = EDGE_LOOP('',(#4786,#4787,#4788,#4789));
#4786 = ORIENTED_EDGE('',*,*,#2449,.T.);
#4787 = ORIENTED_EDGE('',*,*,#4756,.T.);
#4788 = ORIENTED_EDGE('',*,*,#842,.F.);
#4789 = ORIENTED_EDGE('',*,*,#4771,.F.);
#4790 = PLANE('',#4791);
#4791 = AXIS2_PLACEMENT_3D('',#4792,#4793,#4794);
#4792 = CARTESIAN_POINT('',(16.068,77.749,-1.));
#4793 = DIRECTION('',(1.,0.,-0.));
#4794 = DIRECTION('',(0.,-1.,0.));
#4795 = ADVANCED_FACE('',(#4796),#4812,.T.);
#4796 = FACE_BOUND('',#4797,.T.);
#4797 = EDGE_LOOP('',(#4798,#4799,#4805,#4806));
#4798 = ORIENTED_EDGE('',*,*,#2465,.T.);
#4799 = ORIENTED_EDGE('',*,*,#4800,.T.);
#4800 = EDGE_CURVE('',#2468,#861,#4801,.T.);
#4801 = LINE('',#4802,#4803);
#4802 = CARTESIAN_POINT('',(49.119,63.749,-1.));
#4803 = VECTOR('',#4804,1.);
#4804 = DIRECTION('',(0.,0.,1.));
#4805 = ORIENTED_EDGE('',*,*,#858,.F.);
#4806 = ORIENTED_EDGE('',*,*,#4807,.F.);
#4807 = EDGE_CURVE('',#2466,#859,#4808,.T.);
#4808 = LINE('',#4809,#4810);
#4809 = CARTESIAN_POINT('',(49.119,77.749,-1.));
#4810 = VECTOR('',#4811,1.);
#4811 = DIRECTION('',(0.,0.,1.));
#4812 = PLANE('',#4813);
#4813 = AXIS2_PLACEMENT_3D('',#4814,#4815,#4816);
#4814 = CARTESIAN_POINT('',(49.119,63.749,-1.));
#4815 = DIRECTION('',(-1.,0.,0.));
#4816 = DIRECTION('',(0.,1.,0.));
#4817 = ADVANCED_FACE('',(#4818),#4829,.T.);
#4818 = FACE_BOUND('',#4819,.T.);
#4819 = EDGE_LOOP('',(#4820,#4821,#4822,#4823));
#4820 = ORIENTED_EDGE('',*,*,#2491,.T.);
#4821 = ORIENTED_EDGE('',*,*,#4807,.T.);
#4822 = ORIENTED_EDGE('',*,*,#884,.F.);
#4823 = ORIENTED_EDGE('',*,*,#4824,.F.);
#4824 = EDGE_CURVE('',#2484,#877,#4825,.T.);
#4825 = LINE('',#4826,#4827);
#4826 = CARTESIAN_POINT('',(35.119,77.749,-1.));
#4827 = VECTOR('',#4828,1.);
#4828 = DIRECTION('',(0.,0.,1.));
#4829 = PLANE('',#4830);
#4830 = AXIS2_PLACEMENT_3D('',#4831,#4832,#4833);
#4831 = CARTESIAN_POINT('',(49.119,77.749,-1.));
#4832 = DIRECTION('',(0.,-1.,0.));
#4833 = DIRECTION('',(-1.,0.,0.));
#4834 = ADVANCED_FACE('',(#4835),#4846,.T.);
#4835 = FACE_BOUND('',#4836,.T.);
#4836 = EDGE_LOOP('',(#4837,#4838,#4844,#4845));
#4837 = ORIENTED_EDGE('',*,*,#2475,.T.);
#4838 = ORIENTED_EDGE('',*,*,#4839,.T.);
#4839 = EDGE_CURVE('',#2476,#869,#4840,.T.);
#4840 = LINE('',#4841,#4842);
#4841 = CARTESIAN_POINT('',(35.119,63.749,-1.));
#4842 = VECTOR('',#4843,1.);
#4843 = DIRECTION('',(0.,0.,1.));
#4844 = ORIENTED_EDGE('',*,*,#868,.F.);
#4845 = ORIENTED_EDGE('',*,*,#4800,.F.);
#4846 = PLANE('',#4847);
#4847 = AXIS2_PLACEMENT_3D('',#4848,#4849,#4850);
#4848 = CARTESIAN_POINT('',(35.119,63.749,-1.));
#4849 = DIRECTION('',(0.,1.,0.));
#4850 = DIRECTION('',(1.,0.,0.));
#4851 = ADVANCED_FACE('',(#4852),#4858,.T.);
#4852 = FACE_BOUND('',#4853,.T.);
#4853 = EDGE_LOOP('',(#4854,#4855,#4856,#4857));
#4854 = ORIENTED_EDGE('',*,*,#2483,.T.);
#4855 = ORIENTED_EDGE('',*,*,#4824,.T.);
#4856 = ORIENTED_EDGE('',*,*,#876,.F.);
#4857 = ORIENTED_EDGE('',*,*,#4839,.F.);
#4858 = PLANE('',#4859);
#4859 = AXIS2_PLACEMENT_3D('',#4860,#4861,#4862);
#4860 = CARTESIAN_POINT('',(35.119,77.749,-1.));
#4861 = DIRECTION('',(1.,0.,-0.));
#4862 = DIRECTION('',(0.,-1.,0.));
#4863 = ADVANCED_FACE('',(#4864),#4880,.T.);
#4864 = FACE_BOUND('',#4865,.T.);
#4865 = EDGE_LOOP('',(#4866,#4867,#4873,#4874));
#4866 = ORIENTED_EDGE('',*,*,#2499,.T.);
#4867 = ORIENTED_EDGE('',*,*,#4868,.T.);
#4868 = EDGE_CURVE('',#2502,#895,#4869,.T.);
#4869 = LINE('',#4870,#4871);
#4870 = CARTESIAN_POINT('',(72.931,44.694,-1.));
#4871 = VECTOR('',#4872,1.);
#4872 = DIRECTION('',(0.,0.,1.));
#4873 = ORIENTED_EDGE('',*,*,#892,.F.);
#4874 = ORIENTED_EDGE('',*,*,#4875,.F.);
#4875 = EDGE_CURVE('',#2500,#893,#4876,.T.);
#4876 = LINE('',#4877,#4878);
#4877 = CARTESIAN_POINT('',(72.931,58.694,-1.));
#4878 = VECTOR('',#4879,1.);
#4879 = DIRECTION('',(0.,0.,1.));
#4880 = PLANE('',#4881);
#4881 = AXIS2_PLACEMENT_3D('',#4882,#4883,#4884);
#4882 = CARTESIAN_POINT('',(72.931,44.694,-1.));
#4883 = DIRECTION('',(-1.,0.,0.));
#4884 = DIRECTION('',(0.,1.,0.));
#4885 = ADVANCED_FACE('',(#4886),#4897,.T.);
#4886 = FACE_BOUND('',#4887,.T.);
#4887 = EDGE_LOOP('',(#4888,#4889,#4890,#4891));
#4888 = ORIENTED_EDGE('',*,*,#2525,.T.);
#4889 = ORIENTED_EDGE('',*,*,#4875,.T.);
#4890 = ORIENTED_EDGE('',*,*,#918,.F.);
#4891 = ORIENTED_EDGE('',*,*,#4892,.F.);
#4892 = EDGE_CURVE('',#2518,#911,#4893,.T.);
#4893 = LINE('',#4894,#4895);
#4894 = CARTESIAN_POINT('',(58.931,58.694,-1.));
#4895 = VECTOR('',#4896,1.);
#4896 = DIRECTION('',(0.,0.,1.));
#4897 = PLANE('',#4898);
#4898 = AXIS2_PLACEMENT_3D('',#4899,#4900,#4901);
#4899 = CARTESIAN_POINT('',(72.931,58.694,-1.));
#4900 = DIRECTION('',(0.,-1.,0.));
#4901 = DIRECTION('',(-1.,0.,0.));
#4902 = ADVANCED_FACE('',(#4903),#4914,.T.);
#4903 = FACE_BOUND('',#4904,.T.);
#4904 = EDGE_LOOP('',(#4905,#4906,#4912,#4913));
#4905 = ORIENTED_EDGE('',*,*,#2509,.T.);
#4906 = ORIENTED_EDGE('',*,*,#4907,.T.);
#4907 = EDGE_CURVE('',#2510,#903,#4908,.T.);
#4908 = LINE('',#4909,#4910);
#4909 = CARTESIAN_POINT('',(58.931,44.694,-1.));
#4910 = VECTOR('',#4911,1.);
#4911 = DIRECTION('',(0.,0.,1.));
#4912 = ORIENTED_EDGE('',*,*,#902,.F.);
#4913 = ORIENTED_EDGE('',*,*,#4868,.F.);
#4914 = PLANE('',#4915);
#4915 = AXIS2_PLACEMENT_3D('',#4916,#4917,#4918);
#4916 = CARTESIAN_POINT('',(58.931,44.694,-1.));
#4917 = DIRECTION('',(0.,1.,0.));
#4918 = DIRECTION('',(1.,0.,0.));
#4919 = ADVANCED_FACE('',(#4920),#4926,.T.);
#4920 = FACE_BOUND('',#4921,.T.);
#4921 = EDGE_LOOP('',(#4922,#4923,#4924,#4925));
#4922 = ORIENTED_EDGE('',*,*,#2517,.T.);
#4923 = ORIENTED_EDGE('',*,*,#4892,.T.);
#4924 = ORIENTED_EDGE('',*,*,#910,.F.);
#4925 = ORIENTED_EDGE('',*,*,#4907,.F.);
#4926 = PLANE('',#4927);
#4927 = AXIS2_PLACEMENT_3D('',#4928,#4929,#4930);
#4928 = CARTESIAN_POINT('',(58.931,58.694,-1.));
#4929 = DIRECTION('',(1.,0.,-0.));
#4930 = DIRECTION('',(0.,-1.,0.));
#4931 = ADVANCED_FACE('',(#4932),#4948,.T.);
#4932 = FACE_BOUND('',#4933,.T.);
#4933 = EDGE_LOOP('',(#4934,#4935,#4941,#4942));
#4934 = ORIENTED_EDGE('',*,*,#2533,.T.);
#4935 = ORIENTED_EDGE('',*,*,#4936,.T.);
#4936 = EDGE_CURVE('',#2536,#929,#4937,.T.);
#4937 = LINE('',#4938,#4939);
#4938 = CARTESIAN_POINT('',(91.981,44.694,-1.));
#4939 = VECTOR('',#4940,1.);
#4940 = DIRECTION('',(0.,0.,1.));
#4941 = ORIENTED_EDGE('',*,*,#926,.F.);
#4942 = ORIENTED_EDGE('',*,*,#4943,.F.);
#4943 = EDGE_CURVE('',#2534,#927,#4944,.T.);
#4944 = LINE('',#4945,#4946);
#4945 = CARTESIAN_POINT('',(91.981,58.694,-1.));
#4946 = VECTOR('',#4947,1.);
#4947 = DIRECTION('',(0.,0.,1.));
#4948 = PLANE('',#4949);
#4949 = AXIS2_PLACEMENT_3D('',#4950,#4951,#4952);
#4950 = CARTESIAN_POINT('',(91.981,44.694,-1.));
#4951 = DIRECTION('',(-1.,0.,0.));
#4952 = DIRECTION('',(0.,1.,0.));
#4953 = ADVANCED_FACE('',(#4954),#4965,.T.);
#4954 = FACE_BOUND('',#4955,.T.);
#4955 = EDGE_LOOP('',(#4956,#4957,#4958,#4959));
#4956 = ORIENTED_EDGE('',*,*,#2559,.T.);
#4957 = ORIENTED_EDGE('',*,*,#4943,.T.);
#4958 = ORIENTED_EDGE('',*,*,#952,.F.);
#4959 = ORIENTED_EDGE('',*,*,#4960,.F.);
#4960 = EDGE_CURVE('',#2552,#945,#4961,.T.);
#4961 = LINE('',#4962,#4963);
#4962 = CARTESIAN_POINT('',(77.981,58.694,-1.));
#4963 = VECTOR('',#4964,1.);
#4964 = DIRECTION('',(0.,0.,1.));
#4965 = PLANE('',#4966);
#4966 = AXIS2_PLACEMENT_3D('',#4967,#4968,#4969);
#4967 = CARTESIAN_POINT('',(91.981,58.694,-1.));
#4968 = DIRECTION('',(0.,-1.,0.));
#4969 = DIRECTION('',(-1.,0.,0.));
#4970 = ADVANCED_FACE('',(#4971),#4982,.T.);
#4971 = FACE_BOUND('',#4972,.T.);
#4972 = EDGE_LOOP('',(#4973,#4974,#4980,#4981));
#4973 = ORIENTED_EDGE('',*,*,#2543,.T.);
#4974 = ORIENTED_EDGE('',*,*,#4975,.T.);
#4975 = EDGE_CURVE('',#2544,#937,#4976,.T.);
#4976 = LINE('',#4977,#4978);
#4977 = CARTESIAN_POINT('',(77.981,44.694,-1.));
#4978 = VECTOR('',#4979,1.);
#4979 = DIRECTION('',(0.,0.,1.));
#4980 = ORIENTED_EDGE('',*,*,#936,.F.);
#4981 = ORIENTED_EDGE('',*,*,#4936,.F.);
#4982 = PLANE('',#4983);
#4983 = AXIS2_PLACEMENT_3D('',#4984,#4985,#4986);
#4984 = CARTESIAN_POINT('',(77.981,44.694,-1.));
#4985 = DIRECTION('',(0.,1.,0.));
#4986 = DIRECTION('',(1.,0.,0.));
#4987 = ADVANCED_FACE('',(#4988),#4994,.T.);
#4988 = FACE_BOUND('',#4989,.T.);
#4989 = EDGE_LOOP('',(#4990,#4991,#4992,#4993));
#4990 = ORIENTED_EDGE('',*,*,#2551,.T.);
#4991 = ORIENTED_EDGE('',*,*,#4960,.T.);
#4992 = ORIENTED_EDGE('',*,*,#944,.F.);
#4993 = ORIENTED_EDGE('',*,*,#4975,.F.);
#4994 = PLANE('',#4995);
#4995 = AXIS2_PLACEMENT_3D('',#4996,#4997,#4998);
#4996 = CARTESIAN_POINT('',(77.981,58.694,-1.));
#4997 = DIRECTION('',(1.,0.,-0.));
#4998 = DIRECTION('',(0.,-1.,0.));
#4999 = ADVANCED_FACE('',(#5000),#5016,.T.);
#5000 = FACE_BOUND('',#5001,.T.);
#5001 = EDGE_LOOP('',(#5002,#5003,#5009,#5010));
#5002 = ORIENTED_EDGE('',*,*,#2567,.T.);
#5003 = ORIENTED_EDGE('',*,*,#5004,.T.);
#5004 = EDGE_CURVE('',#2570,#963,#5005,.T.);
#5005 = LINE('',#5006,#5007);
#5006 = CARTESIAN_POINT('',(68.17,63.749,-1.));
#5007 = VECTOR('',#5008,1.);
#5008 = DIRECTION('',(0.,0.,1.));
#5009 = ORIENTED_EDGE('',*,*,#960,.F.);
#5010 = ORIENTED_EDGE('',*,*,#5011,.F.);
#5011 = EDGE_CURVE('',#2568,#961,#5012,.T.);
#5012 = LINE('',#5013,#5014);
#5013 = CARTESIAN_POINT('',(68.17,77.749,-1.));
#5014 = VECTOR('',#5015,1.);
#5015 = DIRECTION('',(0.,0.,1.));
#5016 = PLANE('',#5017);
#5017 = AXIS2_PLACEMENT_3D('',#5018,#5019,#5020);
#5018 = CARTESIAN_POINT('',(68.17,63.749,-1.));
#5019 = DIRECTION('',(-1.,0.,0.));
#5020 = DIRECTION('',(0.,1.,0.));
#5021 = ADVANCED_FACE('',(#5022),#5033,.T.);
#5022 = FACE_BOUND('',#5023,.T.);
#5023 = EDGE_LOOP('',(#5024,#5025,#5026,#5027));
#5024 = ORIENTED_EDGE('',*,*,#2593,.T.);
#5025 = ORIENTED_EDGE('',*,*,#5011,.T.);
#5026 = ORIENTED_EDGE('',*,*,#986,.F.);
#5027 = ORIENTED_EDGE('',*,*,#5028,.F.);
#5028 = EDGE_CURVE('',#2586,#979,#5029,.T.);
#5029 = LINE('',#5030,#5031);
#5030 = CARTESIAN_POINT('',(54.17,77.749,-1.));
#5031 = VECTOR('',#5032,1.);
#5032 = DIRECTION('',(0.,0.,1.));
#5033 = PLANE('',#5034);
#5034 = AXIS2_PLACEMENT_3D('',#5035,#5036,#5037);
#5035 = CARTESIAN_POINT('',(68.17,77.749,-1.));
#5036 = DIRECTION('',(0.,-1.,0.));
#5037 = DIRECTION('',(-1.,0.,0.));
#5038 = ADVANCED_FACE('',(#5039),#5050,.T.);
#5039 = FACE_BOUND('',#5040,.T.);
#5040 = EDGE_LOOP('',(#5041,#5042,#5048,#5049));
#5041 = ORIENTED_EDGE('',*,*,#2577,.T.);
#5042 = ORIENTED_EDGE('',*,*,#5043,.T.);
#5043 = EDGE_CURVE('',#2578,#971,#5044,.T.);
#5044 = LINE('',#5045,#5046);
#5045 = CARTESIAN_POINT('',(54.17,63.749,-1.));
#5046 = VECTOR('',#5047,1.);
#5047 = DIRECTION('',(0.,0.,1.));
#5048 = ORIENTED_EDGE('',*,*,#970,.F.);
#5049 = ORIENTED_EDGE('',*,*,#5004,.F.);
#5050 = PLANE('',#5051);
#5051 = AXIS2_PLACEMENT_3D('',#5052,#5053,#5054);
#5052 = CARTESIAN_POINT('',(54.17,63.749,-1.));
#5053 = DIRECTION('',(0.,1.,0.));
#5054 = DIRECTION('',(1.,0.,0.));
#5055 = ADVANCED_FACE('',(#5056),#5062,.T.);
#5056 = FACE_BOUND('',#5057,.T.);
#5057 = EDGE_LOOP('',(#5058,#5059,#5060,#5061));
#5058 = ORIENTED_EDGE('',*,*,#2585,.T.);
#5059 = ORIENTED_EDGE('',*,*,#5028,.T.);
#5060 = ORIENTED_EDGE('',*,*,#978,.F.);
#5061 = ORIENTED_EDGE('',*,*,#5043,.F.);
#5062 = PLANE('',#5063);
#5063 = AXIS2_PLACEMENT_3D('',#5064,#5065,#5066);
#5064 = CARTESIAN_POINT('',(54.17,77.749,-1.));
#5065 = DIRECTION('',(1.,0.,-0.));
#5066 = DIRECTION('',(0.,-1.,0.));
#5067 = ADVANCED_FACE('',(#5068),#5084,.T.);
#5068 = FACE_BOUND('',#5069,.T.);
#5069 = EDGE_LOOP('',(#5070,#5071,#5077,#5078));
#5070 = ORIENTED_EDGE('',*,*,#2601,.T.);
#5071 = ORIENTED_EDGE('',*,*,#5072,.T.);
#5072 = EDGE_CURVE('',#2604,#997,#5073,.T.);
#5073 = LINE('',#5074,#5075);
#5074 = CARTESIAN_POINT('',(87.221,63.749,-1.));
#5075 = VECTOR('',#5076,1.);
#5076 = DIRECTION('',(0.,0.,1.));
#5077 = ORIENTED_EDGE('',*,*,#994,.F.);
#5078 = ORIENTED_EDGE('',*,*,#5079,.F.);
#5079 = EDGE_CURVE('',#2602,#995,#5080,.T.);
#5080 = LINE('',#5081,#5082);
#5081 = CARTESIAN_POINT('',(87.221,77.749,-1.));
#5082 = VECTOR('',#5083,1.);
#5083 = DIRECTION('',(0.,0.,1.));
#5084 = PLANE('',#5085);
#5085 = AXIS2_PLACEMENT_3D('',#5086,#5087,#5088);
#5086 = CARTESIAN_POINT('',(87.221,63.749,-1.));
#5087 = DIRECTION('',(-1.,0.,0.));
#5088 = DIRECTION('',(0.,1.,0.));
#5089 = ADVANCED_FACE('',(#5090),#5101,.T.);
#5090 = FACE_BOUND('',#5091,.T.);
#5091 = EDGE_LOOP('',(#5092,#5093,#5094,#5095));
#5092 = ORIENTED_EDGE('',*,*,#2627,.T.);
#5093 = ORIENTED_EDGE('',*,*,#5079,.T.);
#5094 = ORIENTED_EDGE('',*,*,#1020,.F.);
#5095 = ORIENTED_EDGE('',*,*,#5096,.F.);
#5096 = EDGE_CURVE('',#2620,#1013,#5097,.T.);
#5097 = LINE('',#5098,#5099);
#5098 = CARTESIAN_POINT('',(73.221,77.749,-1.));
#5099 = VECTOR('',#5100,1.);
#5100 = DIRECTION('',(0.,0.,1.));
#5101 = PLANE('',#5102);
#5102 = AXIS2_PLACEMENT_3D('',#5103,#5104,#5105);
#5103 = CARTESIAN_POINT('',(87.221,77.749,-1.));
#5104 = DIRECTION('',(0.,-1.,0.));
#5105 = DIRECTION('',(-1.,0.,0.));
#5106 = ADVANCED_FACE('',(#5107),#5118,.T.);
#5107 = FACE_BOUND('',#5108,.T.);
#5108 = EDGE_LOOP('',(#5109,#5110,#5116,#5117));
#5109 = ORIENTED_EDGE('',*,*,#2611,.T.);
#5110 = ORIENTED_EDGE('',*,*,#5111,.T.);
#5111 = EDGE_CURVE('',#2612,#1005,#5112,.T.);
#5112 = LINE('',#5113,#5114);
#5113 = CARTESIAN_POINT('',(73.221,63.749,-1.));
#5114 = VECTOR('',#5115,1.);
#5115 = DIRECTION('',(0.,0.,1.));
#5116 = ORIENTED_EDGE('',*,*,#1004,.F.);
#5117 = ORIENTED_EDGE('',*,*,#5072,.F.);
#5118 = PLANE('',#5119);
#5119 = AXIS2_PLACEMENT_3D('',#5120,#5121,#5122);
#5120 = CARTESIAN_POINT('',(73.221,63.749,-1.));
#5121 = DIRECTION('',(0.,1.,0.));
#5122 = DIRECTION('',(1.,0.,0.));
#5123 = ADVANCED_FACE('',(#5124),#5130,.T.);
#5124 = FACE_BOUND('',#5125,.T.);
#5125 = EDGE_LOOP('',(#5126,#5127,#5128,#5129));
#5126 = ORIENTED_EDGE('',*,*,#2619,.T.);
#5127 = ORIENTED_EDGE('',*,*,#5096,.T.);
#5128 = ORIENTED_EDGE('',*,*,#1012,.F.);
#5129 = ORIENTED_EDGE('',*,*,#5111,.F.);
#5130 = PLANE('',#5131);
#5131 = AXIS2_PLACEMENT_3D('',#5132,#5133,#5134);
#5132 = CARTESIAN_POINT('',(73.221,77.749,-1.));
#5133 = DIRECTION('',(1.,0.,-0.));
#5134 = DIRECTION('',(0.,-1.,0.));
#5135 = ADVANCED_FACE('',(#5136),#5152,.T.);
#5136 = FACE_BOUND('',#5137,.T.);
#5137 = EDGE_LOOP('',(#5138,#5139,#5145,#5146));
#5138 = ORIENTED_EDGE('',*,*,#2635,.T.);
#5139 = ORIENTED_EDGE('',*,*,#5140,.T.);
#5140 = EDGE_CURVE('',#2638,#1031,#5141,.T.);
#5141 = LINE('',#5142,#5143);
#5142 = CARTESIAN_POINT('',(20.543,82.793,-1.));
#5143 = VECTOR('',#5144,1.);
#5144 = DIRECTION('',(0.,0.,1.));
#5145 = ORIENTED_EDGE('',*,*,#1028,.F.);
#5146 = ORIENTED_EDGE('',*,*,#5147,.F.);
#5147 = EDGE_CURVE('',#2636,#1029,#5148,.T.);
#5148 = LINE('',#5149,#5150);
#5149 = CARTESIAN_POINT('',(20.543,96.793,-1.));
#5150 = VECTOR('',#5151,1.);
#5151 = DIRECTION('',(0.,0.,1.));
#5152 = PLANE('',#5153);
#5153 = AXIS2_PLACEMENT_3D('',#5154,#5155,#5156);
#5154 = CARTESIAN_POINT('',(20.543,82.793,-1.));
#5155 = DIRECTION('',(-1.,0.,0.));
#5156 = DIRECTION('',(0.,1.,0.));
#5157 = ADVANCED_FACE('',(#5158),#5169,.T.);
#5158 = FACE_BOUND('',#5159,.T.);
#5159 = EDGE_LOOP('',(#5160,#5161,#5162,#5163));
#5160 = ORIENTED_EDGE('',*,*,#2661,.T.);
#5161 = ORIENTED_EDGE('',*,*,#5147,.T.);
#5162 = ORIENTED_EDGE('',*,*,#1054,.F.);
#5163 = ORIENTED_EDGE('',*,*,#5164,.F.);
#5164 = EDGE_CURVE('',#2654,#1047,#5165,.T.);
#5165 = LINE('',#5166,#5167);
#5166 = CARTESIAN_POINT('',(6.543,96.793,-1.));
#5167 = VECTOR('',#5168,1.);
#5168 = DIRECTION('',(0.,0.,1.));
#5169 = PLANE('',#5170);
#5170 = AXIS2_PLACEMENT_3D('',#5171,#5172,#5173);
#5171 = CARTESIAN_POINT('',(20.543,96.793,-1.));
#5172 = DIRECTION('',(0.,-1.,0.));
#5173 = DIRECTION('',(-1.,0.,0.));
#5174 = ADVANCED_FACE('',(#5175),#5186,.T.);
#5175 = FACE_BOUND('',#5176,.T.);
#5176 = EDGE_LOOP('',(#5177,#5178,#5184,#5185));
#5177 = ORIENTED_EDGE('',*,*,#2645,.T.);
#5178 = ORIENTED_EDGE('',*,*,#5179,.T.);
#5179 = EDGE_CURVE('',#2646,#1039,#5180,.T.);
#5180 = LINE('',#5181,#5182);
#5181 = CARTESIAN_POINT('',(6.543,82.793,-1.));
#5182 = VECTOR('',#5183,1.);
#5183 = DIRECTION('',(0.,0.,1.));
#5184 = ORIENTED_EDGE('',*,*,#1038,.F.);
#5185 = ORIENTED_EDGE('',*,*,#5140,.F.);
#5186 = PLANE('',#5187);
#5187 = AXIS2_PLACEMENT_3D('',#5188,#5189,#5190);
#5188 = CARTESIAN_POINT('',(6.543,82.793,-1.));
#5189 = DIRECTION('',(0.,1.,0.));
#5190 = DIRECTION('',(1.,0.,0.));
#5191 = ADVANCED_FACE('',(#5192),#5198,.T.);
#5192 = FACE_BOUND('',#5193,.T.);
#5193 = EDGE_LOOP('',(#5194,#5195,#5196,#5197));
#5194 = ORIENTED_EDGE('',*,*,#2653,.T.);
#5195 = ORIENTED_EDGE('',*,*,#5164,.T.);
#5196 = ORIENTED_EDGE('',*,*,#1046,.F.);
#5197 = ORIENTED_EDGE('',*,*,#5179,.F.);
#5198 = PLANE('',#5199);
#5199 = AXIS2_PLACEMENT_3D('',#5200,#5201,#5202);
#5200 = CARTESIAN_POINT('',(6.543,96.793,-1.));
#5201 = DIRECTION('',(1.,0.,-0.));
#5202 = DIRECTION('',(0.,-1.,0.));
#5203 = ADVANCED_FACE('',(#5204),#5220,.T.);
#5204 = FACE_BOUND('',#5205,.T.);
#5205 = EDGE_LOOP('',(#5206,#5207,#5213,#5214));
#5206 = ORIENTED_EDGE('',*,*,#2680,.T.);
#5207 = ORIENTED_EDGE('',*,*,#5208,.T.);
#5208 = EDGE_CURVE('',#2683,#1065,#5209,.T.);
#5209 = LINE('',#5210,#5211);
#5210 = CARTESIAN_POINT('',(39.593,82.793,-1.));
#5211 = VECTOR('',#5212,1.);
#5212 = DIRECTION('',(0.,0.,1.));
#5213 = ORIENTED_EDGE('',*,*,#1062,.F.);
#5214 = ORIENTED_EDGE('',*,*,#5215,.F.);
#5215 = EDGE_CURVE('',#2681,#1063,#5216,.T.);
#5216 = LINE('',#5217,#5218);
#5217 = CARTESIAN_POINT('',(39.593,96.793,-1.));
#5218 = VECTOR('',#5219,1.);
#5219 = DIRECTION('',(0.,0.,1.));
#5220 = PLANE('',#5221);
#5221 = AXIS2_PLACEMENT_3D('',#5222,#5223,#5224);
#5222 = CARTESIAN_POINT('',(39.593,82.793,-1.));
#5223 = DIRECTION('',(-1.,0.,0.));
#5224 = DIRECTION('',(0.,1.,0.));
#5225 = ADVANCED_FACE('',(#5226),#5237,.T.);
#5226 = FACE_BOUND('',#5227,.T.);
#5227 = EDGE_LOOP('',(#5228,#5229,#5230,#5231));
#5228 = ORIENTED_EDGE('',*,*,#2706,.T.);
#5229 = ORIENTED_EDGE('',*,*,#5215,.T.);
#5230 = ORIENTED_EDGE('',*,*,#1088,.F.);
#5231 = ORIENTED_EDGE('',*,*,#5232,.F.);
#5232 = EDGE_CURVE('',#2699,#1081,#5233,.T.);
#5233 = LINE('',#5234,#5235);
#5234 = CARTESIAN_POINT('',(25.593,96.793,-1.));
#5235 = VECTOR('',#5236,1.);
#5236 = DIRECTION('',(0.,0.,1.));
#5237 = PLANE('',#5238);
#5238 = AXIS2_PLACEMENT_3D('',#5239,#5240,#5241);
#5239 = CARTESIAN_POINT('',(39.593,96.793,-1.));
#5240 = DIRECTION('',(0.,-1.,0.));
#5241 = DIRECTION('',(-1.,0.,0.));
#5242 = ADVANCED_FACE('',(#5243),#5254,.T.);
#5243 = FACE_BOUND('',#5244,.T.);
#5244 = EDGE_LOOP('',(#5245,#5246,#5252,#5253));
#5245 = ORIENTED_EDGE('',*,*,#2690,.T.);
#5246 = ORIENTED_EDGE('',*,*,#5247,.T.);
#5247 = EDGE_CURVE('',#2691,#1073,#5248,.T.);
#5248 = LINE('',#5249,#5250);
#5249 = CARTESIAN_POINT('',(25.593,82.793,-1.));
#5250 = VECTOR('',#5251,1.);
#5251 = DIRECTION('',(0.,0.,1.));
#5252 = ORIENTED_EDGE('',*,*,#1072,.F.);
#5253 = ORIENTED_EDGE('',*,*,#5208,.F.);
#5254 = PLANE('',#5255);
#5255 = AXIS2_PLACEMENT_3D('',#5256,#5257,#5258);
#5256 = CARTESIAN_POINT('',(25.593,82.793,-1.));
#5257 = DIRECTION('',(0.,1.,0.));
#5258 = DIRECTION('',(1.,0.,0.));
#5259 = ADVANCED_FACE('',(#5260),#5266,.T.);
#5260 = FACE_BOUND('',#5261,.T.);
#5261 = EDGE_LOOP('',(#5262,#5263,#5264,#5265));
#5262 = ORIENTED_EDGE('',*,*,#2698,.T.);
#5263 = ORIENTED_EDGE('',*,*,#5232,.T.);
#5264 = ORIENTED_EDGE('',*,*,#1080,.F.);
#5265 = ORIENTED_EDGE('',*,*,#5247,.F.);
#5266 = PLANE('',#5267);
#5267 = AXIS2_PLACEMENT_3D('',#5268,#5269,#5270);
#5268 = CARTESIAN_POINT('',(25.593,96.793,-1.));
#5269 = DIRECTION('',(1.,0.,-0.));
#5270 = DIRECTION('',(0.,-1.,0.));
#5271 = ADVANCED_FACE('',(#5272),#5291,.F.);
#5272 = FACE_BOUND('',#5273,.F.);
#5273 = EDGE_LOOP('',(#5274,#5275,#5283,#5290));
#5274 = ORIENTED_EDGE('',*,*,#1096,.F.);
#5275 = ORIENTED_EDGE('',*,*,#5276,.F.);
#5276 = EDGE_CURVE('',#5277,#1097,#5279,.T.);
#5277 = VERTEX_POINT('',#5278);
#5278 = CARTESIAN_POINT('',(6.06808483617,100.36720599441,1.49));
#5279 = LINE('',#5280,#5281);
#5280 = CARTESIAN_POINT('',(6.06808483617,100.36720599441,1.49));
#5281 = VECTOR('',#5282,1.);
#5282 = DIRECTION('',(0.,0.,1.));
#5283 = ORIENTED_EDGE('',*,*,#5284,.T.);
#5284 = EDGE_CURVE('',#5277,#5277,#5285,.T.);
#5285 = CIRCLE('',#5286,3.1);
#5286 = AXIS2_PLACEMENT_3D('',#5287,#5288,#5289);
#5287 = CARTESIAN_POINT('',(2.96808483617,100.36720599441,1.49));
#5288 = DIRECTION('',(0.,0.,1.));
#5289 = DIRECTION('',(1.,0.,-0.));
#5290 = ORIENTED_EDGE('',*,*,#5276,.T.);
#5291 = CYLINDRICAL_SURFACE('',#5292,3.1);
#5292 = AXIS2_PLACEMENT_3D('',#5293,#5294,#5295);
#5293 = CARTESIAN_POINT('',(2.96808483617,100.36720599441,1.49));
#5294 = DIRECTION('',(0.,0.,1.));
#5295 = DIRECTION('',(1.,0.,-0.));
#5296 = ADVANCED_FACE('',(#5297),#5313,.T.);
#5297 = FACE_BOUND('',#5298,.T.);
#5298 = EDGE_LOOP('',(#5299,#5300,#5306,#5307));
#5299 = ORIENTED_EDGE('',*,*,#2714,.T.);
#5300 = ORIENTED_EDGE('',*,*,#5301,.T.);
#5301 = EDGE_CURVE('',#2717,#1110,#5302,.T.);
#5302 = LINE('',#5303,#5304);
#5303 = CARTESIAN_POINT('',(58.642,82.793,-1.));
#5304 = VECTOR('',#5305,1.);
#5305 = DIRECTION('',(0.,0.,1.));
#5306 = ORIENTED_EDGE('',*,*,#1107,.F.);
#5307 = ORIENTED_EDGE('',*,*,#5308,.F.);
#5308 = EDGE_CURVE('',#2715,#1108,#5309,.T.);
#5309 = LINE('',#5310,#5311);
#5310 = CARTESIAN_POINT('',(58.642,96.793,-1.));
#5311 = VECTOR('',#5312,1.);
#5312 = DIRECTION('',(0.,0.,1.));
#5313 = PLANE('',#5314);
#5314 = AXIS2_PLACEMENT_3D('',#5315,#5316,#5317);
#5315 = CARTESIAN_POINT('',(58.642,82.793,-1.));
#5316 = DIRECTION('',(-1.,0.,0.));
#5317 = DIRECTION('',(0.,1.,0.));
#5318 = ADVANCED_FACE('',(#5319),#5330,.T.);
#5319 = FACE_BOUND('',#5320,.T.);
#5320 = EDGE_LOOP('',(#5321,#5322,#5323,#5324));
#5321 = ORIENTED_EDGE('',*,*,#2740,.T.);
#5322 = ORIENTED_EDGE('',*,*,#5308,.T.);
#5323 = ORIENTED_EDGE('',*,*,#1133,.F.);
#5324 = ORIENTED_EDGE('',*,*,#5325,.F.);
#5325 = EDGE_CURVE('',#2733,#1126,#5326,.T.);
#5326 = LINE('',#5327,#5328);
#5327 = CARTESIAN_POINT('',(44.642,96.793,-1.));
#5328 = VECTOR('',#5329,1.);
#5329 = DIRECTION('',(0.,0.,1.));
#5330 = PLANE('',#5331);
#5331 = AXIS2_PLACEMENT_3D('',#5332,#5333,#5334);
#5332 = CARTESIAN_POINT('',(58.642,96.793,-1.));
#5333 = DIRECTION('',(0.,-1.,0.));
#5334 = DIRECTION('',(-1.,0.,0.));
#5335 = ADVANCED_FACE('',(#5336),#5347,.T.);
#5336 = FACE_BOUND('',#5337,.T.);
#5337 = EDGE_LOOP('',(#5338,#5339,#5345,#5346));
#5338 = ORIENTED_EDGE('',*,*,#2724,.T.);
#5339 = ORIENTED_EDGE('',*,*,#5340,.T.);
#5340 = EDGE_CURVE('',#2725,#1118,#5341,.T.);
#5341 = LINE('',#5342,#5343);
#5342 = CARTESIAN_POINT('',(44.642,82.793,-1.));
#5343 = VECTOR('',#5344,1.);
#5344 = DIRECTION('',(0.,0.,1.));
#5345 = ORIENTED_EDGE('',*,*,#1117,.F.);
#5346 = ORIENTED_EDGE('',*,*,#5301,.F.);
#5347 = PLANE('',#5348);
#5348 = AXIS2_PLACEMENT_3D('',#5349,#5350,#5351);
#5349 = CARTESIAN_POINT('',(44.642,82.793,-1.));
#5350 = DIRECTION('',(0.,1.,0.));
#5351 = DIRECTION('',(1.,0.,0.));
#5352 = ADVANCED_FACE('',(#5353),#5359,.T.);
#5353 = FACE_BOUND('',#5354,.T.);
#5354 = EDGE_LOOP('',(#5355,#5356,#5357,#5358));
#5355 = ORIENTED_EDGE('',*,*,#2732,.T.);
#5356 = ORIENTED_EDGE('',*,*,#5325,.T.);
#5357 = ORIENTED_EDGE('',*,*,#1125,.F.);
#5358 = ORIENTED_EDGE('',*,*,#5340,.F.);
#5359 = PLANE('',#5360);
#5360 = AXIS2_PLACEMENT_3D('',#5361,#5362,#5363);
#5361 = CARTESIAN_POINT('',(44.642,96.793,-1.));
#5362 = DIRECTION('',(1.,0.,-0.));
#5363 = DIRECTION('',(0.,-1.,0.));
#5364 = ADVANCED_FACE('',(#5365),#5381,.T.);
#5365 = FACE_BOUND('',#5366,.T.);
#5366 = EDGE_LOOP('',(#5367,#5368,#5374,#5375));
#5367 = ORIENTED_EDGE('',*,*,#2748,.T.);
#5368 = ORIENTED_EDGE('',*,*,#5369,.T.);
#5369 = EDGE_CURVE('',#2751,#1144,#5370,.T.);
#5370 = LINE('',#5371,#5372);
#5371 = CARTESIAN_POINT('',(77.692,82.793,-1.));
#5372 = VECTOR('',#5373,1.);
#5373 = DIRECTION('',(0.,0.,1.));
#5374 = ORIENTED_EDGE('',*,*,#1141,.F.);
#5375 = ORIENTED_EDGE('',*,*,#5376,.F.);
#5376 = EDGE_CURVE('',#2749,#1142,#5377,.T.);
#5377 = LINE('',#5378,#5379);
#5378 = CARTESIAN_POINT('',(77.692,96.793,-1.));
#5379 = VECTOR('',#5380,1.);
#5380 = DIRECTION('',(0.,0.,1.));
#5381 = PLANE('',#5382);
#5382 = AXIS2_PLACEMENT_3D('',#5383,#5384,#5385);
#5383 = CARTESIAN_POINT('',(77.692,82.793,-1.));
#5384 = DIRECTION('',(-1.,0.,0.));
#5385 = DIRECTION('',(0.,1.,0.));
#5386 = ADVANCED_FACE('',(#5387),#5398,.T.);
#5387 = FACE_BOUND('',#5388,.T.);
#5388 = EDGE_LOOP('',(#5389,#5390,#5391,#5392));
#5389 = ORIENTED_EDGE('',*,*,#2774,.T.);
#5390 = ORIENTED_EDGE('',*,*,#5376,.T.);
#5391 = ORIENTED_EDGE('',*,*,#1167,.F.);
#5392 = ORIENTED_EDGE('',*,*,#5393,.F.);
#5393 = EDGE_CURVE('',#2767,#1160,#5394,.T.);
#5394 = LINE('',#5395,#5396);
#5395 = CARTESIAN_POINT('',(63.692,96.793,-1.));
#5396 = VECTOR('',#5397,1.);
#5397 = DIRECTION('',(0.,0.,1.));
#5398 = PLANE('',#5399);
#5399 = AXIS2_PLACEMENT_3D('',#5400,#5401,#5402);
#5400 = CARTESIAN_POINT('',(77.692,96.793,-1.));
#5401 = DIRECTION('',(0.,-1.,0.));
#5402 = DIRECTION('',(-1.,0.,0.));
#5403 = ADVANCED_FACE('',(#5404),#5415,.T.);
#5404 = FACE_BOUND('',#5405,.T.);
#5405 = EDGE_LOOP('',(#5406,#5407,#5413,#5414));
#5406 = ORIENTED_EDGE('',*,*,#2758,.T.);
#5407 = ORIENTED_EDGE('',*,*,#5408,.T.);
#5408 = EDGE_CURVE('',#2759,#1152,#5409,.T.);
#5409 = LINE('',#5410,#5411);
#5410 = CARTESIAN_POINT('',(63.692,82.793,-1.));
#5411 = VECTOR('',#5412,1.);
#5412 = DIRECTION('',(0.,0.,1.));
#5413 = ORIENTED_EDGE('',*,*,#1151,.F.);
#5414 = ORIENTED_EDGE('',*,*,#5369,.F.);
#5415 = PLANE('',#5416);
#5416 = AXIS2_PLACEMENT_3D('',#5417,#5418,#5419);
#5417 = CARTESIAN_POINT('',(63.692,82.793,-1.));
#5418 = DIRECTION('',(0.,1.,0.));
#5419 = DIRECTION('',(1.,0.,0.));
#5420 = ADVANCED_FACE('',(#5421),#5427,.T.);
#5421 = FACE_BOUND('',#5422,.T.);
#5422 = EDGE_LOOP('',(#5423,#5424,#5425,#5426));
#5423 = ORIENTED_EDGE('',*,*,#2766,.T.);
#5424 = ORIENTED_EDGE('',*,*,#5393,.T.);
#5425 = ORIENTED_EDGE('',*,*,#1159,.F.);
#5426 = ORIENTED_EDGE('',*,*,#5408,.F.);
#5427 = PLANE('',#5428);
#5428 = AXIS2_PLACEMENT_3D('',#5429,#5430,#5431);
#5429 = CARTESIAN_POINT('',(63.692,96.793,-1.));
#5430 = DIRECTION('',(1.,0.,-0.));
#5431 = DIRECTION('',(0.,-1.,0.));
#5432 = ADVANCED_FACE('',(#5433),#5449,.T.);
#5433 = FACE_BOUND('',#5434,.T.);
#5434 = EDGE_LOOP('',(#5435,#5436,#5442,#5443));
#5435 = ORIENTED_EDGE('',*,*,#2782,.T.);
#5436 = ORIENTED_EDGE('',*,*,#5437,.T.);
#5437 = EDGE_CURVE('',#2785,#1178,#5438,.T.);
#5438 = LINE('',#5439,#5440);
#5439 = CARTESIAN_POINT('',(96.742,82.793,-1.));
#5440 = VECTOR('',#5441,1.);
#5441 = DIRECTION('',(0.,0.,1.));
#5442 = ORIENTED_EDGE('',*,*,#1175,.F.);
#5443 = ORIENTED_EDGE('',*,*,#5444,.F.);
#5444 = EDGE_CURVE('',#2783,#1176,#5445,.T.);
#5445 = LINE('',#5446,#5447);
#5446 = CARTESIAN_POINT('',(96.742,96.793,-1.));
#5447 = VECTOR('',#5448,1.);
#5448 = DIRECTION('',(0.,0.,1.));
#5449 = PLANE('',#5450);
#5450 = AXIS2_PLACEMENT_3D('',#5451,#5452,#5453);
#5451 = CARTESIAN_POINT('',(96.742,82.793,-1.));
#5452 = DIRECTION('',(-1.,0.,0.));
#5453 = DIRECTION('',(0.,1.,0.));
#5454 = ADVANCED_FACE('',(#5455),#5466,.T.);
#5455 = FACE_BOUND('',#5456,.T.);
#5456 = EDGE_LOOP('',(#5457,#5458,#5459,#5460));
#5457 = ORIENTED_EDGE('',*,*,#2808,.T.);
#5458 = ORIENTED_EDGE('',*,*,#5444,.T.);
#5459 = ORIENTED_EDGE('',*,*,#1201,.F.);
#5460 = ORIENTED_EDGE('',*,*,#5461,.F.);
#5461 = EDGE_CURVE('',#2801,#1194,#5462,.T.);
#5462 = LINE('',#5463,#5464);
#5463 = CARTESIAN_POINT('',(82.742,96.793,-1.));
#5464 = VECTOR('',#5465,1.);
#5465 = DIRECTION('',(0.,0.,1.));
#5466 = PLANE('',#5467);
#5467 = AXIS2_PLACEMENT_3D('',#5468,#5469,#5470);
#5468 = CARTESIAN_POINT('',(96.742,96.793,-1.));
#5469 = DIRECTION('',(0.,-1.,0.));
#5470 = DIRECTION('',(-1.,0.,0.));
#5471 = ADVANCED_FACE('',(#5472),#5483,.T.);
#5472 = FACE_BOUND('',#5473,.T.);
#5473 = EDGE_LOOP('',(#5474,#5475,#5481,#5482));
#5474 = ORIENTED_EDGE('',*,*,#2792,.T.);
#5475 = ORIENTED_EDGE('',*,*,#5476,.T.);
#5476 = EDGE_CURVE('',#2793,#1186,#5477,.T.);
#5477 = LINE('',#5478,#5479);
#5478 = CARTESIAN_POINT('',(82.742,82.793,-1.));
#5479 = VECTOR('',#5480,1.);
#5480 = DIRECTION('',(0.,0.,1.));
#5481 = ORIENTED_EDGE('',*,*,#1185,.F.);
#5482 = ORIENTED_EDGE('',*,*,#5437,.F.);
#5483 = PLANE('',#5484);
#5484 = AXIS2_PLACEMENT_3D('',#5485,#5486,#5487);
#5485 = CARTESIAN_POINT('',(82.742,82.793,-1.));
#5486 = DIRECTION('',(0.,1.,0.));
#5487 = DIRECTION('',(1.,0.,0.));
#5488 = ADVANCED_FACE('',(#5489),#5495,.T.);
#5489 = FACE_BOUND('',#5490,.T.);
#5490 = EDGE_LOOP('',(#5491,#5492,#5493,#5494));
#5491 = ORIENTED_EDGE('',*,*,#2800,.T.);
#5492 = ORIENTED_EDGE('',*,*,#5461,.T.);
#5493 = ORIENTED_EDGE('',*,*,#1193,.F.);
#5494 = ORIENTED_EDGE('',*,*,#5476,.F.);
#5495 = PLANE('',#5496);
#5496 = AXIS2_PLACEMENT_3D('',#5497,#5498,#5499);
#5497 = CARTESIAN_POINT('',(82.742,96.793,-1.));
#5498 = DIRECTION('',(1.,0.,-0.));
#5499 = DIRECTION('',(0.,-1.,0.));
#5500 = ADVANCED_FACE('',(#5501),#5517,.T.);
#5501 = FACE_BOUND('',#5502,.T.);
#5502 = EDGE_LOOP('',(#5503,#5504,#5510,#5511));
#5503 = ORIENTED_EDGE('',*,*,#2816,.T.);
#5504 = ORIENTED_EDGE('',*,*,#5505,.T.);
#5505 = EDGE_CURVE('',#2819,#1212,#5506,.T.);
#5506 = LINE('',#5507,#5508);
#5507 = CARTESIAN_POINT('',(111.031,44.694,-1.));
#5508 = VECTOR('',#5509,1.);
#5509 = DIRECTION('',(0.,0.,1.));
#5510 = ORIENTED_EDGE('',*,*,#1209,.F.);
#5511 = ORIENTED_EDGE('',*,*,#5512,.F.);
#5512 = EDGE_CURVE('',#2817,#1210,#5513,.T.);
#5513 = LINE('',#5514,#5515);
#5514 = CARTESIAN_POINT('',(111.031,58.694,-1.));
#5515 = VECTOR('',#5516,1.);
#5516 = DIRECTION('',(0.,0.,1.));
#5517 = PLANE('',#5518);
#5518 = AXIS2_PLACEMENT_3D('',#5519,#5520,#5521);
#5519 = CARTESIAN_POINT('',(111.031,44.694,-1.));
#5520 = DIRECTION('',(-1.,0.,0.));
#5521 = DIRECTION('',(0.,1.,0.));
#5522 = ADVANCED_FACE('',(#5523),#5534,.T.);
#5523 = FACE_BOUND('',#5524,.T.);
#5524 = EDGE_LOOP('',(#5525,#5526,#5527,#5528));
#5525 = ORIENTED_EDGE('',*,*,#2842,.T.);
#5526 = ORIENTED_EDGE('',*,*,#5512,.T.);
#5527 = ORIENTED_EDGE('',*,*,#1235,.F.);
#5528 = ORIENTED_EDGE('',*,*,#5529,.F.);
#5529 = EDGE_CURVE('',#2835,#1228,#5530,.T.);
#5530 = LINE('',#5531,#5532);
#5531 = CARTESIAN_POINT('',(97.031,58.694,-1.));
#5532 = VECTOR('',#5533,1.);
#5533 = DIRECTION('',(0.,0.,1.));
#5534 = PLANE('',#5535);
#5535 = AXIS2_PLACEMENT_3D('',#5536,#5537,#5538);
#5536 = CARTESIAN_POINT('',(111.031,58.694,-1.));
#5537 = DIRECTION('',(0.,-1.,0.));
#5538 = DIRECTION('',(-1.,0.,0.));
#5539 = ADVANCED_FACE('',(#5540),#5551,.T.);
#5540 = FACE_BOUND('',#5541,.T.);
#5541 = EDGE_LOOP('',(#5542,#5543,#5549,#5550));
#5542 = ORIENTED_EDGE('',*,*,#2826,.T.);
#5543 = ORIENTED_EDGE('',*,*,#5544,.T.);
#5544 = EDGE_CURVE('',#2827,#1220,#5545,.T.);
#5545 = LINE('',#5546,#5547);
#5546 = CARTESIAN_POINT('',(97.031,44.694,-1.));
#5547 = VECTOR('',#5548,1.);
#5548 = DIRECTION('',(0.,0.,1.));
#5549 = ORIENTED_EDGE('',*,*,#1219,.F.);
#5550 = ORIENTED_EDGE('',*,*,#5505,.F.);
#5551 = PLANE('',#5552);
#5552 = AXIS2_PLACEMENT_3D('',#5553,#5554,#5555);
#5553 = CARTESIAN_POINT('',(97.031,44.694,-1.));
#5554 = DIRECTION('',(0.,1.,0.));
#5555 = DIRECTION('',(1.,0.,0.));
#5556 = ADVANCED_FACE('',(#5557),#5563,.T.);
#5557 = FACE_BOUND('',#5558,.T.);
#5558 = EDGE_LOOP('',(#5559,#5560,#5561,#5562));
#5559 = ORIENTED_EDGE('',*,*,#2834,.T.);
#5560 = ORIENTED_EDGE('',*,*,#5529,.T.);
#5561 = ORIENTED_EDGE('',*,*,#1227,.F.);
#5562 = ORIENTED_EDGE('',*,*,#5544,.F.);
#5563 = PLANE('',#5564);
#5564 = AXIS2_PLACEMENT_3D('',#5565,#5566,#5567);
#5565 = CARTESIAN_POINT('',(97.031,58.694,-1.));
#5566 = DIRECTION('',(1.,0.,-0.));
#5567 = DIRECTION('',(0.,-1.,0.));
#5568 = ADVANCED_FACE('',(#5569),#5585,.T.);
#5569 = FACE_BOUND('',#5570,.T.);
#5570 = EDGE_LOOP('',(#5571,#5572,#5578,#5579));
#5571 = ORIENTED_EDGE('',*,*,#2850,.T.);
#5572 = ORIENTED_EDGE('',*,*,#5573,.T.);
#5573 = EDGE_CURVE('',#2853,#1246,#5574,.T.);
#5574 = LINE('',#5575,#5576);
#5575 = CARTESIAN_POINT('',(130.081,44.694,-1.));
#5576 = VECTOR('',#5577,1.);
#5577 = DIRECTION('',(0.,0.,1.));
#5578 = ORIENTED_EDGE('',*,*,#1243,.F.);
#5579 = ORIENTED_EDGE('',*,*,#5580,.F.);
#5580 = EDGE_CURVE('',#2851,#1244,#5581,.T.);
#5581 = LINE('',#5582,#5583);
#5582 = CARTESIAN_POINT('',(130.081,58.694,-1.));
#5583 = VECTOR('',#5584,1.);
#5584 = DIRECTION('',(0.,0.,1.));
#5585 = PLANE('',#5586);
#5586 = AXIS2_PLACEMENT_3D('',#5587,#5588,#5589);
#5587 = CARTESIAN_POINT('',(130.081,44.694,-1.));
#5588 = DIRECTION('',(-1.,0.,0.));
#5589 = DIRECTION('',(0.,1.,0.));
#5590 = ADVANCED_FACE('',(#5591),#5602,.T.);
#5591 = FACE_BOUND('',#5592,.T.);
#5592 = EDGE_LOOP('',(#5593,#5594,#5595,#5596));
#5593 = ORIENTED_EDGE('',*,*,#2876,.T.);
#5594 = ORIENTED_EDGE('',*,*,#5580,.T.);
#5595 = ORIENTED_EDGE('',*,*,#1269,.F.);
#5596 = ORIENTED_EDGE('',*,*,#5597,.F.);
#5597 = EDGE_CURVE('',#2869,#1262,#5598,.T.);
#5598 = LINE('',#5599,#5600);
#5599 = CARTESIAN_POINT('',(116.081,58.694,-1.));
#5600 = VECTOR('',#5601,1.);
#5601 = DIRECTION('',(0.,0.,1.));
#5602 = PLANE('',#5603);
#5603 = AXIS2_PLACEMENT_3D('',#5604,#5605,#5606);
#5604 = CARTESIAN_POINT('',(130.081,58.694,-1.));
#5605 = DIRECTION('',(0.,-1.,0.));
#5606 = DIRECTION('',(-1.,0.,0.));
#5607 = ADVANCED_FACE('',(#5608),#5619,.T.);
#5608 = FACE_BOUND('',#5609,.T.);
#5609 = EDGE_LOOP('',(#5610,#5611,#5617,#5618));
#5610 = ORIENTED_EDGE('',*,*,#2860,.T.);
#5611 = ORIENTED_EDGE('',*,*,#5612,.T.);
#5612 = EDGE_CURVE('',#2861,#1254,#5613,.T.);
#5613 = LINE('',#5614,#5615);
#5614 = CARTESIAN_POINT('',(116.081,44.694,-1.));
#5615 = VECTOR('',#5616,1.);
#5616 = DIRECTION('',(0.,0.,1.));
#5617 = ORIENTED_EDGE('',*,*,#1253,.F.);
#5618 = ORIENTED_EDGE('',*,*,#5573,.F.);
#5619 = PLANE('',#5620);
#5620 = AXIS2_PLACEMENT_3D('',#5621,#5622,#5623);
#5621 = CARTESIAN_POINT('',(116.081,44.694,-1.));
#5622 = DIRECTION('',(0.,1.,0.));
#5623 = DIRECTION('',(1.,0.,0.));
#5624 = ADVANCED_FACE('',(#5625),#5631,.T.);
#5625 = FACE_BOUND('',#5626,.T.);
#5626 = EDGE_LOOP('',(#5627,#5628,#5629,#5630));
#5627 = ORIENTED_EDGE('',*,*,#2868,.T.);
#5628 = ORIENTED_EDGE('',*,*,#5597,.T.);
#5629 = ORIENTED_EDGE('',*,*,#1261,.F.);
#5630 = ORIENTED_EDGE('',*,*,#5612,.F.);
#5631 = PLANE('',#5632);
#5632 = AXIS2_PLACEMENT_3D('',#5633,#5634,#5635);
#5633 = CARTESIAN_POINT('',(116.081,58.694,-1.));
#5634 = DIRECTION('',(1.,0.,-0.));
#5635 = DIRECTION('',(0.,-1.,0.));
#5636 = ADVANCED_FACE('',(#5637),#5653,.T.);
#5637 = FACE_BOUND('',#5638,.T.);
#5638 = EDGE_LOOP('',(#5639,#5640,#5646,#5647));
#5639 = ORIENTED_EDGE('',*,*,#2884,.T.);
#5640 = ORIENTED_EDGE('',*,*,#5641,.T.);
#5641 = EDGE_CURVE('',#2887,#1280,#5642,.T.);
#5642 = LINE('',#5643,#5644);
#5643 = CARTESIAN_POINT('',(106.272,63.749,-1.));
#5644 = VECTOR('',#5645,1.);
#5645 = DIRECTION('',(0.,0.,1.));
#5646 = ORIENTED_EDGE('',*,*,#1277,.F.);
#5647 = ORIENTED_EDGE('',*,*,#5648,.F.);
#5648 = EDGE_CURVE('',#2885,#1278,#5649,.T.);
#5649 = LINE('',#5650,#5651);
#5650 = CARTESIAN_POINT('',(106.272,77.749,-1.));
#5651 = VECTOR('',#5652,1.);
#5652 = DIRECTION('',(0.,0.,1.));
#5653 = PLANE('',#5654);
#5654 = AXIS2_PLACEMENT_3D('',#5655,#5656,#5657);
#5655 = CARTESIAN_POINT('',(106.272,63.749,-1.));
#5656 = DIRECTION('',(-1.,0.,0.));
#5657 = DIRECTION('',(0.,1.,0.));
#5658 = ADVANCED_FACE('',(#5659),#5670,.T.);
#5659 = FACE_BOUND('',#5660,.T.);
#5660 = EDGE_LOOP('',(#5661,#5662,#5663,#5664));
#5661 = ORIENTED_EDGE('',*,*,#2910,.T.);
#5662 = ORIENTED_EDGE('',*,*,#5648,.T.);
#5663 = ORIENTED_EDGE('',*,*,#1303,.F.);
#5664 = ORIENTED_EDGE('',*,*,#5665,.F.);
#5665 = EDGE_CURVE('',#2903,#1296,#5666,.T.);
#5666 = LINE('',#5667,#5668);
#5667 = CARTESIAN_POINT('',(92.272,77.749,-1.));
#5668 = VECTOR('',#5669,1.);
#5669 = DIRECTION('',(0.,0.,1.));
#5670 = PLANE('',#5671);
#5671 = AXIS2_PLACEMENT_3D('',#5672,#5673,#5674);
#5672 = CARTESIAN_POINT('',(106.272,77.749,-1.));
#5673 = DIRECTION('',(0.,-1.,0.));
#5674 = DIRECTION('',(-1.,0.,0.));
#5675 = ADVANCED_FACE('',(#5676),#5687,.T.);
#5676 = FACE_BOUND('',#5677,.T.);
#5677 = EDGE_LOOP('',(#5678,#5679,#5685,#5686));
#5678 = ORIENTED_EDGE('',*,*,#2894,.T.);
#5679 = ORIENTED_EDGE('',*,*,#5680,.T.);
#5680 = EDGE_CURVE('',#2895,#1288,#5681,.T.);
#5681 = LINE('',#5682,#5683);
#5682 = CARTESIAN_POINT('',(92.272,63.749,-1.));
#5683 = VECTOR('',#5684,1.);
#5684 = DIRECTION('',(0.,0.,1.));
#5685 = ORIENTED_EDGE('',*,*,#1287,.F.);
#5686 = ORIENTED_EDGE('',*,*,#5641,.F.);
#5687 = PLANE('',#5688);
#5688 = AXIS2_PLACEMENT_3D('',#5689,#5690,#5691);
#5689 = CARTESIAN_POINT('',(92.272,63.749,-1.));
#5690 = DIRECTION('',(0.,1.,0.));
#5691 = DIRECTION('',(1.,0.,0.));
#5692 = ADVANCED_FACE('',(#5693),#5699,.T.);
#5693 = FACE_BOUND('',#5694,.T.);
#5694 = EDGE_LOOP('',(#5695,#5696,#5697,#5698));
#5695 = ORIENTED_EDGE('',*,*,#2902,.T.);
#5696 = ORIENTED_EDGE('',*,*,#5665,.T.);
#5697 = ORIENTED_EDGE('',*,*,#1295,.F.);
#5698 = ORIENTED_EDGE('',*,*,#5680,.F.);
#5699 = PLANE('',#5700);
#5700 = AXIS2_PLACEMENT_3D('',#5701,#5702,#5703);
#5701 = CARTESIAN_POINT('',(92.272,77.749,-1.));
#5702 = DIRECTION('',(1.,0.,-0.));
#5703 = DIRECTION('',(0.,-1.,0.));
#5704 = ADVANCED_FACE('',(#5705),#5721,.T.);
#5705 = FACE_BOUND('',#5706,.T.);
#5706 = EDGE_LOOP('',(#5707,#5708,#5714,#5715));
#5707 = ORIENTED_EDGE('',*,*,#2918,.T.);
#5708 = ORIENTED_EDGE('',*,*,#5709,.T.);
#5709 = EDGE_CURVE('',#2921,#1314,#5710,.T.);
#5710 = LINE('',#5711,#5712);
#5711 = CARTESIAN_POINT('',(125.323,63.749,-1.));
#5712 = VECTOR('',#5713,1.);
#5713 = DIRECTION('',(0.,0.,1.));
#5714 = ORIENTED_EDGE('',*,*,#1311,.F.);
#5715 = ORIENTED_EDGE('',*,*,#5716,.F.);
#5716 = EDGE_CURVE('',#2919,#1312,#5717,.T.);
#5717 = LINE('',#5718,#5719);
#5718 = CARTESIAN_POINT('',(125.323,77.749,-1.));
#5719 = VECTOR('',#5720,1.);
#5720 = DIRECTION('',(0.,0.,1.));
#5721 = PLANE('',#5722);
#5722 = AXIS2_PLACEMENT_3D('',#5723,#5724,#5725);
#5723 = CARTESIAN_POINT('',(125.323,63.749,-1.));
#5724 = DIRECTION('',(-1.,0.,0.));
#5725 = DIRECTION('',(0.,1.,0.));
#5726 = ADVANCED_FACE('',(#5727),#5738,.T.);
#5727 = FACE_BOUND('',#5728,.T.);
#5728 = EDGE_LOOP('',(#5729,#5730,#5731,#5732));
#5729 = ORIENTED_EDGE('',*,*,#2944,.T.);
#5730 = ORIENTED_EDGE('',*,*,#5716,.T.);
#5731 = ORIENTED_EDGE('',*,*,#1337,.F.);
#5732 = ORIENTED_EDGE('',*,*,#5733,.F.);
#5733 = EDGE_CURVE('',#2937,#1330,#5734,.T.);
#5734 = LINE('',#5735,#5736);
#5735 = CARTESIAN_POINT('',(111.323,77.749,-1.));
#5736 = VECTOR('',#5737,1.);
#5737 = DIRECTION('',(0.,0.,1.));
#5738 = PLANE('',#5739);
#5739 = AXIS2_PLACEMENT_3D('',#5740,#5741,#5742);
#5740 = CARTESIAN_POINT('',(125.323,77.749,-1.));
#5741 = DIRECTION('',(0.,-1.,0.));
#5742 = DIRECTION('',(-1.,0.,0.));
#5743 = ADVANCED_FACE('',(#5744),#5755,.T.);
#5744 = FACE_BOUND('',#5745,.T.);
#5745 = EDGE_LOOP('',(#5746,#5747,#5753,#5754));
#5746 = ORIENTED_EDGE('',*,*,#2928,.T.);
#5747 = ORIENTED_EDGE('',*,*,#5748,.T.);
#5748 = EDGE_CURVE('',#2929,#1322,#5749,.T.);
#5749 = LINE('',#5750,#5751);
#5750 = CARTESIAN_POINT('',(111.323,63.749,-1.));
#5751 = VECTOR('',#5752,1.);
#5752 = DIRECTION('',(0.,0.,1.));
#5753 = ORIENTED_EDGE('',*,*,#1321,.F.);
#5754 = ORIENTED_EDGE('',*,*,#5709,.F.);
#5755 = PLANE('',#5756);
#5756 = AXIS2_PLACEMENT_3D('',#5757,#5758,#5759);
#5757 = CARTESIAN_POINT('',(111.323,63.749,-1.));
#5758 = DIRECTION('',(0.,1.,0.));
#5759 = DIRECTION('',(1.,0.,0.));
#5760 = ADVANCED_FACE('',(#5761),#5767,.T.);
#5761 = FACE_BOUND('',#5762,.T.);
#5762 = EDGE_LOOP('',(#5763,#5764,#5765,#5766));
#5763 = ORIENTED_EDGE('',*,*,#2936,.T.);
#5764 = ORIENTED_EDGE('',*,*,#5733,.T.);
#5765 = ORIENTED_EDGE('',*,*,#1329,.F.);
#5766 = ORIENTED_EDGE('',*,*,#5748,.F.);
#5767 = PLANE('',#5768);
#5768 = AXIS2_PLACEMENT_3D('',#5769,#5770,#5771);
#5769 = CARTESIAN_POINT('',(111.323,77.749,-1.));
#5770 = DIRECTION('',(1.,0.,-0.));
#5771 = DIRECTION('',(0.,-1.,0.));
#5772 = ADVANCED_FACE('',(#5773),#5789,.T.);
#5773 = FACE_BOUND('',#5774,.T.);
#5774 = EDGE_LOOP('',(#5775,#5776,#5782,#5783));
#5775 = ORIENTED_EDGE('',*,*,#2952,.T.);
#5776 = ORIENTED_EDGE('',*,*,#5777,.T.);
#5777 = EDGE_CURVE('',#2955,#1348,#5778,.T.);
#5778 = LINE('',#5779,#5780);
#5779 = CARTESIAN_POINT('',(144.374,63.749,-1.));
#5780 = VECTOR('',#5781,1.);
#5781 = DIRECTION('',(0.,0.,1.));
#5782 = ORIENTED_EDGE('',*,*,#1345,.F.);
#5783 = ORIENTED_EDGE('',*,*,#5784,.F.);
#5784 = EDGE_CURVE('',#2953,#1346,#5785,.T.);
#5785 = LINE('',#5786,#5787);
#5786 = CARTESIAN_POINT('',(144.374,77.749,-1.));
#5787 = VECTOR('',#5788,1.);
#5788 = DIRECTION('',(0.,0.,1.));
#5789 = PLANE('',#5790);
#5790 = AXIS2_PLACEMENT_3D('',#5791,#5792,#5793);
#5791 = CARTESIAN_POINT('',(144.374,63.749,-1.));
#5792 = DIRECTION('',(-1.,0.,0.));
#5793 = DIRECTION('',(0.,1.,0.));
#5794 = ADVANCED_FACE('',(#5795),#5806,.T.);
#5795 = FACE_BOUND('',#5796,.T.);
#5796 = EDGE_LOOP('',(#5797,#5798,#5799,#5800));
#5797 = ORIENTED_EDGE('',*,*,#2978,.T.);
#5798 = ORIENTED_EDGE('',*,*,#5784,.T.);
#5799 = ORIENTED_EDGE('',*,*,#1371,.F.);
#5800 = ORIENTED_EDGE('',*,*,#5801,.F.);
#5801 = EDGE_CURVE('',#2971,#1364,#5802,.T.);
#5802 = LINE('',#5803,#5804);
#5803 = CARTESIAN_POINT('',(130.374,77.749,-1.));
#5804 = VECTOR('',#5805,1.);
#5805 = DIRECTION('',(0.,0.,1.));
#5806 = PLANE('',#5807);
#5807 = AXIS2_PLACEMENT_3D('',#5808,#5809,#5810);
#5808 = CARTESIAN_POINT('',(144.374,77.749,-1.));
#5809 = DIRECTION('',(0.,-1.,0.));
#5810 = DIRECTION('',(-1.,0.,0.));
#5811 = ADVANCED_FACE('',(#5812),#5823,.T.);
#5812 = FACE_BOUND('',#5813,.T.);
#5813 = EDGE_LOOP('',(#5814,#5815,#5821,#5822));
#5814 = ORIENTED_EDGE('',*,*,#2962,.T.);
#5815 = ORIENTED_EDGE('',*,*,#5816,.T.);
#5816 = EDGE_CURVE('',#2963,#1356,#5817,.T.);
#5817 = LINE('',#5818,#5819);
#5818 = CARTESIAN_POINT('',(130.374,63.749,-1.));
#5819 = VECTOR('',#5820,1.);
#5820 = DIRECTION('',(0.,0.,1.));
#5821 = ORIENTED_EDGE('',*,*,#1355,.F.);
#5822 = ORIENTED_EDGE('',*,*,#5777,.F.);
#5823 = PLANE('',#5824);
#5824 = AXIS2_PLACEMENT_3D('',#5825,#5826,#5827);
#5825 = CARTESIAN_POINT('',(130.374,63.749,-1.));
#5826 = DIRECTION('',(0.,1.,0.));
#5827 = DIRECTION('',(1.,0.,0.));
#5828 = ADVANCED_FACE('',(#5829),#5835,.T.);
#5829 = FACE_BOUND('',#5830,.T.);
#5830 = EDGE_LOOP('',(#5831,#5832,#5833,#5834));
#5831 = ORIENTED_EDGE('',*,*,#2970,.T.);
#5832 = ORIENTED_EDGE('',*,*,#5801,.T.);
#5833 = ORIENTED_EDGE('',*,*,#1363,.F.);
#5834 = ORIENTED_EDGE('',*,*,#5816,.F.);
#5835 = PLANE('',#5836);
#5836 = AXIS2_PLACEMENT_3D('',#5837,#5838,#5839);
#5837 = CARTESIAN_POINT('',(130.374,77.749,-1.));
#5838 = DIRECTION('',(1.,0.,-0.));
#5839 = DIRECTION('',(0.,-1.,0.));
#5840 = ADVANCED_FACE('',(#5841),#5857,.T.);
#5841 = FACE_BOUND('',#5842,.T.);
#5842 = EDGE_LOOP('',(#5843,#5844,#5850,#5851));
#5843 = ORIENTED_EDGE('',*,*,#2986,.T.);
#5844 = ORIENTED_EDGE('',*,*,#5845,.T.);
#5845 = EDGE_CURVE('',#2989,#1382,#5846,.T.);
#5846 = LINE('',#5847,#5848);
#5847 = CARTESIAN_POINT('',(191.993,44.694,-1.));
#5848 = VECTOR('',#5849,1.);
#5849 = DIRECTION('',(0.,0.,1.));
#5850 = ORIENTED_EDGE('',*,*,#1379,.F.);
#5851 = ORIENTED_EDGE('',*,*,#5852,.F.);
#5852 = EDGE_CURVE('',#2987,#1380,#5853,.T.);
#5853 = LINE('',#5854,#5855);
#5854 = CARTESIAN_POINT('',(191.993,58.694,-1.));
#5855 = VECTOR('',#5856,1.);
#5856 = DIRECTION('',(0.,0.,1.));
#5857 = PLANE('',#5858);
#5858 = AXIS2_PLACEMENT_3D('',#5859,#5860,#5861);
#5859 = CARTESIAN_POINT('',(191.993,44.694,-1.));
#5860 = DIRECTION('',(-1.,0.,0.));
#5861 = DIRECTION('',(0.,1.,0.));
#5862 = ADVANCED_FACE('',(#5863),#5874,.T.);
#5863 = FACE_BOUND('',#5864,.T.);
#5864 = EDGE_LOOP('',(#5865,#5866,#5867,#5868));
#5865 = ORIENTED_EDGE('',*,*,#3012,.T.);
#5866 = ORIENTED_EDGE('',*,*,#5852,.T.);
#5867 = ORIENTED_EDGE('',*,*,#1405,.F.);
#5868 = ORIENTED_EDGE('',*,*,#5869,.F.);
#5869 = EDGE_CURVE('',#3005,#1398,#5870,.T.);
#5870 = LINE('',#5871,#5872);
#5871 = CARTESIAN_POINT('',(177.993,58.694,-1.));
#5872 = VECTOR('',#5873,1.);
#5873 = DIRECTION('',(0.,0.,1.));
#5874 = PLANE('',#5875);
#5875 = AXIS2_PLACEMENT_3D('',#5876,#5877,#5878);
#5876 = CARTESIAN_POINT('',(191.993,58.694,-1.));
#5877 = DIRECTION('',(0.,-1.,0.));
#5878 = DIRECTION('',(-1.,0.,0.));
#5879 = ADVANCED_FACE('',(#5880),#5891,.T.);
#5880 = FACE_BOUND('',#5881,.T.);
#5881 = EDGE_LOOP('',(#5882,#5883,#5889,#5890));
#5882 = ORIENTED_EDGE('',*,*,#2996,.T.);
#5883 = ORIENTED_EDGE('',*,*,#5884,.T.);
#5884 = EDGE_CURVE('',#2997,#1390,#5885,.T.);
#5885 = LINE('',#5886,#5887);
#5886 = CARTESIAN_POINT('',(177.993,44.694,-1.));
#5887 = VECTOR('',#5888,1.);
#5888 = DIRECTION('',(0.,0.,1.));
#5889 = ORIENTED_EDGE('',*,*,#1389,.F.);
#5890 = ORIENTED_EDGE('',*,*,#5845,.F.);
#5891 = PLANE('',#5892);
#5892 = AXIS2_PLACEMENT_3D('',#5893,#5894,#5895);
#5893 = CARTESIAN_POINT('',(177.993,44.694,-1.));
#5894 = DIRECTION('',(0.,1.,0.));
#5895 = DIRECTION('',(1.,0.,0.));
#5896 = ADVANCED_FACE('',(#5897),#5903,.T.);
#5897 = FACE_BOUND('',#5898,.T.);
#5898 = EDGE_LOOP('',(#5899,#5900,#5901,#5902));
#5899 = ORIENTED_EDGE('',*,*,#3004,.T.);
#5900 = ORIENTED_EDGE('',*,*,#5869,.T.);
#5901 = ORIENTED_EDGE('',*,*,#1397,.F.);
#5902 = ORIENTED_EDGE('',*,*,#5884,.F.);
#5903 = PLANE('',#5904);
#5904 = AXIS2_PLACEMENT_3D('',#5905,#5906,#5907);
#5905 = CARTESIAN_POINT('',(177.993,58.694,-1.));
#5906 = DIRECTION('',(1.,0.,-0.));
#5907 = DIRECTION('',(0.,-1.,0.));
#5908 = ADVANCED_FACE('',(#5909),#5925,.T.);
#5909 = FACE_BOUND('',#5910,.T.);
#5910 = EDGE_LOOP('',(#5911,#5912,#5918,#5919));
#5911 = ORIENTED_EDGE('',*,*,#3020,.T.);
#5912 = ORIENTED_EDGE('',*,*,#5913,.T.);
#5913 = EDGE_CURVE('',#3023,#1416,#5914,.T.);
#5914 = LINE('',#5915,#5916);
#5915 = CARTESIAN_POINT('',(168.18,63.743,-1.));
#5916 = VECTOR('',#5917,1.);
#5917 = DIRECTION('',(0.,0.,1.));
#5918 = ORIENTED_EDGE('',*,*,#1413,.F.);
#5919 = ORIENTED_EDGE('',*,*,#5920,.F.);
#5920 = EDGE_CURVE('',#3021,#1414,#5921,.T.);
#5921 = LINE('',#5922,#5923);
#5922 = CARTESIAN_POINT('',(168.18,77.743,-1.));
#5923 = VECTOR('',#5924,1.);
#5924 = DIRECTION('',(0.,0.,1.));
#5925 = PLANE('',#5926);
#5926 = AXIS2_PLACEMENT_3D('',#5927,#5928,#5929);
#5927 = CARTESIAN_POINT('',(168.18,63.743,-1.));
#5928 = DIRECTION('',(-1.,0.,0.));
#5929 = DIRECTION('',(0.,1.,0.));
#5930 = ADVANCED_FACE('',(#5931),#5942,.T.);
#5931 = FACE_BOUND('',#5932,.T.);
#5932 = EDGE_LOOP('',(#5933,#5934,#5935,#5936));
#5933 = ORIENTED_EDGE('',*,*,#3046,.T.);
#5934 = ORIENTED_EDGE('',*,*,#5920,.T.);
#5935 = ORIENTED_EDGE('',*,*,#1439,.F.);
#5936 = ORIENTED_EDGE('',*,*,#5937,.F.);
#5937 = EDGE_CURVE('',#3039,#1432,#5938,.T.);
#5938 = LINE('',#5939,#5940);
#5939 = CARTESIAN_POINT('',(154.18,77.743,-1.));
#5940 = VECTOR('',#5941,1.);
#5941 = DIRECTION('',(0.,0.,1.));
#5942 = PLANE('',#5943);
#5943 = AXIS2_PLACEMENT_3D('',#5944,#5945,#5946);
#5944 = CARTESIAN_POINT('',(168.18,77.743,-1.));
#5945 = DIRECTION('',(0.,-1.,0.));
#5946 = DIRECTION('',(-1.,0.,0.));
#5947 = ADVANCED_FACE('',(#5948),#5959,.T.);
#5948 = FACE_BOUND('',#5949,.T.);
#5949 = EDGE_LOOP('',(#5950,#5951,#5957,#5958));
#5950 = ORIENTED_EDGE('',*,*,#3030,.T.);
#5951 = ORIENTED_EDGE('',*,*,#5952,.T.);
#5952 = EDGE_CURVE('',#3031,#1424,#5953,.T.);
#5953 = LINE('',#5954,#5955);
#5954 = CARTESIAN_POINT('',(154.18,63.743,-1.));
#5955 = VECTOR('',#5956,1.);
#5956 = DIRECTION('',(0.,0.,1.));
#5957 = ORIENTED_EDGE('',*,*,#1423,.F.);
#5958 = ORIENTED_EDGE('',*,*,#5913,.F.);
#5959 = PLANE('',#5960);
#5960 = AXIS2_PLACEMENT_3D('',#5961,#5962,#5963);
#5961 = CARTESIAN_POINT('',(154.18,63.743,-1.));
#5962 = DIRECTION('',(0.,1.,0.));
#5963 = DIRECTION('',(1.,0.,0.));
#5964 = ADVANCED_FACE('',(#5965),#5971,.T.);
#5965 = FACE_BOUND('',#5966,.T.);
#5966 = EDGE_LOOP('',(#5967,#5968,#5969,#5970));
#5967 = ORIENTED_EDGE('',*,*,#3038,.T.);
#5968 = ORIENTED_EDGE('',*,*,#5937,.T.);
#5969 = ORIENTED_EDGE('',*,*,#1431,.F.);
#5970 = ORIENTED_EDGE('',*,*,#5952,.F.);
#5971 = PLANE('',#5972);
#5972 = AXIS2_PLACEMENT_3D('',#5973,#5974,#5975);
#5973 = CARTESIAN_POINT('',(154.18,77.743,-1.));
#5974 = DIRECTION('',(1.,0.,-0.));
#5975 = DIRECTION('',(0.,-1.,0.));
#5976 = ADVANCED_FACE('',(#5977),#5993,.T.);
#5977 = FACE_BOUND('',#5978,.T.);
#5978 = EDGE_LOOP('',(#5979,#5980,#5986,#5987));
#5979 = ORIENTED_EDGE('',*,*,#3054,.T.);
#5980 = ORIENTED_EDGE('',*,*,#5981,.T.);
#5981 = EDGE_CURVE('',#3057,#1450,#5982,.T.);
#5982 = LINE('',#5983,#5984);
#5983 = CARTESIAN_POINT('',(191.993,63.743,-1.));
#5984 = VECTOR('',#5985,1.);
#5985 = DIRECTION('',(0.,0.,1.));
#5986 = ORIENTED_EDGE('',*,*,#1447,.F.);
#5987 = ORIENTED_EDGE('',*,*,#5988,.F.);
#5988 = EDGE_CURVE('',#3055,#1448,#5989,.T.);
#5989 = LINE('',#5990,#5991);
#5990 = CARTESIAN_POINT('',(191.993,77.743,-1.));
#5991 = VECTOR('',#5992,1.);
#5992 = DIRECTION('',(0.,0.,1.));
#5993 = PLANE('',#5994);
#5994 = AXIS2_PLACEMENT_3D('',#5995,#5996,#5997);
#5995 = CARTESIAN_POINT('',(191.993,63.743,-1.));
#5996 = DIRECTION('',(-1.,0.,0.));
#5997 = DIRECTION('',(0.,1.,0.));
#5998 = ADVANCED_FACE('',(#5999),#6010,.T.);
#5999 = FACE_BOUND('',#6000,.T.);
#6000 = EDGE_LOOP('',(#6001,#6002,#6003,#6004));
#6001 = ORIENTED_EDGE('',*,*,#3080,.T.);
#6002 = ORIENTED_EDGE('',*,*,#5988,.T.);
#6003 = ORIENTED_EDGE('',*,*,#1473,.F.);
#6004 = ORIENTED_EDGE('',*,*,#6005,.F.);
#6005 = EDGE_CURVE('',#3073,#1466,#6006,.T.);
#6006 = LINE('',#6007,#6008);
#6007 = CARTESIAN_POINT('',(177.993,77.743,-1.));
#6008 = VECTOR('',#6009,1.);
#6009 = DIRECTION('',(0.,0.,1.));
#6010 = PLANE('',#6011);
#6011 = AXIS2_PLACEMENT_3D('',#6012,#6013,#6014);
#6012 = CARTESIAN_POINT('',(191.993,77.743,-1.));
#6013 = DIRECTION('',(0.,-1.,0.));
#6014 = DIRECTION('',(-1.,0.,0.));
#6015 = ADVANCED_FACE('',(#6016),#6027,.T.);
#6016 = FACE_BOUND('',#6017,.T.);
#6017 = EDGE_LOOP('',(#6018,#6019,#6025,#6026));
#6018 = ORIENTED_EDGE('',*,*,#3064,.T.);
#6019 = ORIENTED_EDGE('',*,*,#6020,.T.);
#6020 = EDGE_CURVE('',#3065,#1458,#6021,.T.);
#6021 = LINE('',#6022,#6023);
#6022 = CARTESIAN_POINT('',(177.993,63.743,-1.));
#6023 = VECTOR('',#6024,1.);
#6024 = DIRECTION('',(0.,0.,1.));
#6025 = ORIENTED_EDGE('',*,*,#1457,.F.);
#6026 = ORIENTED_EDGE('',*,*,#5981,.F.);
#6027 = PLANE('',#6028);
#6028 = AXIS2_PLACEMENT_3D('',#6029,#6030,#6031);
#6029 = CARTESIAN_POINT('',(177.993,63.743,-1.));
#6030 = DIRECTION('',(0.,1.,0.));
#6031 = DIRECTION('',(1.,0.,0.));
#6032 = ADVANCED_FACE('',(#6033),#6039,.T.);
#6033 = FACE_BOUND('',#6034,.T.);
#6034 = EDGE_LOOP('',(#6035,#6036,#6037,#6038));
#6035 = ORIENTED_EDGE('',*,*,#3072,.T.);
#6036 = ORIENTED_EDGE('',*,*,#6005,.T.);
#6037 = ORIENTED_EDGE('',*,*,#1465,.F.);
#6038 = ORIENTED_EDGE('',*,*,#6020,.F.);
#6039 = PLANE('',#6040);
#6040 = AXIS2_PLACEMENT_3D('',#6041,#6042,#6043);
#6041 = CARTESIAN_POINT('',(177.993,77.743,-1.));
#6042 = DIRECTION('',(1.,0.,-0.));
#6043 = DIRECTION('',(0.,-1.,0.));
#6044 = ADVANCED_FACE('',(#6045),#6061,.T.);
#6045 = FACE_BOUND('',#6046,.T.);
#6046 = EDGE_LOOP('',(#6047,#6048,#6054,#6055));
#6047 = ORIENTED_EDGE('',*,*,#3088,.T.);
#6048 = ORIENTED_EDGE('',*,*,#6049,.T.);
#6049 = EDGE_CURVE('',#3091,#1484,#6050,.T.);
#6050 = LINE('',#6051,#6052);
#6051 = CARTESIAN_POINT('',(115.792,82.793,-1.));
#6052 = VECTOR('',#6053,1.);
#6053 = DIRECTION('',(0.,0.,1.));
#6054 = ORIENTED_EDGE('',*,*,#1481,.F.);
#6055 = ORIENTED_EDGE('',*,*,#6056,.F.);
#6056 = EDGE_CURVE('',#3089,#1482,#6057,.T.);
#6057 = LINE('',#6058,#6059);
#6058 = CARTESIAN_POINT('',(115.792,96.793,-1.));
#6059 = VECTOR('',#6060,1.);
#6060 = DIRECTION('',(0.,0.,1.));
#6061 = PLANE('',#6062);
#6062 = AXIS2_PLACEMENT_3D('',#6063,#6064,#6065);
#6063 = CARTESIAN_POINT('',(115.792,82.793,-1.));
#6064 = DIRECTION('',(-1.,0.,0.));
#6065 = DIRECTION('',(0.,1.,0.));
#6066 = ADVANCED_FACE('',(#6067),#6078,.T.);
#6067 = FACE_BOUND('',#6068,.T.);
#6068 = EDGE_LOOP('',(#6069,#6070,#6071,#6072));
#6069 = ORIENTED_EDGE('',*,*,#3114,.T.);
#6070 = ORIENTED_EDGE('',*,*,#6056,.T.);
#6071 = ORIENTED_EDGE('',*,*,#1507,.F.);
#6072 = ORIENTED_EDGE('',*,*,#6073,.F.);
#6073 = EDGE_CURVE('',#3107,#1500,#6074,.T.);
#6074 = LINE('',#6075,#6076);
#6075 = CARTESIAN_POINT('',(101.792,96.793,-1.));
#6076 = VECTOR('',#6077,1.);
#6077 = DIRECTION('',(0.,0.,1.));
#6078 = PLANE('',#6079);
#6079 = AXIS2_PLACEMENT_3D('',#6080,#6081,#6082);
#6080 = CARTESIAN_POINT('',(115.792,96.793,-1.));
#6081 = DIRECTION('',(0.,-1.,0.));
#6082 = DIRECTION('',(-1.,0.,0.));
#6083 = ADVANCED_FACE('',(#6084),#6095,.T.);
#6084 = FACE_BOUND('',#6085,.T.);
#6085 = EDGE_LOOP('',(#6086,#6087,#6093,#6094));
#6086 = ORIENTED_EDGE('',*,*,#3098,.T.);
#6087 = ORIENTED_EDGE('',*,*,#6088,.T.);
#6088 = EDGE_CURVE('',#3099,#1492,#6089,.T.);
#6089 = LINE('',#6090,#6091);
#6090 = CARTESIAN_POINT('',(101.792,82.793,-1.));
#6091 = VECTOR('',#6092,1.);
#6092 = DIRECTION('',(0.,0.,1.));
#6093 = ORIENTED_EDGE('',*,*,#1491,.F.);
#6094 = ORIENTED_EDGE('',*,*,#6049,.F.);
#6095 = PLANE('',#6096);
#6096 = AXIS2_PLACEMENT_3D('',#6097,#6098,#6099);
#6097 = CARTESIAN_POINT('',(101.792,82.793,-1.));
#6098 = DIRECTION('',(0.,1.,0.));
#6099 = DIRECTION('',(1.,0.,0.));
#6100 = ADVANCED_FACE('',(#6101),#6107,.T.);
#6101 = FACE_BOUND('',#6102,.T.);
#6102 = EDGE_LOOP('',(#6103,#6104,#6105,#6106));
#6103 = ORIENTED_EDGE('',*,*,#3106,.T.);
#6104 = ORIENTED_EDGE('',*,*,#6073,.T.);
#6105 = ORIENTED_EDGE('',*,*,#1499,.F.);
#6106 = ORIENTED_EDGE('',*,*,#6088,.F.);
#6107 = PLANE('',#6108);
#6108 = AXIS2_PLACEMENT_3D('',#6109,#6110,#6111);
#6109 = CARTESIAN_POINT('',(101.792,96.793,-1.));
#6110 = DIRECTION('',(1.,0.,-0.));
#6111 = DIRECTION('',(0.,-1.,0.));
#6112 = ADVANCED_FACE('',(#6113),#6129,.T.);
#6113 = FACE_BOUND('',#6114,.T.);
#6114 = EDGE_LOOP('',(#6115,#6116,#6122,#6123));
#6115 = ORIENTED_EDGE('',*,*,#3122,.T.);
#6116 = ORIENTED_EDGE('',*,*,#6117,.T.);
#6117 = EDGE_CURVE('',#3125,#1518,#6118,.T.);
#6118 = LINE('',#6119,#6120);
#6119 = CARTESIAN_POINT('',(134.842,82.793,-1.));
#6120 = VECTOR('',#6121,1.);
#6121 = DIRECTION('',(0.,0.,1.));
#6122 = ORIENTED_EDGE('',*,*,#1515,.F.);
#6123 = ORIENTED_EDGE('',*,*,#6124,.F.);
#6124 = EDGE_CURVE('',#3123,#1516,#6125,.T.);
#6125 = LINE('',#6126,#6127);
#6126 = CARTESIAN_POINT('',(134.842,96.793,-1.));
#6127 = VECTOR('',#6128,1.);
#6128 = DIRECTION('',(0.,0.,1.));
#6129 = PLANE('',#6130);
#6130 = AXIS2_PLACEMENT_3D('',#6131,#6132,#6133);
#6131 = CARTESIAN_POINT('',(134.842,82.793,-1.));
#6132 = DIRECTION('',(-1.,0.,0.));
#6133 = DIRECTION('',(0.,1.,0.));
#6134 = ADVANCED_FACE('',(#6135),#6146,.T.);
#6135 = FACE_BOUND('',#6136,.T.);
#6136 = EDGE_LOOP('',(#6137,#6138,#6139,#6140));
#6137 = ORIENTED_EDGE('',*,*,#3148,.T.);
#6138 = ORIENTED_EDGE('',*,*,#6124,.T.);
#6139 = ORIENTED_EDGE('',*,*,#1541,.F.);
#6140 = ORIENTED_EDGE('',*,*,#6141,.F.);
#6141 = EDGE_CURVE('',#3141,#1534,#6142,.T.);
#6142 = LINE('',#6143,#6144);
#6143 = CARTESIAN_POINT('',(120.842,96.793,-1.));
#6144 = VECTOR('',#6145,1.);
#6145 = DIRECTION('',(0.,0.,1.));
#6146 = PLANE('',#6147);
#6147 = AXIS2_PLACEMENT_3D('',#6148,#6149,#6150);
#6148 = CARTESIAN_POINT('',(134.842,96.793,-1.));
#6149 = DIRECTION('',(0.,-1.,0.));
#6150 = DIRECTION('',(-1.,0.,0.));
#6151 = ADVANCED_FACE('',(#6152),#6163,.T.);
#6152 = FACE_BOUND('',#6153,.T.);
#6153 = EDGE_LOOP('',(#6154,#6155,#6161,#6162));
#6154 = ORIENTED_EDGE('',*,*,#3132,.T.);
#6155 = ORIENTED_EDGE('',*,*,#6156,.T.);
#6156 = EDGE_CURVE('',#3133,#1526,#6157,.T.);
#6157 = LINE('',#6158,#6159);
#6158 = CARTESIAN_POINT('',(120.842,82.793,-1.));
#6159 = VECTOR('',#6160,1.);
#6160 = DIRECTION('',(0.,0.,1.));
#6161 = ORIENTED_EDGE('',*,*,#1525,.F.);
#6162 = ORIENTED_EDGE('',*,*,#6117,.F.);
#6163 = PLANE('',#6164);
#6164 = AXIS2_PLACEMENT_3D('',#6165,#6166,#6167);
#6165 = CARTESIAN_POINT('',(120.842,82.793,-1.));
#6166 = DIRECTION('',(0.,1.,0.));
#6167 = DIRECTION('',(1.,0.,0.));
#6168 = ADVANCED_FACE('',(#6169),#6175,.T.);
#6169 = FACE_BOUND('',#6170,.T.);
#6170 = EDGE_LOOP('',(#6171,#6172,#6173,#6174));
#6171 = ORIENTED_EDGE('',*,*,#3140,.T.);
#6172 = ORIENTED_EDGE('',*,*,#6141,.T.);
#6173 = ORIENTED_EDGE('',*,*,#1533,.F.);
#6174 = ORIENTED_EDGE('',*,*,#6156,.F.);
#6175 = PLANE('',#6176);
#6176 = AXIS2_PLACEMENT_3D('',#6177,#6178,#6179);
#6177 = CARTESIAN_POINT('',(120.842,96.793,-1.));
#6178 = DIRECTION('',(1.,0.,-0.));
#6179 = DIRECTION('',(0.,-1.,0.));
#6180 = ADVANCED_FACE('',(#6181),#6197,.T.);
#6181 = FACE_BOUND('',#6182,.T.);
#6182 = EDGE_LOOP('',(#6183,#6184,#6190,#6191));
#6183 = ORIENTED_EDGE('',*,*,#3156,.T.);
#6184 = ORIENTED_EDGE('',*,*,#6185,.T.);
#6185 = EDGE_CURVE('',#3159,#1552,#6186,.T.);
#6186 = LINE('',#6187,#6188);
#6187 = CARTESIAN_POINT('',(163.417,82.794,-1.));
#6188 = VECTOR('',#6189,1.);
#6189 = DIRECTION('',(0.,0.,1.));
#6190 = ORIENTED_EDGE('',*,*,#1549,.F.);
#6191 = ORIENTED_EDGE('',*,*,#6192,.F.);
#6192 = EDGE_CURVE('',#3157,#1550,#6193,.T.);
#6193 = LINE('',#6194,#6195);
#6194 = CARTESIAN_POINT('',(163.417,96.794,-1.));
#6195 = VECTOR('',#6196,1.);
#6196 = DIRECTION('',(0.,0.,1.));
#6197 = PLANE('',#6198);
#6198 = AXIS2_PLACEMENT_3D('',#6199,#6200,#6201);
#6199 = CARTESIAN_POINT('',(163.417,82.794,-1.));
#6200 = DIRECTION('',(-1.,0.,0.));
#6201 = DIRECTION('',(0.,1.,0.));
#6202 = ADVANCED_FACE('',(#6203),#6214,.T.);
#6203 = FACE_BOUND('',#6204,.T.);
#6204 = EDGE_LOOP('',(#6205,#6206,#6207,#6208));
#6205 = ORIENTED_EDGE('',*,*,#3182,.T.);
#6206 = ORIENTED_EDGE('',*,*,#6192,.T.);
#6207 = ORIENTED_EDGE('',*,*,#1575,.F.);
#6208 = ORIENTED_EDGE('',*,*,#6209,.F.);
#6209 = EDGE_CURVE('',#3175,#1568,#6210,.T.);
#6210 = LINE('',#6211,#6212);
#6211 = CARTESIAN_POINT('',(149.417,96.794,-1.));
#6212 = VECTOR('',#6213,1.);
#6213 = DIRECTION('',(0.,0.,1.));
#6214 = PLANE('',#6215);
#6215 = AXIS2_PLACEMENT_3D('',#6216,#6217,#6218);
#6216 = CARTESIAN_POINT('',(163.417,96.794,-1.));
#6217 = DIRECTION('',(0.,-1.,0.));
#6218 = DIRECTION('',(-1.,0.,0.));
#6219 = ADVANCED_FACE('',(#6220),#6231,.T.);
#6220 = FACE_BOUND('',#6221,.T.);
#6221 = EDGE_LOOP('',(#6222,#6223,#6229,#6230));
#6222 = ORIENTED_EDGE('',*,*,#3166,.T.);
#6223 = ORIENTED_EDGE('',*,*,#6224,.T.);
#6224 = EDGE_CURVE('',#3167,#1560,#6225,.T.);
#6225 = LINE('',#6226,#6227);
#6226 = CARTESIAN_POINT('',(149.417,82.794,-1.));
#6227 = VECTOR('',#6228,1.);
#6228 = DIRECTION('',(0.,0.,1.));
#6229 = ORIENTED_EDGE('',*,*,#1559,.F.);
#6230 = ORIENTED_EDGE('',*,*,#6185,.F.);
#6231 = PLANE('',#6232);
#6232 = AXIS2_PLACEMENT_3D('',#6233,#6234,#6235);
#6233 = CARTESIAN_POINT('',(149.417,82.794,-1.));
#6234 = DIRECTION('',(0.,1.,0.));
#6235 = DIRECTION('',(1.,0.,0.));
#6236 = ADVANCED_FACE('',(#6237),#6243,.T.);
#6237 = FACE_BOUND('',#6238,.T.);
#6238 = EDGE_LOOP('',(#6239,#6240,#6241,#6242));
#6239 = ORIENTED_EDGE('',*,*,#3174,.T.);
#6240 = ORIENTED_EDGE('',*,*,#6209,.T.);
#6241 = ORIENTED_EDGE('',*,*,#1567,.F.);
#6242 = ORIENTED_EDGE('',*,*,#6224,.F.);
#6243 = PLANE('',#6244);
#6244 = AXIS2_PLACEMENT_3D('',#6245,#6246,#6247);
#6245 = CARTESIAN_POINT('',(149.417,96.794,-1.));
#6246 = DIRECTION('',(1.,0.,-0.));
#6247 = DIRECTION('',(0.,-1.,0.));
#6248 = ADVANCED_FACE('',(#6249),#6265,.T.);
#6249 = FACE_BOUND('',#6250,.T.);
#6250 = EDGE_LOOP('',(#6251,#6252,#6258,#6259));
#6251 = ORIENTED_EDGE('',*,*,#3190,.T.);
#6252 = ORIENTED_EDGE('',*,*,#6253,.T.);
#6253 = EDGE_CURVE('',#3193,#1586,#6254,.T.);
#6254 = LINE('',#6255,#6256);
#6255 = CARTESIAN_POINT('',(191.993,82.794,-1.));
#6256 = VECTOR('',#6257,1.);
#6257 = DIRECTION('',(0.,0.,1.));
#6258 = ORIENTED_EDGE('',*,*,#1583,.F.);
#6259 = ORIENTED_EDGE('',*,*,#6260,.F.);
#6260 = EDGE_CURVE('',#3191,#1584,#6261,.T.);
#6261 = LINE('',#6262,#6263);
#6262 = CARTESIAN_POINT('',(191.993,96.794,-1.));
#6263 = VECTOR('',#6264,1.);
#6264 = DIRECTION('',(0.,0.,1.));
#6265 = PLANE('',#6266);
#6266 = AXIS2_PLACEMENT_3D('',#6267,#6268,#6269);
#6267 = CARTESIAN_POINT('',(191.993,82.794,-1.));
#6268 = DIRECTION('',(-1.,0.,0.));
#6269 = DIRECTION('',(0.,1.,0.));
#6270 = ADVANCED_FACE('',(#6271),#6282,.T.);
#6271 = FACE_BOUND('',#6272,.T.);
#6272 = EDGE_LOOP('',(#6273,#6274,#6275,#6276));
#6273 = ORIENTED_EDGE('',*,*,#3216,.T.);
#6274 = ORIENTED_EDGE('',*,*,#6260,.T.);
#6275 = ORIENTED_EDGE('',*,*,#1609,.F.);
#6276 = ORIENTED_EDGE('',*,*,#6277,.F.);
#6277 = EDGE_CURVE('',#3209,#1602,#6278,.T.);
#6278 = LINE('',#6279,#6280);
#6279 = CARTESIAN_POINT('',(177.993,96.794,-1.));
#6280 = VECTOR('',#6281,1.);
#6281 = DIRECTION('',(0.,0.,1.));
#6282 = PLANE('',#6283);
#6283 = AXIS2_PLACEMENT_3D('',#6284,#6285,#6286);
#6284 = CARTESIAN_POINT('',(191.993,96.794,-1.));
#6285 = DIRECTION('',(0.,-1.,0.));
#6286 = DIRECTION('',(-1.,0.,0.));
#6287 = ADVANCED_FACE('',(#6288),#6299,.T.);
#6288 = FACE_BOUND('',#6289,.T.);
#6289 = EDGE_LOOP('',(#6290,#6291,#6297,#6298));
#6290 = ORIENTED_EDGE('',*,*,#3200,.T.);
#6291 = ORIENTED_EDGE('',*,*,#6292,.T.);
#6292 = EDGE_CURVE('',#3201,#1594,#6293,.T.);
#6293 = LINE('',#6294,#6295);
#6294 = CARTESIAN_POINT('',(177.993,82.794,-1.));
#6295 = VECTOR('',#6296,1.);
#6296 = DIRECTION('',(0.,0.,1.));
#6297 = ORIENTED_EDGE('',*,*,#1593,.F.);
#6298 = ORIENTED_EDGE('',*,*,#6253,.F.);
#6299 = PLANE('',#6300);
#6300 = AXIS2_PLACEMENT_3D('',#6301,#6302,#6303);
#6301 = CARTESIAN_POINT('',(177.993,82.794,-1.));
#6302 = DIRECTION('',(0.,1.,0.));
#6303 = DIRECTION('',(1.,0.,0.));
#6304 = ADVANCED_FACE('',(#6305),#6311,.T.);
#6305 = FACE_BOUND('',#6306,.T.);
#6306 = EDGE_LOOP('',(#6307,#6308,#6309,#6310));
#6307 = ORIENTED_EDGE('',*,*,#3208,.T.);
#6308 = ORIENTED_EDGE('',*,*,#6277,.T.);
#6309 = ORIENTED_EDGE('',*,*,#1601,.F.);
#6310 = ORIENTED_EDGE('',*,*,#6292,.F.);
#6311 = PLANE('',#6312);
#6312 = AXIS2_PLACEMENT_3D('',#6313,#6314,#6315);
#6313 = CARTESIAN_POINT('',(177.993,96.794,-1.));
#6314 = DIRECTION('',(1.,0.,-0.));
#6315 = DIRECTION('',(0.,-1.,0.));
#6316 = ADVANCED_FACE('',(#6317),#6336,.F.);
#6317 = FACE_BOUND('',#6318,.F.);
#6318 = EDGE_LOOP('',(#6319,#6320,#6328,#6335));
#6319 = ORIENTED_EDGE('',*,*,#1617,.F.);
#6320 = ORIENTED_EDGE('',*,*,#6321,.F.);
#6321 = EDGE_CURVE('',#6322,#1618,#6324,.T.);
#6322 = VERTEX_POINT('',#6323);
#6323 = CARTESIAN_POINT('',(198.66839725679,100.36720599441,1.49));
#6324 = LINE('',#6325,#6326);
#6325 = CARTESIAN_POINT('',(198.66839725679,100.36720599441,1.49));
#6326 = VECTOR('',#6327,1.);
#6327 = DIRECTION('',(0.,0.,1.));
#6328 = ORIENTED_EDGE('',*,*,#6329,.T.);
#6329 = EDGE_CURVE('',#6322,#6322,#6330,.T.);
#6330 = CIRCLE('',#6331,3.1);
#6331 = AXIS2_PLACEMENT_3D('',#6332,#6333,#6334);
#6332 = CARTESIAN_POINT('',(195.56839725679,100.36720599441,1.49));
#6333 = DIRECTION('',(0.,0.,1.));
#6334 = DIRECTION('',(1.,0.,-0.));
#6335 = ORIENTED_EDGE('',*,*,#6321,.T.);
#6336 = CYLINDRICAL_SURFACE('',#6337,3.1);
#6337 = AXIS2_PLACEMENT_3D('',#6338,#6339,#6340);
#6338 = CARTESIAN_POINT('',(195.56839725679,100.36720599441,1.49));
#6339 = DIRECTION('',(0.,0.,1.));
#6340 = DIRECTION('',(1.,0.,-0.));
#6341 = ADVANCED_FACE('',(#6342),#6361,.F.);
#6342 = FACE_BOUND('',#6343,.F.);
#6343 = EDGE_LOOP('',(#6344,#6352,#6359,#6360));
#6344 = ORIENTED_EDGE('',*,*,#6345,.T.);
#6345 = EDGE_CURVE('',#1730,#6346,#6348,.T.);
#6346 = VERTEX_POINT('',#6347);
#6347 = CARTESIAN_POINT('',(4.66808483617,3.018851917704,1.E-01));
#6348 = LINE('',#6349,#6350);
#6349 = CARTESIAN_POINT('',(4.66808483617,3.018851917704,-1.));
#6350 = VECTOR('',#6351,1.);
#6351 = DIRECTION('',(0.,0.,1.));
#6352 = ORIENTED_EDGE('',*,*,#6353,.F.);
#6353 = EDGE_CURVE('',#6346,#6346,#6354,.T.);
#6354 = CIRCLE('',#6355,1.7);
#6355 = AXIS2_PLACEMENT_3D('',#6356,#6357,#6358);
#6356 = CARTESIAN_POINT('',(2.96808483617,3.018851917704,1.E-01));
#6357 = DIRECTION('',(0.,0.,1.));
#6358 = DIRECTION('',(1.,0.,-0.));
#6359 = ORIENTED_EDGE('',*,*,#6345,.F.);
#6360 = ORIENTED_EDGE('',*,*,#1729,.T.);
#6361 = CYLINDRICAL_SURFACE('',#6362,1.7);
#6362 = AXIS2_PLACEMENT_3D('',#6363,#6364,#6365);
#6363 = CARTESIAN_POINT('',(2.96808483617,3.018851917704,-1.));
#6364 = DIRECTION('',(0.,0.,1.));
#6365 = DIRECTION('',(1.,0.,-0.));
#6366 = ADVANCED_FACE('',(#6367),#6386,.F.);
#6367 = FACE_BOUND('',#6368,.F.);
#6368 = EDGE_LOOP('',(#6369,#6377,#6384,#6385));
#6369 = ORIENTED_EDGE('',*,*,#6370,.T.);
#6370 = EDGE_CURVE('',#2149,#6371,#6373,.T.);
#6371 = VERTEX_POINT('',#6372);
#6372 = CARTESIAN_POINT('',(197.26839725679,3.018851917704,1.E-01));
#6373 = LINE('',#6374,#6375);
#6374 = CARTESIAN_POINT('',(197.26839725679,3.018851917704,-1.));
#6375 = VECTOR('',#6376,1.);
#6376 = DIRECTION('',(0.,0.,1.));
#6377 = ORIENTED_EDGE('',*,*,#6378,.F.);
#6378 = EDGE_CURVE('',#6371,#6371,#6379,.T.);
#6379 = CIRCLE('',#6380,1.7);
#6380 = AXIS2_PLACEMENT_3D('',#6381,#6382,#6383);
#6381 = CARTESIAN_POINT('',(195.56839725679,3.018851917704,1.E-01));
#6382 = DIRECTION('',(0.,0.,1.));
#6383 = DIRECTION('',(1.,0.,-0.));
#6384 = ORIENTED_EDGE('',*,*,#6370,.F.);
#6385 = ORIENTED_EDGE('',*,*,#2148,.T.);
#6386 = CYLINDRICAL_SURFACE('',#6387,1.7);
#6387 = AXIS2_PLACEMENT_3D('',#6388,#6389,#6390);
#6388 = CARTESIAN_POINT('',(195.56839725679,3.018851917704,-1.));
#6389 = DIRECTION('',(0.,0.,1.));
#6390 = DIRECTION('',(1.,0.,-0.));
#6391 = ADVANCED_FACE('',(#6392),#6411,.F.);
#6392 = FACE_BOUND('',#6393,.F.);
#6393 = EDGE_LOOP('',(#6394,#6402,#6409,#6410));
#6394 = ORIENTED_EDGE('',*,*,#6395,.T.);
#6395 = EDGE_CURVE('',#2670,#6396,#6398,.T.);
#6396 = VERTEX_POINT('',#6397);
#6397 = CARTESIAN_POINT('',(4.66808483617,100.36720599441,1.E-01));
#6398 = LINE('',#6399,#6400);
#6399 = CARTESIAN_POINT('',(4.66808483617,100.36720599441,-1.));
#6400 = VECTOR('',#6401,1.);
#6401 = DIRECTION('',(0.,0.,1.));
#6402 = ORIENTED_EDGE('',*,*,#6403,.F.);
#6403 = EDGE_CURVE('',#6396,#6396,#6404,.T.);
#6404 = CIRCLE('',#6405,1.7);
#6405 = AXIS2_PLACEMENT_3D('',#6406,#6407,#6408);
#6406 = CARTESIAN_POINT('',(2.96808483617,100.36720599441,1.E-01));
#6407 = DIRECTION('',(0.,0.,1.));
#6408 = DIRECTION('',(1.,0.,-0.));
#6409 = ORIENTED_EDGE('',*,*,#6395,.F.);
#6410 = ORIENTED_EDGE('',*,*,#2669,.T.);
#6411 = CYLINDRICAL_SURFACE('',#6412,1.7);
#6412 = AXIS2_PLACEMENT_3D('',#6413,#6414,#6415);
#6413 = CARTESIAN_POINT('',(2.96808483617,100.36720599441,-1.));
#6414 = DIRECTION('',(0.,0.,1.));
#6415 = DIRECTION('',(1.,0.,-0.));
#6416 = ADVANCED_FACE('',(#6417),#6436,.F.);
#6417 = FACE_BOUND('',#6418,.F.);
#6418 = EDGE_LOOP('',(#6419,#6427,#6434,#6435));
#6419 = ORIENTED_EDGE('',*,*,#6420,.T.);
#6420 = EDGE_CURVE('',#3225,#6421,#6423,.T.);
#6421 = VERTEX_POINT('',#6422);
#6422 = CARTESIAN_POINT('',(197.26839725679,100.36720599441,1.E-01));
#6423 = LINE('',#6424,#6425);
#6424 = CARTESIAN_POINT('',(197.26839725679,100.36720599441,-1.));
#6425 = VECTOR('',#6426,1.);
#6426 = DIRECTION('',(0.,0.,1.));
#6427 = ORIENTED_EDGE('',*,*,#6428,.F.);
#6428 = EDGE_CURVE('',#6421,#6421,#6429,.T.);
#6429 = CIRCLE('',#6430,1.7);
#6430 = AXIS2_PLACEMENT_3D('',#6431,#6432,#6433);
#6431 = CARTESIAN_POINT('',(195.56839725679,100.36720599441,1.E-01));
#6432 = DIRECTION('',(0.,0.,1.));
#6433 = DIRECTION('',(1.,0.,-0.));
#6434 = ORIENTED_EDGE('',*,*,#6420,.F.);
#6435 = ORIENTED_EDGE('',*,*,#3224,.T.);
#6436 = CYLINDRICAL_SURFACE('',#6437,1.7);
#6437 = AXIS2_PLACEMENT_3D('',#6438,#6439,#6440);
#6438 = CARTESIAN_POINT('',(195.56839725679,100.36720599441,-1.));
#6439 = DIRECTION('',(0.,0.,1.));
#6440 = DIRECTION('',(1.,0.,-0.));
#6441 = ADVANCED_FACE('',(#6442,#6445),#6456,.T.);
#6442 = FACE_BOUND('',#6443,.T.);
#6443 = EDGE_LOOP('',(#6444));
#6444 = ORIENTED_EDGE('',*,*,#3330,.T.);
#6445 = FACE_BOUND('',#6446,.T.);
#6446 = EDGE_LOOP('',(#6447));
#6447 = ORIENTED_EDGE('',*,*,#6448,.F.);
#6448 = EDGE_CURVE('',#6449,#6449,#6451,.T.);
#6449 = VERTEX_POINT('',#6450);
#6450 = CARTESIAN_POINT('',(6.05808483617,3.018851917704,1.49));
#6451 = CIRCLE('',#6452,3.09);
#6452 = AXIS2_PLACEMENT_3D('',#6453,#6454,#6455);
#6453 = CARTESIAN_POINT('',(2.96808483617,3.018851917704,1.49));
#6454 = DIRECTION('',(0.,0.,1.));
#6455 = DIRECTION('',(1.,0.,-0.));
#6456 = PLANE('',#6457);
#6457 = AXIS2_PLACEMENT_3D('',#6458,#6459,#6460);
#6458 = CARTESIAN_POINT('',(2.96808483617,3.018851917704,1.49));
#6459 = DIRECTION('',(0.,0.,1.));
#6460 = DIRECTION('',(1.,0.,-0.));
#6461 = ADVANCED_FACE('',(#6462,#6465),#6476,.T.);
#6462 = FACE_BOUND('',#6463,.T.);
#6463 = EDGE_LOOP('',(#6464));
#6464 = ORIENTED_EDGE('',*,*,#4103,.T.);
#6465 = FACE_BOUND('',#6466,.T.);
#6466 = EDGE_LOOP('',(#6467));
#6467 = ORIENTED_EDGE('',*,*,#6468,.F.);
#6468 = EDGE_CURVE('',#6469,#6469,#6471,.T.);
#6469 = VERTEX_POINT('',#6470);
#6470 = CARTESIAN_POINT('',(198.65839725679,3.018851917704,1.49));
#6471 = CIRCLE('',#6472,3.09);
#6472 = AXIS2_PLACEMENT_3D('',#6473,#6474,#6475);
#6473 = CARTESIAN_POINT('',(195.56839725679,3.018851917704,1.49));
#6474 = DIRECTION('',(0.,0.,1.));
#6475 = DIRECTION('',(1.,0.,-0.));
#6476 = PLANE('',#6477);
#6477 = AXIS2_PLACEMENT_3D('',#6478,#6479,#6480);
#6478 = CARTESIAN_POINT('',(195.56839725679,3.018851917704,1.49));
#6479 = DIRECTION('',(0.,0.,1.));
#6480 = DIRECTION('',(1.,0.,-0.));
#6481 = ADVANCED_FACE('',(#6482,#6485),#6496,.T.);
#6482 = FACE_BOUND('',#6483,.T.);
#6483 = EDGE_LOOP('',(#6484));
#6484 = ORIENTED_EDGE('',*,*,#5284,.T.);
#6485 = FACE_BOUND('',#6486,.T.);
#6486 = EDGE_LOOP('',(#6487));
#6487 = ORIENTED_EDGE('',*,*,#6488,.F.);
#6488 = EDGE_CURVE('',#6489,#6489,#6491,.T.);
#6489 = VERTEX_POINT('',#6490);
#6490 = CARTESIAN_POINT('',(6.05808483617,100.36720599441,1.49));
#6491 = CIRCLE('',#6492,3.09);
#6492 = AXIS2_PLACEMENT_3D('',#6493,#6494,#6495);
#6493 = CARTESIAN_POINT('',(2.96808483617,100.36720599441,1.49));
#6494 = DIRECTION('',(0.,0.,1.));
#6495 = DIRECTION('',(1.,0.,-0.));
#6496 = PLANE('',#6497);
#6497 = AXIS2_PLACEMENT_3D('',#6498,#6499,#6500);
#6498 = CARTESIAN_POINT('',(2.96808483617,100.36720599441,1.49));
#6499 = DIRECTION('',(0.,0.,1.));
#6500 = DIRECTION('',(1.,0.,-0.));
#6501 = ADVANCED_FACE('',(#6502,#6505),#6516,.T.);
#6502 = FACE_BOUND('',#6503,.T.);
#6503 = EDGE_LOOP('',(#6504));
#6504 = ORIENTED_EDGE('',*,*,#6329,.T.);
#6505 = FACE_BOUND('',#6506,.T.);
#6506 = EDGE_LOOP('',(#6507));
#6507 = ORIENTED_EDGE('',*,*,#6508,.F.);
#6508 = EDGE_CURVE('',#6509,#6509,#6511,.T.);
#6509 = VERTEX_POINT('',#6510);
#6510 = CARTESIAN_POINT('',(198.65839725679,100.36720599441,1.49));
#6511 = CIRCLE('',#6512,3.09);
#6512 = AXIS2_PLACEMENT_3D('',#6513,#6514,#6515);
#6513 = CARTESIAN_POINT('',(195.56839725679,100.36720599441,1.49));
#6514 = DIRECTION('',(0.,0.,1.));
#6515 = DIRECTION('',(1.,0.,-0.));
#6516 = PLANE('',#6517);
#6517 = AXIS2_PLACEMENT_3D('',#6518,#6519,#6520);
#6518 = CARTESIAN_POINT('',(195.56839725679,100.36720599441,1.49));
#6519 = DIRECTION('',(0.,0.,1.));
#6520 = DIRECTION('',(1.,0.,-0.));
#6521 = ADVANCED_FACE('',(#6522),#6533,.F.);
#6522 = FACE_BOUND('',#6523,.F.);
#6523 = EDGE_LOOP('',(#6524,#6525,#6531,#6532));
#6524 = ORIENTED_EDGE('',*,*,#6448,.F.);
#6525 = ORIENTED_EDGE('',*,*,#6526,.F.);
#6526 = EDGE_CURVE('',#6346,#6449,#6527,.T.);
#6527 = LINE('',#6528,#6529);
#6528 = CARTESIAN_POINT('',(4.66808483617,3.018851917704,1.E-01));
#6529 = VECTOR('',#6530,1.);
#6530 = DIRECTION('',(0.707106781187,-1.731912112471E-16,0.707106781187)
  );
#6531 = ORIENTED_EDGE('',*,*,#6353,.T.);
#6532 = ORIENTED_EDGE('',*,*,#6526,.T.);
#6533 = CONICAL_SURFACE('',#6534,1.7,0.785398163397);
#6534 = AXIS2_PLACEMENT_3D('',#6535,#6536,#6537);
#6535 = CARTESIAN_POINT('',(2.96808483617,3.018851917704,1.E-01));
#6536 = DIRECTION('',(0.,0.,1.));
#6537 = DIRECTION('',(1.,0.,-0.));
#6538 = ADVANCED_FACE('',(#6539),#6550,.F.);
#6539 = FACE_BOUND('',#6540,.F.);
#6540 = EDGE_LOOP('',(#6541,#6542,#6548,#6549));
#6541 = ORIENTED_EDGE('',*,*,#6468,.F.);
#6542 = ORIENTED_EDGE('',*,*,#6543,.F.);
#6543 = EDGE_CURVE('',#6371,#6469,#6544,.T.);
#6544 = LINE('',#6545,#6546);
#6545 = CARTESIAN_POINT('',(197.26839725679,3.018851917704,
    9.999999999999E-02));
#6546 = VECTOR('',#6547,1.);
#6547 = DIRECTION('',(0.707106781187,-1.731912112471E-16,0.707106781187)
  );
#6548 = ORIENTED_EDGE('',*,*,#6378,.T.);
#6549 = ORIENTED_EDGE('',*,*,#6543,.T.);
#6550 = CONICAL_SURFACE('',#6551,1.7,0.785398163397);
#6551 = AXIS2_PLACEMENT_3D('',#6552,#6553,#6554);
#6552 = CARTESIAN_POINT('',(195.56839725679,3.018851917704,1.E-01));
#6553 = DIRECTION('',(0.,0.,1.));
#6554 = DIRECTION('',(1.,0.,-0.));
#6555 = ADVANCED_FACE('',(#6556),#6567,.F.);
#6556 = FACE_BOUND('',#6557,.F.);
#6557 = EDGE_LOOP('',(#6558,#6559,#6565,#6566));
#6558 = ORIENTED_EDGE('',*,*,#6488,.F.);
#6559 = ORIENTED_EDGE('',*,*,#6560,.F.);
#6560 = EDGE_CURVE('',#6396,#6489,#6561,.T.);
#6561 = LINE('',#6562,#6563);
#6562 = CARTESIAN_POINT('',(4.66808483617,100.36720599441,1.E-01));
#6563 = VECTOR('',#6564,1.);
#6564 = DIRECTION('',(0.707106781187,-1.731912112471E-16,0.707106781187)
  );
#6565 = ORIENTED_EDGE('',*,*,#6403,.T.);
#6566 = ORIENTED_EDGE('',*,*,#6560,.T.);
#6567 = CONICAL_SURFACE('',#6568,1.7,0.785398163397);
#6568 = AXIS2_PLACEMENT_3D('',#6569,#6570,#6571);
#6569 = CARTESIAN_POINT('',(2.96808483617,100.36720599441,1.E-01));
#6570 = DIRECTION('',(0.,0.,1.));
#6571 = DIRECTION('',(1.,0.,-0.));
#6572 = ADVANCED_FACE('',(#6573),#6584,.F.);
#6573 = FACE_BOUND('',#6574,.F.);
#6574 = EDGE_LOOP('',(#6575,#6576,#6582,#6583));
#6575 = ORIENTED_EDGE('',*,*,#6508,.F.);
#6576 = ORIENTED_EDGE('',*,*,#6577,.F.);
#6577 = EDGE_CURVE('',#6421,#6509,#6578,.T.);
#6578 = LINE('',#6579,#6580);
#6579 = CARTESIAN_POINT('',(197.26839725679,100.36720599441,
    9.999999999999E-02));
#6580 = VECTOR('',#6581,1.);
#6581 = DIRECTION('',(0.707106781187,-1.731912112471E-16,0.707106781187)
  );
#6582 = ORIENTED_EDGE('',*,*,#6428,.T.);
#6583 = ORIENTED_EDGE('',*,*,#6577,.T.);
#6584 = CONICAL_SURFACE('',#6585,1.7,0.785398163397);
#6585 = AXIS2_PLACEMENT_3D('',#6586,#6587,#6588);
#6586 = CARTESIAN_POINT('',(195.56839725679,100.36720599441,1.E-01));
#6587 = DIRECTION('',(0.,0.,1.));
#6588 = DIRECTION('',(1.,0.,-0.));
#6589 = ( GEOMETRIC_REPRESENTATION_CONTEXT(3) 
GLOBAL_UNCERTAINTY_ASSIGNED_CONTEXT((#6593)) 
GLOBAL_UNIT_ASSIGNED_CONTEXT((#6590,#6591,#6592)) REPRESENTATION_CONTEXT
('Context #1','3D Context with UNIT and UNCERTAINTY') );
#6590 = ( LENGTH_UNIT() NAMED_UNIT(*) SI_UNIT(.MILLI.,.METRE.) );
#6591 = ( NAMED_UNIT(*) PLANE_ANGLE_UNIT() SI_UNIT($,.RADIAN.) );
#6592 = ( NAMED_UNIT(*) SI_UNIT($,.STERADIAN.) SOLID_ANGLE_UNIT() );
#6593 = UNCERTAINTY_MEASURE_WITH_UNIT(LENGTH_MEASURE(2.E-07),#6590,
  'distance_accuracy_value','confusion accuracy');
#6594 = PRODUCT_RELATED_PRODUCT_CATEGORY('part',$,(#7));
ENDSEC;
END-ISO-10303-21;
